unit_id,year,ticker,comnam,rtype,ptype,psub,reit_obs_months,reit_avg_usdret,reit_avg_usdprc,reit_avg_market_equity,reit_avg_assets,reit_avg_sales,reit_avg_net_income,reit_avg_book_equity,reit_avg_debt_at,reit_avg_cash_at,reit_avg_ocf_at,reit_avg_roe,reit_avg_btm,reit_avg_beta,fred_obs_weeks,fred_avg_mortgage15us,fred_min_mortgage15us,fred_max_mortgage15us,fred_std_mortgage15us
10952,2003,UNII,UNI INVEST U S LTD,2.0,9.0,17.0,3,-0.135900,11.903333,171.777007,182.496000,19.245000,-0.447000,2.917000,0.768965,0.021562,0.007534,-0.144222,0.016998,-0.256547,53,5.170943,4.600000,5.770000,0.273188
10952,2004,UNII,UNI INVEST U S LTD,2.0,9.0,17.0,12,0.019933,13.050833,207.849136,335.812750,30.083000,-14.910250,112.971000,0.576852,0.024934,-0.002780,-0.142493,0.539001,-0.239846,52,5.206154,4.690000,5.720000,0.269023
10952,2005,UNII,UNI INVEST U S LTD,2.0,9.0,17.0,12,0.004658,14.235000,314.603957,541.575500,53.290250,1.200750,176.843250,0.452059,0.023313,0.028668,-0.040066,0.566458,-0.493774,52,5.417885,5.100000,5.900000,0.239970
10952,2006,UNII,UNI INVEST U S LTD,2.0,9.0,17.0,12,0.016850,15.618333,510.043210,987.178000,86.340250,12.827000,313.819750,0.504948,0.020839,0.031223,0.038912,0.624566,-0.502520,52,6.066346,5.670000,6.440000,0.195629
10952,2007,UNII,UNI INVEST U S LTD,2.0,9.0,17.0,12,-0.028842,14.122500,620.320087,1278.746250,129.034250,16.264500,454.590250,0.492048,0.022175,0.032321,0.036492,0.754383,0.203412,52,6.025192,5.650000,6.430000,0.193528
10952,2008,UNII,UNI INVEST U S LTD,2.0,9.0,17.0,12,0.005767,10.937500,485.996213,1595.414500,158.088500,20.707750,465.932000,0.550419,0.020820,0.033222,0.040362,1.043013,0.482287,53,5.617170,4.830000,6.190000,0.346135
10952,2009,UNII,UNI INVEST U S LTD,2.0,9.0,17.0,12,0.072225,5.248333,243.284480,1760.257500,173.142000,17.635250,439.682500,0.593132,0.014977,0.032067,0.044126,2.108119,1.649630,52,4.573846,4.270000,5.060000,0.176459
10952,2010,UNII,UNI INVEST U S LTD,2.0,9.0,17.0,12,0.001200,6.565833,414.067308,1739.994750,165.802250,-11.363250,480.321500,0.547212,0.015895,0.028186,-0.004295,1.174050,1.869175,52,4.095577,3.570000,4.520000,0.275385
10952,2011,UNII,UNI INVEST U S LTD,2.0,9.0,17.0,12,-0.015800,4.796667,322.259648,1635.913250,139.620000,-12.945000,465.277000,0.507950,0.017089,0.024520,-0.066715,1.503610,1.875447,52,3.684231,3.210000,4.290000,0.348027
10952,2012,UNII,UNI INVEST U S LTD,2.0,9.0,17.0,12,0.022108,5.154167,360.299195,1505.198000,137.324500,-22.214750,335.261000,0.499400,0.016787,0.030319,-0.216674,0.935402,1.865884,52,2.934423,2.630000,3.300000,0.206059
10952,2013,UNII,UNI INVEST U S LTD,2.0,9.0,17.0,12,0.020058,5.672500,409.755846,1383.439750,138.128750,21.683500,324.660500,0.546537,0.013746,0.036317,-0.079192,0.798049,1.987756,52,3.100769,2.560000,3.600000,0.354538
10952,2014,UNII,UNI INVEST U S LTD,2.0,9.0,17.0,12,0.017600,6.402500,504.886120,1350.650500,141.124500,11.462500,355.959250,0.549460,0.011797,0.035733,0.060373,0.705985,1.635777,53,3.286038,3.080000,3.560000,0.110058
10952,2015,UNII,UNI INVEST U S LTD,2.0,9.0,17.0,12,0.001150,6.969167,591.974278,1300.952000,148.191750,17.688000,391.885250,0.512190,0.009999,0.040211,0.062481,0.665863,1.253590,52,3.087500,2.920000,3.250000,0.101109
10952,2016,UNII,UNI INVEST U S LTD,2.0,9.0,17.0,12,-0.003008,7.068333,594.693842,1313.776750,149.031250,20.239250,395.337000,0.512626,0.005585,0.044673,0.063737,0.666441,1.000300,52,2.930769,2.720000,3.550000,0.213200
10952,2017,UNII,UNI INVEST U S LTD,2.0,9.0,17.0,12,-0.000025,5.454167,482.447193,1263.962500,149.944250,12.628750,385.938250,0.503687,0.004403,0.046786,0.036136,0.806546,0.620697,52,3.272500,3.080000,3.500000,0.105865
10952,2018,UNII,UNI INVEST U S LTD,2.0,9.0,17.0,12,-0.043892,4.200833,382.232138,1244.844250,147.826000,7.868250,412.080250,0.496187,0.005135,0.046356,0.036088,1.097586,0.796383,52,4.000192,3.380000,4.360000,0.207860
10952,2019,UNII,UNI INVEST U S LTD,2.0,9.0,17.0,12,0.007950,3.002500,267.978891,1224.790500,150.306250,12.795750,388.525250,0.516627,0.001725,0.046110,0.024684,1.467744,0.919303,52,3.391731,3.000000,3.990000,0.299344
10952,2020,UNII,UNI INVEST U S LTD,2.0,9.0,17.0,5,0.114960,4.862000,160.238047,1231.878200,144.029400,0.268400,343.208800,0.546323,0.022868,0.042557,0.007120,2.434936,1.306042,53,2.604906,2.170000,3.160000,0.277853
10952,2021,UNII,UNI INVEST U S LTD,2.0,9.0,17.0,12,0.085558,17.592500,239.984481,1168.060250,115.911500,6.269500,336.120500,0.528706,0.003063,0.035910,-0.000653,1.463944,1.697584,52,2.271923,2.100000,2.450000,0.093934
10952,2022,UNII,UNI INVEST U S LTD,2.0,9.0,17.0,7,0.023871,26.880000,366.762644,1026.155143,102.906857,-42.394571,284.716714,0.524222,0.003753,0.045260,-0.048741,0.781949,1.571258,52,4.583846,2.430000,6.380000,1.112739
12072,2000,PKY,PARKWAY PROPERTIES INC,2.0,4.0,13.0,12,0.009475,29.770833,295.094783,647.542500,115.681000,28.399750,255.625250,0.467438,0.006794,0.069287,0.103934,0.868163,0.530346,52,7.718269,6.790000,8.310000,0.313048
12072,2001,PKY,PARKWAY PROPERTIES INC,2.0,4.0,13.0,12,0.017308,31.328333,294.611382,679.549500,122.671500,33.545250,251.947000,0.477849,0.001694,0.062455,0.121493,0.858454,0.348483,52,6.502308,5.940000,6.780000,0.221436
12072,2002,PKY,PARKWAY PROPERTIES INC,2.0,4.0,13.0,12,0.011692,35.307500,328.146973,811.530500,144.027250,28.302250,236.140250,0.496751,0.002477,0.065946,0.122118,0.721240,0.275859,52,5.982692,5.320000,6.690000,0.437498
12072,2003,PKY,PARKWAY PROPERTIES INC,2.0,4.0,13.0,12,0.020175,40.794167,414.545875,751.922500,154.444500,31.043500,248.129500,0.441136,0.003398,0.082876,0.120284,0.605379,0.248889,53,5.170943,4.600000,5.770000,0.273188
12072,2004,PKY,PARKWAY PROPERTIES INC,2.0,4.0,13.0,12,0.024067,46.206667,512.909360,834.583500,148.951250,39.712000,285.665250,0.457683,0.002070,0.066396,0.141521,0.560909,0.222977,52,5.206154,4.690000,5.720000,0.269023
12072,2005,PKY,PARKWAY PROPERTIES INC,2.0,4.0,13.0,12,-0.013050,46.820833,659.800636,1054.192000,169.707000,26.811750,355.221750,0.520877,0.001492,0.060858,0.116045,0.541628,0.269886,52,5.417885,5.100000,5.900000,0.239970
12072,2006,PKY,PARKWAY PROPERTIES INC,2.0,4.0,13.0,12,0.026850,45.641667,654.740027,1193.394750,194.442000,18.519250,388.177000,0.542095,0.007157,0.055585,0.068566,0.599435,0.408686,52,6.066346,5.670000,6.440000,0.195629
12072,2007,PKY,PARKWAY PROPERTIES INC,2.0,4.0,13.0,12,-0.019192,47.026667,740.732553,1482.472750,220.902750,19.211500,421.765000,0.584775,0.004389,0.034938,0.056972,0.580679,0.522531,52,6.025192,5.650000,6.430000,0.193528
12072,2008,PKY,PARKWAY PROPERTIES INC,2.0,4.0,13.0,12,-0.026725,31.506667,481.627258,1643.744250,242.782750,11.290000,377.623500,0.616894,0.007853,0.044717,0.054828,0.880930,0.811537,53,5.617170,4.830000,6.190000,0.346135
12072,2009,PKY,PARKWAY PROPERTIES INC,2.0,4.0,13.0,12,0.032558,15.489167,315.491512,1671.335000,268.577500,-8.949500,369.995750,0.613947,0.011149,0.040295,0.037016,1.292967,1.335776,52,4.573846,4.270000,5.060000,0.176459
12072,2010,PKY,PARKWAY PROPERTIES INC,2.0,4.0,13.0,12,-0.006192,16.869167,366.337282,1608.023500,267.934500,-9.776750,401.467250,0.589942,0.014656,0.041204,-0.005989,1.107746,1.405852,52,4.095577,3.570000,4.520000,0.275385
12072,2011,PKY,PARKWAY PROPERTIES INC,2.0,4.0,13.0,12,-0.037850,14.875000,327.133653,1784.812500,231.820000,-17.496250,379.722750,0.557231,0.021707,0.032984,-0.016183,1.211755,1.468594,52,3.684231,3.210000,4.290000,0.348027
12072,2012,PKY,PARKWAY PROPERTIES INC,2.0,4.0,13.0,12,0.033733,11.610000,387.821818,1640.729500,182.565750,-21.736500,278.866250,0.429716,0.026558,0.029569,-0.307898,0.872623,1.456177,52,2.934423,2.630000,3.300000,0.206059
12072,2013,PKY,PARKWAY PROPERTIES INC,2.0,4.0,13.0,12,0.031958,17.565000,1196.570992,1907.471750,226.639750,-42.323500,620.038750,0.453464,0.031823,0.033844,-0.258564,0.521004,1.509011,52,3.100769,2.560000,3.600000,0.354538
12072,2014,PKY,PARKWAY PROPERTIES INC,2.0,4.0,13.0,12,0.000542,19.340000,1987.279075,2799.966750,316.824250,-38.163250,1028.087750,0.480006,0.029264,0.023659,-0.040324,0.513407,1.420511,53,3.286038,3.080000,3.560000,0.110058
12072,2015,PKY,PARKWAY PROPERTIES INC,2.0,4.0,13.0,12,-0.008242,16.911667,1884.761550,3589.150500,457.518250,28.182750,1376.576000,0.484482,0.027120,0.015569,0.009932,0.732487,1.277572,52,3.087500,2.920000,3.250000,0.101109
12072,2016,PKY,PARKWAY PROPERTIES INC,2.0,4.0,13.0,9,0.016722,16.170000,1806.567656,3613.184333,478.511667,96.610000,1404.557000,0.489869,0.037451,0.021993,0.038679,0.785489,1.326803,52,2.930769,2.720000,3.550000,0.213200
12093,2010,COR,CORESITE REALTY CORP,2.0,1.0,1.0,4,-0.052267,14.492500,274.356323,266.777000,36.378000,-3.266000,181.922000,0.261017,0.028709,0.005998,,0.672104,,52,4.095577,3.570000,4.520000,0.275385
12093,2011,COR,CORESITE REALTY CORP,2.0,1.0,1.0,12,0.028125,16.179167,320.562580,827.629000,89.663750,-6.056750,229.968500,0.146430,0.100871,0.025783,-0.021125,0.721311,,52,3.684231,3.210000,4.290000,0.348027
12093,2012,COR,CORESITE REALTY CORP,2.0,1.0,1.0,12,0.043125,24.695833,517.300382,811.209250,176.718750,-2.813000,228.878250,0.157372,0.019620,0.073093,-0.020356,0.447245,0.957172,52,2.934423,2.630000,3.300000,0.206059
12093,2013,COR,CORESITE REALTY CORP,2.0,1.0,1.0,12,0.018375,32.692500,697.613711,867.795500,210.302000,7.154250,223.650500,0.131931,0.009902,0.084008,0.004939,0.321620,0.977816,52,3.100769,2.560000,3.600000,0.354538
12093,2014,COR,CORESITE REALTY CORP,2.0,1.0,1.0,12,0.021042,33.561667,724.344797,1018.830500,239.638500,18.869000,216.242250,0.228511,0.006621,0.099699,0.059975,0.301165,0.995924,53,3.286038,3.080000,3.560000,0.110058
12093,2015,COR,CORESITE REALTY CORP,2.0,1.0,1.0,12,0.036017,50.101667,1296.387137,1080.548750,279.041750,23.714000,220.567750,0.302879,0.009151,0.093897,0.100080,0.174039,0.933029,52,3.087500,2.920000,3.250000,0.101109
12093,2016,COR,CORESITE REALTY CORP,2.0,1.0,1.0,12,0.034150,74.692500,2419.133667,1198.035750,341.291250,38.507250,295.813500,0.354689,0.004687,0.118025,0.112927,0.122902,0.687319,52,2.930769,2.720000,3.550000,0.213200
12093,2017,COR,CORESITE REALTY CORP,2.0,1.0,1.0,12,0.034425,104.190000,3558.601500,1437.348000,412.159000,60.738250,317.619000,0.480934,0.006090,0.126652,0.154803,0.090489,0.306625,52,3.272500,3.080000,3.500000,0.105865
12093,2018,COR,CORESITE REALTY CORP,2.0,1.0,1.0,12,-0.015775,103.480833,3612.142300,1610.031750,489.950750,75.251000,275.676000,0.622858,0.002506,0.132514,0.231653,0.076677,0.260259,52,4.000192,3.380000,4.360000,0.207860
12093,2019,COR,CORESITE REALTY CORP,2.0,1.0,1.0,12,0.026492,111.267500,4114.922983,1901.548250,547.344750,77.957500,231.948250,0.725897,0.001731,0.133227,0.298386,0.056850,0.483295,52,3.391731,3.000000,3.990000,0.299344
12093,2020,COR,CORESITE REALTY CORP,2.0,1.0,1.0,12,0.014517,120.380000,4851.780925,2115.222500,577.147500,75.326750,143.311250,0.803483,0.001632,0.122142,0.413569,0.030346,0.172023,53,2.604906,2.170000,3.160000,0.277853
12093,2021,COR,CORESITE REALTY CORP,2.0,1.0,1.0,11,0.034282,135.633636,5891.583118,2171.621636,611.174273,81.842091,57.193364,0.877129,0.001775,0.125934,0.898342,0.010214,0.147705,52,2.271923,2.100000,2.450000,0.093934
12323,2010,CCG,CAMPUS CREST COMMUNITIES INC,2.0,8.0,2.0,3,0.065350,13.043333,390.803890,328.373000,103.396000,-8.068000,,1.056917,0.020781,0.013120,,,,52,4.095577,3.570000,4.520000,0.275385
12323,2011,CCG,CAMPUS CREST COMMUNITIES INC,2.0,8.0,2.0,12,-0.019650,11.930000,366.134958,379.710750,84.701000,-12.569500,237.641000,0.499577,0.021961,-0.005022,-0.060717,0.675285,,52,3.684231,3.210000,4.290000,0.348027
12323,2012,CCG,CAMPUS CREST COMMUNITIES INC,2.0,8.0,2.0,12,0.022642,11.092500,390.705875,544.559750,98.110500,0.785250,250.277000,0.447654,0.027506,0.038770,-0.015718,0.643570,0.692299,52,2.934423,2.630000,3.300000,0.206059
12323,2013,CCG,CAMPUS CREST COMMUNITIES INC,2.0,8.0,2.0,12,-0.015467,11.539167,687.651497,880.487750,129.997750,13.231500,470.723000,0.379832,0.071862,0.033644,0.025265,0.713326,0.650706,52,3.100769,2.560000,3.600000,0.354538
12323,2014,CCG,CAMPUS CREST COMMUNITIES INC,2.0,8.0,2.0,12,-0.010267,7.990000,516.694583,1222.741750,103.823000,2.232500,624.598250,0.391428,0.031800,0.017995,0.014555,1.232089,0.634482,53,3.286038,3.080000,3.560000,0.110058
12323,2015,CCG,CAMPUS CREST COMMUNITIES INC,2.0,8.0,2.0,12,-0.001175,6.307500,408.792903,1388.118500,111.967250,-143.433500,451.668250,0.551857,0.021530,0.036843,-0.199593,1.113281,0.777965,52,3.087500,2.920000,3.250000,0.101109
12323,2016,CCG,CAMPUS CREST COMMUNITIES INC,2.0,8.0,2.0,2,0.013850,6.955000,450.384935,1583.580000,151.443000,-40.805000,465.075000,0.613759,0.017429,0.031540,-0.343869,1.032643,0.683247,52,2.930769,2.720000,3.550000,0.213200
12513,2011,AAT,AMERICAN ASSETS TRUST INC,2.0,2.0,4.0,12,0.001800,21.045833,811.144095,1399.079250,160.550750,1.954250,381.064000,0.669194,0.060421,0.011813,,0.478029,,52,3.684231,3.210000,4.290000,0.348027
12513,2012,AAT,AMERICAN ASSETS TRUST INC,2.0,2.0,4.0,12,0.029708,24.932500,981.103867,1717.490250,211.018500,1.285250,623.593000,0.555592,0.084820,0.039091,0.004660,0.641762,0.892707,52,2.934423,2.630000,3.300000,0.206059
12513,2013,AAT,AMERICAN ASSETS TRUST INC,2.0,2.0,4.0,12,0.013658,31.365833,1256.652908,1837.438250,239.052500,10.075500,634.734250,0.576618,0.030000,0.042782,0.034352,0.505827,0.856782,52,3.100769,2.560000,3.600000,0.354538
12513,2014,AAT,AMERICAN ASSETS TRUST INC,2.0,2.0,4.0,12,0.023200,35.236667,1483.934783,1861.167500,255.541000,16.200000,673.009000,0.563516,0.042042,0.051073,0.037323,0.455772,0.801699,53,3.286038,3.080000,3.560000,0.110058
12513,2015,AAT,AMERICAN ASSETS TRUST INC,2.0,2.0,4.0,12,0.000842,40.696667,1805.548425,1955.221000,261.858750,24.484750,748.158250,0.544318,0.036962,0.054752,0.027679,0.414999,0.644425,52,3.087500,2.920000,3.250000,0.101109
12513,2016,AAT,AMERICAN ASSETS TRUST INC,2.0,2.0,4.0,12,0.013083,41.077500,1866.684775,1981.058250,278.063750,37.931000,794.823250,0.534867,0.028200,0.057301,0.040758,0.427614,0.558378,52,2.930769,2.720000,3.550000,0.213200
12513,2017,AAT,AMERICAN ASSETS TRUST INC,2.0,2.0,4.0,12,-0.007150,40.619167,1903.879625,2065.669500,296.854000,31.970750,819.219250,0.545471,0.044268,0.063510,0.043771,0.431148,0.425715,52,3.272500,3.080000,3.500000,0.105865
12513,2018,AAT,AMERICAN ASSETS TRUST INC,2.0,2.0,4.0,12,0.008325,36.997500,1746.495275,2233.772000,319.616250,25.205250,826.892750,0.582424,0.035944,0.064680,0.037382,0.476779,0.402260,52,4.000192,3.380000,4.360000,0.207860
12513,2019,AAT,AMERICAN ASSETS TRUST INC,2.0,2.0,4.0,12,0.013775,46.110833,2527.128833,2332.708000,332.960000,27.375500,933.197000,0.558634,0.026302,0.057366,0.029179,0.370091,0.353673,52,3.391731,3.000000,3.990000,0.299344
12513,2020,AAT,AMERICAN ASSETS TRUST INC,2.0,2.0,4.0,12,-0.019600,29.123333,1750.403733,2795.439500,368.601750,44.725250,1309.368250,0.491153,0.039444,0.054448,0.030843,0.780836,0.844005,53,2.604906,2.170000,3.160000,0.277853
12513,2021,AAT,AMERICAN ASSETS TRUST INC,2.0,2.0,4.0,12,0.026792,35.330833,2136.547558,2939.075000,345.437750,25.473750,1265.893500,0.528975,0.087802,0.044874,0.027485,0.598687,1.109150,52,2.271923,2.100000,2.450000,0.093934
12513,2022,AAT,AMERICAN ASSETS TRUST INC,2.0,2.0,4.0,12,-0.023158,31.483333,1905.365233,3021.830250,382.834000,32.681250,1238.779750,0.554900,0.036944,0.054494,0.022816,0.661727,1.069427,52,4.583846,2.430000,6.380000,1.112739
12513,2023,AAT,AMERICAN ASSETS TRUST INC,2.0,2.0,4.0,12,-0.000833,21.040833,1277.175725,3007.285500,426.637750,46.954500,1221.751750,0.563035,0.023677,0.061652,0.030823,0.974231,1.105733,52,6.111731,5.140000,7.030000,0.497037
12566,2011,INN,SUMMIT HOTEL PROPERTIES INC,2.0,5.0,9.0,11,0.007810,9.652727,263.307089,511.481273,135.979455,-21.035455,161.144273,0.616313,0.034173,0.019593,,0.663994,,52,3.684231,3.210000,4.290000,0.348027
12566,2012,INN,SUMMIT HOTEL PROPERTIES INC,2.0,5.0,9.0,12,0.007525,8.561667,288.460752,583.186500,145.878000,-9.556750,261.089750,0.446777,0.024906,0.040526,-0.032874,0.947280,1.111793,52,2.934423,2.630000,3.300000,0.206059
12566,2013,INN,SUMMIT HOTEL PROPERTIES INC,2.0,5.0,9.0,12,0.000433,9.557500,679.290919,939.356250,187.737500,-1.429750,506.370500,0.401309,0.033742,0.043207,-0.015134,0.736407,1.008201,52,3.100769,2.560000,3.600000,0.354538
12566,2014,INN,SUMMIT HOTEL PROPERTIES INC,2.0,5.0,9.0,12,0.032225,10.400833,891.189820,1357.873250,312.383250,7.878500,803.583750,0.363089,0.064652,0.054735,0.003208,0.912850,0.970121,53,3.286038,3.080000,3.560000,0.110058
12566,2015,INN,SUMMIT HOTEL PROPERTIES INC,2.0,5.0,9.0,12,0.001858,12.945833,1119.016333,1483.103250,411.787250,23.884750,780.378500,0.437972,0.046506,0.070133,0.018643,0.699171,0.934091,52,3.087500,2.920000,3.250000,0.101109
12566,2016,INN,SUMMIT HOTEL PROPERTIES INC,2.0,5.0,9.0,12,0.032158,12.845833,1119.863051,1618.816750,468.378750,124.916500,871.447250,0.427591,0.043746,0.082541,0.096291,0.784895,0.949966,52,2.930769,2.720000,3.550000,0.213200
12566,2017,INN,SUMMIT HOTEL PROPERTIES INC,2.0,5.0,9.0,12,0.001408,16.265833,1631.480208,1792.848250,474.383250,121.578250,1053.452750,0.379587,0.038797,0.079656,0.123077,0.651959,0.979571,52,3.272500,3.080000,3.500000,0.105865
12566,2018,INN,SUMMIT HOTEL PROPERTIES INC,2.0,5.0,9.0,12,-0.029567,13.346667,1396.287088,2172.974500,527.024750,88.567500,1212.960750,0.409643,0.035030,0.069347,0.089891,0.882419,1.233969,52,4.000192,3.380000,4.360000,0.207860
12566,2019,INN,SUMMIT HOTEL PROPERTIES INC,2.0,5.0,9.0,12,0.026142,11.589167,1217.516417,2209.522750,564.376500,96.364000,1193.589750,0.424760,0.035224,0.071287,0.077017,0.981582,1.261024,52,3.391731,3.000000,3.990000,0.299344
12566,2020,INN,SUMMIT HOTEL PROPERTIES INC,2.0,5.0,9.0,12,0.017850,6.837500,721.223537,2327.259000,504.642250,42.795500,1134.516500,0.453044,0.047772,0.051922,0.072900,1.704011,1.784778,53,2.604906,2.170000,3.160000,0.277853
12566,2021,INN,SUMMIT HOTEL PROPERTIES INC,2.0,5.0,9.0,12,0.011042,9.532500,1011.547122,2240.195750,245.975500,-130.355250,973.736750,0.499015,0.024666,-0.010515,-0.055247,0.966861,2.101569,52,2.271923,2.100000,2.450000,0.093934
12566,2022,INN,SUMMIT HOTEL PROPERTIES INC,2.0,5.0,9.0,12,-0.017000,8.499167,906.818304,2686.124500,413.813750,-54.013750,954.456250,0.484092,0.041793,0.029259,-0.100761,1.069680,1.987070,52,4.583846,2.430000,6.380000,1.112739
12566,2023,INN,SUMMIT HOTEL PROPERTIES INC,2.0,5.0,9.0,12,0.000417,6.590833,707.189287,3040.023750,683.457500,2.004250,957.576750,0.488663,0.024261,0.054210,-0.027931,1.368340,1.915714,52,6.111731,5.140000,7.030000,0.497037
12668,2011,APTS,PREFERRED APARTMENT CMNTYS INC,2.0,8.0,2.0,9,-0.046263,7.508889,38.694267,33.797667,0.000000,-0.766000,39.861000,0.957986,0.030430,-1.131325,,1.238036,,52,3.684231,3.210000,4.290000,0.348027
12668,2012,APTS,PREFERRED APARTMENT CMNTYS INC,2.0,8.0,2.0,12,0.030558,7.683917,39.787527,95.037500,8.054500,-7.477000,37.190000,0.585968,0.053549,-0.269323,-0.245393,0.939955,1.425742,52,2.934423,2.630000,3.300000,0.206059
12668,2013,APTS,PREFERRED APARTMENT CMNTYS INC,2.0,8.0,2.0,12,0.010017,8.560917,69.930094,180.579250,13.749250,-2.603250,62.488000,0.559210,0.031327,0.026555,-0.103960,0.886895,1.329944,52,3.100769,2.560000,3.600000,0.354538
12668,2014,APTS,PREFERRED APARTMENT CMNTYS INC,2.0,8.0,2.0,12,0.017167,8.517917,142.939008,339.846000,32.792500,0.145250,141.462750,0.498522,0.031474,0.032458,-0.015344,0.979027,1.160612,53,3.286038,3.080000,3.560000,0.110058
12668,2015,APTS,PREFERRED APARTMENT CMNTYS INC,2.0,8.0,2.0,12,0.039350,10.984167,239.997183,770.668750,62.012250,0.213500,264.895250,0.558058,0.017338,0.022215,-0.005868,1.099076,0.960719,52,3.087500,2.920000,3.250000,0.101109
12668,2016,APTS,PREFERRED APARTMENT CMNTYS INC,2.0,8.0,2.0,12,0.017900,13.464167,317.381250,1423.553250,121.475750,-3.594750,442.925750,0.567492,0.014515,0.028138,0.000334,1.386272,0.643103,52,2.930769,2.720000,3.550000,0.213200
12668,2017,APTS,PREFERRED APARTMENT CMNTYS INC,2.0,8.0,2.0,12,0.032075,16.778333,530.757793,2432.083000,212.522000,8.262500,927.180500,0.579862,0.024442,0.026814,-0.008205,1.843698,0.183395,52,3.272500,3.080000,3.500000,0.105865
12668,2018,APTS,PREFERRED APARTMENT CMNTYS INC,2.0,8.0,2.0,12,-0.020150,15.779167,625.897843,3370.622250,306.618750,18.201000,998.573000,0.548417,0.021173,0.028129,0.008161,1.588143,0.165531,52,4.000192,3.380000,4.360000,0.207860
12668,2019,APTS,PREFERRED APARTMENT CMNTYS INC,2.0,8.0,2.0,12,0.003092,14.671667,640.995739,4585.843000,406.048000,28.344000,1650.457500,0.511560,0.023983,0.030617,0.024807,2.580434,0.405594,52,3.391731,3.000000,3.990000,0.299344
12668,2020,APTS,PREFERRED APARTMENT CMNTYS INC,2.0,8.0,2.0,12,-0.026083,7.528333,362.219382,4921.222250,477.750500,-90.725500,1820.781750,0.555103,0.028702,0.020293,0.009074,5.180259,0.701353,53,2.604906,2.170000,3.160000,0.277853
12668,2021,APTS,PREFERRED APARTMENT CMNTYS INC,2.0,8.0,2.0,12,0.088517,11.177500,576.971551,4379.327000,493.371000,-91.376000,1462.593500,0.613481,0.019378,0.025289,-0.073598,2.745792,0.999822,52,2.271923,2.100000,2.450000,0.093934
12668,2022,APTS,PREFERRED APARTMENT CMNTYS INC,2.0,8.0,2.0,5,0.086460,23.340000,1364.128960,3620.768200,459.514200,24.172000,1047.286200,0.654069,0.024863,0.050406,-0.123490,0.807632,0.922497,52,4.583846,2.430000,6.380000,1.112739
12681,2011,STAG,STAG INDUSTRIAL INC,2.0,4.0,8.0,9,-0.002562,11.511111,191.070951,317.172667,28.999000,-3.220667,174.162000,0.818875,0.024903,0.044236,,1.006226,,52,3.684231,3.210000,4.290000,0.348027
12681,2012,STIR,STAG INDUSTRIAL INC,2.0,4.0,8.0,12,0.045300,15.060833,396.819487,643.117000,55.229750,-5.442250,183.935750,0.482863,0.033037,0.037322,-0.037478,0.537816,0.689267,52,2.934423,2.630000,3.300000,0.206059
12681,2013,STIR,STAG INDUSTRIAL INC,2.0,4.0,8.0,12,0.016725,20.835000,884.308361,1001.771000,91.268000,-3.983250,402.443250,0.403917,0.022180,0.049137,-0.026155,0.455978,0.701484,52,3.100769,2.560000,3.600000,0.354538
12681,2014,STIR,STAG INDUSTRIAL INC,2.0,4.0,8.0,12,0.022458,23.340000,1259.702358,1286.631500,138.607500,0.014500,507.168000,0.419326,0.018079,0.064056,-0.000587,0.407490,0.720870,53,3.286038,3.080000,3.560000,0.110058
12681,2015,STIR,STAG INDUSTRIAL INC,2.0,4.0,8.0,12,-0.015375,20.998333,1391.018033,1643.099500,179.087750,-4.671500,700.772000,0.437927,0.012295,0.061516,0.001720,0.512146,0.738006,52,3.087500,2.920000,3.250000,0.101109
12681,2016,STIR,STAG INDUSTRIAL INC,2.0,4.0,8.0,12,0.029317,22.103333,1555.662758,1882.737500,223.222000,-19.818000,666.859500,0.494249,0.011669,0.065544,-0.027495,0.442230,0.883823,52,2.930769,2.720000,3.550000,0.213200
12681,2017,STIR,STAG INDUSTRIAL INC,2.0,4.0,8.0,12,0.016642,26.717500,2359.839667,2248.147000,255.634250,18.664750,896.009000,0.473943,0.008526,0.062287,0.004842,0.378602,1.009311,52,3.272500,3.080000,3.500000,0.105865
12681,2018,STIR,STAG INDUSTRIAL INC,2.0,4.0,8.0,12,-0.001650,26.022500,2640.052192,2702.299500,307.638250,52.329750,1232.787000,0.433831,0.007262,0.062625,0.031326,0.469636,1.001310,52,4.000192,3.380000,4.360000,0.207860
12681,2019,STIR,STAG INDUSTRIAL INC,2.0,4.0,8.0,12,0.024892,29.581667,3711.388850,3198.359500,357.013750,74.959500,1611.427500,0.421177,0.004400,0.062780,0.045955,0.434981,0.852698,52,3.391731,3.000000,3.990000,0.299344
12681,2020,STIR,STAG INDUSTRIAL INC,2.0,4.0,8.0,12,0.008308,29.401667,4379.404400,4181.668750,418.286750,85.744750,2233.747500,0.396026,0.026836,0.058939,0.038050,0.513451,0.886546,53,2.604906,2.170000,3.160000,0.277853
12681,2021,STIR,STAG INDUSTRIAL INC,2.0,4.0,8.0,12,0.041150,38.541667,6276.078975,4624.342250,492.038250,166.647000,2566.769000,0.385084,0.007607,0.063928,0.053852,0.418299,0.648245,52,2.271923,2.100000,2.450000,0.093934
12681,2022,STIR,STAG INDUSTRIAL INC,2.0,4.0,8.0,12,-0.026092,34.446667,6150.724142,5784.859000,576.240750,208.681500,3267.535500,0.391283,0.005444,0.059586,0.065605,0.541595,0.709079,52,4.583846,2.430000,6.380000,1.112739
12681,2023,STIR,STAG INDUSTRIAL INC,2.0,4.0,8.0,12,0.021192,35.273333,6348.850633,6150.726750,661.484750,195.578250,3381.531000,0.406364,0.003004,0.062835,0.054815,0.533865,0.737963,52,6.111731,5.140000,7.030000,0.497037
13003,2011,ARCP,AMERICAN REALTY CAPITAL PROP INC,2.0,2.0,5.0,4,-0.028900,10.672500,69.498506,,,,,,,,,,,52,3.684231,3.210000,4.290000,0.348027
13003,2012,VER,VEREIT INC,2.0,2.0,5.0,12,0.027533,11.643333,111.822402,156.379667,11.145000,-7.191667,63.027000,0.553496,0.013343,0.010241,-0.048014,0.527863,,52,2.934423,2.630000,3.300000,0.206059
13003,2013,VER,VEREIT INC,2.0,2.0,5.0,12,0.005275,13.961333,2142.718994,1371.883750,76.606500,-112.632750,658.927000,0.517592,0.014356,0.011155,-0.071816,0.336339,-0.183749,52,3.100769,2.560000,3.600000,0.354538
13003,2014,VER,VEREIT INC,2.0,2.0,5.0,12,-0.017017,12.185833,9821.735833,12631.971500,501.657250,-494.450500,5479.741500,0.530066,0.020655,0.000346,-0.212453,0.589266,-0.077759,53,3.286038,3.080000,3.560000,0.110058
13003,2015,VER,VEREIT INC,2.0,2.0,5.0,12,-0.006658,8.673750,7850.907642,20738.530750,1582.188500,-821.148250,8975.430500,0.505465,0.022232,0.031218,-0.187593,1.147882,0.094491,52,3.087500,2.920000,3.250000,0.101109
13003,2016,VER,VEREIT INC,2.0,2.0,5.0,12,0.013008,9.270000,8636.617208,17590.719250,1558.962500,-371.302250,8168.860500,0.473118,0.023065,0.047998,-0.066132,0.961811,0.357419,52,2.930769,2.720000,3.550000,0.213200
13003,2017,VER,VEREIT INC,2.0,2.0,5.0,12,-0.000892,8.282500,8069.143758,15512.492250,1432.697250,-145.053750,8148.488000,0.407609,0.019098,0.051999,-0.028991,1.010704,0.522763,52,3.272500,3.080000,3.500000,0.105865
13003,2018,VER,VEREIT INC,2.0,2.0,5.0,12,0.000192,7.270833,7075.128350,14538.926750,1271.944500,5.112750,7520.153500,0.413457,0.004553,0.051740,-0.007307,1.064229,0.529293,52,4.000192,3.380000,4.360000,0.207860
13003,2019,VER,VEREIT INC,2.0,2.0,5.0,12,0.027775,9.005000,9053.882092,13963.970250,1270.795750,13.350750,6918.985750,0.432764,0.006837,0.040190,-0.005310,0.772418,0.505249,52,3.391731,3.000000,3.990000,0.299344
13003,2020,VER,VEREIT INC,2.0,2.0,5.0,12,0.002483,9.292500,7308.636150,13707.455500,1237.283250,-359.966500,6601.983250,0.447268,0.035678,0.002874,-0.030626,0.931026,0.890801,53,2.604906,2.170000,3.160000,0.277853
13003,2021,VER,VEREIT INC,2.0,2.0,5.0,10,0.036420,44.922000,10254.669030,13093.908700,1176.737600,251.489300,6528.459500,0.457628,0.027078,0.035521,-0.007191,0.646587,0.944551,52,2.271923,2.100000,2.450000,0.093934
13134,2012,RSE,ROUSE PROPERTIES INC,2.0,9.0,15.0,12,0.032227,14.115000,663.286268,1713.954750,232.310750,-44.326750,502.855250,0.655967,0.066614,0.045602,,0.766478,,52,2.934423,2.630000,3.300000,0.206059
13134,2013,RSE,ROUSE PROPERTIES INC,2.0,9.0,15.0,12,0.028600,19.826667,983.030951,1804.326500,230.608500,-52.186750,518.886000,0.665407,0.036185,0.024045,-0.128868,0.534592,1.388435,52,3.100769,2.560000,3.600000,0.354538
13134,2014,RSE,ROUSE PROPERTIES INC,2.0,9.0,15.0,12,-0.008250,17.436667,1003.531790,1999.302000,249.822500,-40.937500,526.112250,0.685952,0.030764,0.030916,-0.123855,0.524595,1.512429,53,3.286038,3.080000,3.560000,0.110058
13134,2015,RSE,ROUSE PROPERTIES INC,2.0,9.0,15.0,12,-0.013400,16.907500,978.611537,2260.216500,293.280250,-28.493000,537.599750,0.699099,0.026538,0.037443,-0.108568,0.552569,1.168926,52,3.087500,2.920000,3.250000,0.101109
13134,2016,RSE,ROUSE PROPERTIES INC,2.0,9.0,15.0,6,0.042883,18.181667,1053.089733,2419.431500,303.835000,35.767000,526.132500,0.691837,0.018036,0.032913,-0.070132,0.499793,0.667492,52,2.930769,2.720000,3.550000,0.213200
13320,2012,ARCT,AMERICAN REALTY CAPITAL TR INC,2.0,2.0,5.0,10,0.018989,11.186000,1794.461940,2094.636200,146.359000,-35.371500,1220.933300,0.356790,0.022646,0.034525,,0.682578,,52,2.934423,2.630000,3.300000,0.206059
13358,2012,RPAI,RETAIL PROPERTIES OF AMERICA INC,2.0,9.0,17.0,9,0.042375,10.768889,1042.278696,5847.302000,568.430000,-71.718333,2192.756667,0.572892,0.025886,0.030745,,2.251322,,52,2.934423,2.630000,3.300000,0.206059
13358,2013,RPAI,RETAIL PROPERTIES OF AMERICA INC,2.0,9.0,17.0,12,0.010775,14.077500,2469.664108,5206.508250,532.084000,-11.566750,2343.749250,0.499360,0.021501,0.032622,-0.000188,0.977149,0.289946,52,3.100769,2.560000,3.600000,0.354538
13358,2014,RPAI,RETAIL PROPERTIES OF AMERICA INC,2.0,9.0,17.0,12,0.027417,14.946667,3535.184383,4919.126000,557.870000,-15.746750,2292.196000,0.477904,0.018705,0.050109,0.003366,0.651761,0.356879,53,3.286038,3.080000,3.560000,0.110058
13358,2015,RPAI,RETAIL PROPERTIES OF AMERICA INC,2.0,9.0,17.0,12,-0.004942,15.077500,3574.092200,4908.039750,601.467000,35.282750,2175.726000,0.498419,0.025878,0.053475,0.014005,0.611222,0.265990,52,3.087500,2.920000,3.250000,0.101109
13358,2016,RPAI,RETAIL PROPERTIES OF AMERICA INC,2.0,9.0,17.0,12,0.007658,16.031667,3804.952575,4705.311500,601.757000,147.465000,2164.340750,0.478376,0.027009,0.054654,0.042103,0.570391,0.290560,52,2.930769,2.720000,3.550000,0.213200
13358,2017,RPAI,RETAIL PROPERTIES OF AMERICA INC,2.0,9.0,17.0,12,-0.005392,13.421667,3132.660442,4424.228500,579.740250,156.272250,2134.752000,0.451796,0.015426,0.059813,0.069400,0.685120,0.332251,52,3.272500,3.080000,3.500000,0.105865
13358,2018,RPAI,RETAIL PROPERTIES OF AMERICA INC,2.0,9.0,17.0,12,-0.011625,12.119167,2655.676383,3854.117250,528.210750,228.053500,1925.216500,0.429168,0.013250,0.059688,0.110095,0.726662,0.282253,52,4.000192,3.380000,4.360000,0.207860
13358,2019,RPAI,RETAIL PROPERTIES OF AMERICA INC,2.0,9.0,17.0,12,0.024400,12.538333,2680.212708,3656.611000,483.057250,95.371000,1752.747500,0.454743,0.007378,0.057657,0.081500,0.656863,0.545175,52,3.391731,3.000000,3.990000,0.299344
13358,2020,RPAI,RETAIL PROPERTIES OF AMERICA INC,2.0,9.0,17.0,12,0.000300,7.259167,1554.021658,3794.476750,473.904750,23.835250,1615.356250,0.510751,0.048092,0.058347,0.030098,1.113558,1.212751,53,2.604906,2.170000,3.160000,0.277853
13358,2021,RPAI,RETAIL PROPERTIES OF AMERICA INC,2.0,9.0,17.0,9,0.050422,11.573333,2484.684767,3623.626000,434.814667,13.464000,1579.121000,0.504947,0.010918,0.050309,0.015130,0.643494,1.690464,52,2.271923,2.100000,2.450000,0.093934
13429,2017,ALEX,ALEXANDER & BALDWIN INC NEW,2.0,9.0,4.0,12,-0.001518,41.248333,2026.091267,2179.525000,395.850000,25.050000,1393.975000,0.258685,0.003941,0.038262,0.005159,0.707439,1.447433,52,3.272500,3.080000,3.500000,0.105865
13429,2018,ALEX,ALEXANDER & BALDWIN INC NEW,2.0,9.0,4.0,12,-0.030408,22.342500,1607.746525,2255.600000,442.225000,197.700000,1178.450000,0.319309,0.013138,0.008405,0.202511,0.740232,1.449071,52,4.000192,3.380000,4.360000,0.207860
13429,2019,ALEX,ALEXANDER & BALDWIN INC NEW,2.0,9.0,4.0,12,0.017033,23.188333,1673.413925,2233.875000,610.025000,-4.075000,1233.475000,0.348959,0.023972,0.121688,0.112237,0.738144,1.316415,52,3.391731,3.000000,3.990000,0.299344
13429,2020,ALEX,ALEXANDER & BALDWIN INC NEW,2.0,9.0,4.0,12,0.000742,14.120000,1021.144167,2121.700000,456.225000,-72.925000,1115.575000,0.366343,0.029992,0.093121,-0.043818,1.144088,1.286237,53,2.604906,2.170000,3.160000,0.277853
13429,2021,ALEX,ALEXANDER & BALDWIN INC NEW,2.0,9.0,4.0,12,0.038800,20.102500,1457.187283,2024.700000,326.750000,13.600000,1102.075000,0.342906,0.027524,0.038693,-0.010500,0.774060,1.218763,52,2.271923,2.100000,2.450000,0.093934
13429,2022,ALEX,ALEXANDER & BALDWIN INC NEW,2.0,9.0,4.0,12,-0.017017,20.108333,1460.643808,1888.000000,361.425000,33.100000,1091.575000,0.298129,0.022023,0.052126,0.021489,0.754250,1.202851,52,4.583846,2.430000,6.380000,1.112739
13429,2023,ALEX,ALEXANDER & BALDWIN INC NEW,2.0,9.0,4.0,12,0.007308,18.270000,1326.138442,1794.050000,243.625000,36.000000,1051.650000,0.275169,0.008655,0.024222,-0.014670,0.795466,1.154273,52,6.111731,5.140000,7.030000,0.497037
13439,2012,HR,HEALTHCARE REALTY TRUST INC NEW,2.0,3.0,6.0,7,0.006183,9.851429,521.078599,2425.002571,277.632143,-5.521286,1514.232286,0.336840,0.021770,0.048789,,3.199427,,52,2.934423,2.630000,3.300000,0.206059
13439,2013,HTA,HEALTHCARE TRUST OF AMERICA INC,2.0,3.0,6.0,12,0.006258,11.043333,1580.093158,2495.740000,299.598250,-14.585750,1300.056500,0.429274,0.033050,0.049406,-0.019473,0.874128,,52,3.100769,2.560000,3.600000,0.354538
13439,2014,HTA,HEALTHCARE TRUST OF AMERICA INC,2.0,3.0,6.0,12,0.031492,13.140000,2879.615350,2795.917750,328.798500,21.648250,1374.696000,0.453972,0.029624,0.053956,0.002088,0.480355,0.349663,53,3.286038,3.080000,3.560000,0.110058
13439,2015,HTA,HEALTHCARE TRUST OF AMERICA INC,2.0,3.0,6.0,12,0.005192,26.061667,3281.932467,3073.912250,374.849500,43.453750,1396.735000,0.488325,0.012119,0.055429,0.025576,0.427675,0.176031,52,3.087500,2.920000,3.250000,0.101109
13439,2016,HTA,HEALTHCARE TRUST OF AMERICA INC,2.0,3.0,6.0,12,0.010817,30.423333,4159.378583,3298.673500,408.928250,38.109500,1462.428000,0.490662,0.008584,0.057880,0.026989,0.354052,0.143969,52,2.930769,2.720000,3.550000,0.213200
13439,2017,HTA,HEALTHCARE TRUST OF AMERICA INC,2.0,3.0,6.0,12,0.007325,30.710833,5540.273200,4395.877250,470.974750,41.461750,2069.336750,0.463190,0.010296,0.050826,0.025820,0.373891,0.138919,52,3.272500,3.080000,3.500000,0.105865
13439,2018,HTA,HEALTHCARE TRUST OF AMERICA INC,2.0,3.0,6.0,12,-0.008375,26.564167,5471.746417,6381.267250,636.177500,60.866750,3233.880500,0.434900,0.009924,0.048443,0.022709,0.592271,0.144210,52,4.000192,3.380000,4.360000,0.207860
13439,2019,HTA,HEALTHCARE TRUST OF AMERICA INC,2.0,3.0,6.0,12,0.019692,28.800000,5928.358125,6250.047250,695.422500,222.309500,3240.021750,0.426319,0.018791,0.052501,0.046365,0.547884,0.315507,52,3.391731,3.000000,3.990000,0.299344
13439,2020,HTA,HEALTHCARE TRUST OF AMERICA INC,2.0,3.0,6.0,12,-0.001350,26.911667,5837.789075,6607.605500,703.682250,33.294750,3281.190750,0.453600,0.013244,0.053585,0.032555,0.565699,0.474618,53,2.604906,2.170000,3.160000,0.277853
13439,2021,HTA,HEALTHCARE TRUST OF AMERICA INC,2.0,3.0,6.0,12,0.021383,29.649167,6498.325825,6746.814750,748.203250,56.028750,3154.256000,0.479582,0.017499,0.056853,0.013411,0.489347,0.523306,52,2.271923,2.100000,2.450000,0.093934
13439,2022,HTA,HEALTHCARE TRUST OF AMERICA INC,2.0,3.0,6.0,12,-0.024667,26.104167,7618.057842,5656.170500,658.715250,90.136500,2688.630250,0.477456,0.005961,0.054889,0.024458,0.364391,0.545796,52,4.583846,2.430000,6.380000,1.112739
13439,2023,HTA,HEALTHCARE TRUST OF AMERICA INC,2.0,3.0,6.0,12,-0.000217,18.065000,6878.816475,13752.076250,1023.672250,-31.658500,7459.079000,0.418615,0.003705,0.021454,0.015688,1.096782,0.647274,52,6.111731,5.140000,7.030000,0.497037
13500,2012,AMRE,AMREIT INC NEW,2.0,9.0,17.0,6,0.045700,15.561667,64.483604,330.417500,39.453500,4.103000,117.581000,0.619001,0.003102,0.045958,,1.851662,,52,2.934423,2.630000,3.300000,0.206059
13500,2013,AMRE,AMREIT INC NEW,2.0,9.0,17.0,12,0.003308,18.075000,268.639059,371.658500,42.668750,7.943250,168.518250,0.516291,0.015266,0.032550,0.026914,0.902974,,52,3.100769,2.560000,3.600000,0.354538
13500,2014,AMRE,AMREIT INC NEW,2.0,9.0,17.0,12,0.044808,20.845000,410.051484,447.654500,48.609000,7.804000,225.303500,0.457101,0.019694,0.043668,0.049250,0.569730,0.049968,53,3.286038,3.080000,3.560000,0.110058
13500,2015,AMRE,AMREIT INC NEW,2.0,9.0,17.0,1,0.001500,26.580000,523.227300,483.718000,53.056000,5.059000,219.699000,0.502140,0.003353,0.038913,0.065205,0.419892,-0.193697,52,3.087500,2.920000,3.250000,0.101109
13580,2012,SRC,SPIRIT REALTY CAPITAL INC,2.0,2.0,4.0,4,0.054500,16.462500,1362.250075,3226.407000,275.530000,-49.643000,511.841750,0.815569,0.021035,0.029220,,0.377869,,52,2.934423,2.630000,3.300000,0.206059
13580,2013,SRC,SPIRIT REALTY CAPITAL INC,2.0,2.0,4.0,6,0.008583,19.616667,1664.325533,3226.409000,279.115500,-59.965000,1238.950000,0.588898,0.029164,0.031818,-0.060819,0.746960,,52,3.100769,2.560000,3.600000,0.354538
13700,2012,WHLR,WHEELER REAL ESTATE INV TR INC,2.0,4.0,4.0,2,0.034800,6.080000,20.025160,14.867000,2.063000,-0.799000,0.164000,0.808166,0.008946,0.023609,,0.008192,,52,2.934423,2.630000,3.300000,0.206059
13700,2013,WHLR,WHEELER REAL ESTATE INV TR INC,2.0,4.0,4.0,12,-0.021200,5.153333,23.371744,45.248250,3.160500,-1.505250,6.022500,0.670694,0.019264,-0.003123,-0.133763,0.261682,,52,3.100769,2.560000,3.600000,0.354538
13700,2014,WHLR,WHEELER REAL ESTATE INV TR INC,2.0,4.0,4.0,12,0.002417,4.563642,33.460835,122.423500,9.261750,-4.259250,15.532250,0.719760,0.040142,-0.019529,-0.181745,0.464550,0.692218,53,3.286038,3.080000,3.560000,0.110058
13700,2015,WHLR,WHEELER REAL ESTATE INV TR INC,2.0,4.0,4.0,12,-0.043625,2.278050,81.276588,244.477500,16.724500,-11.849500,22.323750,0.612890,0.149898,-0.033296,-1.852369,0.263014,0.978708,52,3.087500,2.920000,3.250000,0.101109
13700,2016,WHLR,WHEELER REAL ESTATE INV TR INC,2.0,4.0,4.0,12,0.007058,1.552500,104.549790,330.185500,29.947500,-19.397250,77.303500,0.610909,0.034640,-0.009533,-1.385429,0.761419,1.112168,52,2.930769,2.720000,3.550000,0.213200
13700,2017,WHLR,WHEELER REAL ESTATE INV TR INC,2.0,4.0,4.0,12,0.000675,8.255000,97.551418,462.989500,47.825250,-11.203750,51.626250,0.618370,0.051727,0.028945,-0.212242,0.536053,1.274109,52,3.272500,3.080000,3.500000,0.105865
13700,2018,WHLR,WHEELER REAL ESTATE INV TR INC,2.0,4.0,4.0,11,-0.090618,4.353964,39.774481,498.731455,60.440091,-12.347636,21.906091,0.672955,0.031204,0.045389,-0.392875,0.563483,1.587522,52,4.000192,3.380000,4.360000,0.207860
13700,2019,WHLR,WHEELER REAL ESTATE INV TR INC,2.0,4.0,4.0,12,0.099042,1.730817,16.720981,510.764000,64.558500,-15.253750,7.602500,0.701909,0.037848,0.040143,-16.058197,0.465585,3.586105,52,3.391731,3.000000,3.990000,0.299344
13700,2020,WHLR,WHEELER REAL ESTATE INV TR INC,2.0,4.0,4.0,11,0.106255,2.194091,21.279566,481.863818,62.817000,-9.575273,,0.725355,0.046866,0.032084,-9.577969,,2.933279,53,2.604906,2.170000,3.160000,0.277853
13700,2021,WHLR,WHEELER REAL ESTATE INV TR INC,2.0,4.0,4.0,12,-0.006950,3.228333,31.349649,481.235750,60.853500,-2.131500,,0.716236,0.080565,0.035087,0.184826,,2.607193,52,2.271923,2.100000,2.450000,0.093934
13700,2022,WHLR,WHEELER REAL ESTATE INV TR INC,2.0,4.0,4.0,12,-0.011692,1.967408,19.204649,473.761250,61.657250,-7.328500,,0.747921,0.102406,0.035133,0.134646,,2.479611,52,4.583846,2.430000,6.380000,1.112739
13700,2023,WHLR,WHEELER REAL ESTATE INV TR INC,2.0,4.0,4.0,4,-0.030600,1.417500,13.886685,690.918500,68.186250,-13.782250,,0.699641,0.079167,0.044220,0.237375,,2.394307,52,6.111731,5.140000,7.030000,0.497037
13723,2012,RESI,ALTISOURCE RESIDENTIAL CORP,2.0,2.0,4.0,1,,15.840000,123.361920,,,,,,,,,,,52,2.934423,2.630000,3.300000,0.206059
13723,2013,RESI,FRONT YARD RESIDENTIAL CORP,2.0,2.0,4.0,12,0.059925,21.383333,600.364424,209.771000,,,204.194333,0.038358,0.576799,,,0.250468,,52,3.100769,2.560000,3.600000,0.354538
13723,2014,RESI,FRONT YARD RESIDENTIAL CORP,2.0,2.0,4.0,12,-0.026983,25.567500,1457.856642,1693.950750,156.897000,89.045667,947.355500,0.427152,0.074139,-0.020836,0.050413,0.695358,2.005306,53,3.286038,3.080000,3.560000,0.110058
13723,2015,RESI,FRONT YARD RESIDENTIAL CORP,2.0,2.0,4.0,12,-0.025733,16.594167,946.641124,2734.342500,400.165500,155.476500,1308.045250,0.496899,0.029657,-0.065831,0.104029,1.419658,1.974452,52,3.087500,2.920000,3.250000,0.101109
13723,2016,RESI,FRONT YARD RESIDENTIAL CORP,2.0,2.0,4.0,12,0.004725,10.543333,577.143075,2322.126750,229.118250,-67.291000,1116.940000,0.494679,0.071621,-0.091111,0.036014,1.950921,2.042591,52,2.930769,2.720000,3.550000,0.213200
13723,2017,RESI,FRONT YARD RESIDENTIAL CORP,2.0,2.0,4.0,12,0.012758,12.631667,676.381882,2176.599500,57.710250,-229.160750,835.551500,0.589226,0.060640,-0.047621,-0.170755,1.241203,2.076517,52,3.272500,3.080000,3.500000,0.105865
13723,2018,RESI,FRONT YARD RESIDENTIAL CORP,2.0,2.0,4.0,12,-0.015750,10.170833,544.313098,1908.236250,102.333500,-171.790250,630.642000,0.637079,0.089112,-0.022665,-0.277913,1.164698,1.851458,52,4.000192,3.380000,4.360000,0.207860
13723,2019,RESI,FRONT YARD RESIDENTIAL CORP,2.0,2.0,4.0,12,0.037750,11.313333,607.806811,2205.609000,185.537000,-128.148750,460.307750,0.757797,0.040681,-0.015867,-0.281781,0.767244,1.510861,52,3.391731,3.000000,3.990000,0.299344
13723,2020,RESI,FRONT YARD RESIDENTIAL CORP,2.0,2.0,4.0,12,0.044908,11.336667,644.087358,2053.992500,209.246500,-101.171000,346.093500,0.796132,0.044231,0.001114,-0.296859,0.565226,0.769746,53,2.604906,2.170000,3.160000,0.277853
13736,2012,SBY,SILVER BAY REALTY TRUST CORP,2.0,8.0,2.0,1,,18.830000,702.923900,,,,,,,,,,,52,2.934423,2.630000,3.300000,0.206059
13736,2013,SBY,SILVER BAY REALTY TRUST CORP,2.0,8.0,2.0,12,-0.012217,17.527500,680.957598,724.222333,12.280000,-11.814333,675.409667,0.033362,0.202498,0.002365,-0.008373,1.050036,,52,3.100769,2.560000,3.600000,0.354538
13736,2014,SBY,SILVER BAY REALTY TRUST CORP,2.0,8.0,2.0,12,0.004142,16.115833,617.935718,859.998500,53.445250,-22.630000,654.537750,0.212278,0.083840,-0.022397,-0.025239,1.060416,0.634520,53,3.286038,3.080000,3.560000,0.110058
13736,2015,SBY,SILVER BAY REALTY TRUST CORP,2.0,8.0,2.0,12,-0.001708,15.880833,577.164352,1059.139500,81.757500,-56.530750,561.614250,0.402611,0.066242,0.016950,-0.073774,0.973191,0.568089,52,3.087500,2.920000,3.250000,0.101109
13736,2016,SBY,SILVER BAY REALTY TRUST CORP,2.0,8.0,2.0,12,0.012225,16.314167,580.716210,1220.328500,115.970000,-8.791250,520.396000,0.518583,0.042547,0.023966,-0.051934,0.905639,0.610239,52,2.930769,2.720000,3.550000,0.213200
13736,2017,SBY,SILVER BAY REALTY TRUST CORP,2.0,8.0,2.0,4,0.065550,20.320000,720.392753,1229.332500,125.278250,-5.046000,500.966750,0.535291,0.076785,0.026268,-0.017718,0.703224,0.662679,52,3.272500,3.080000,3.500000,0.105865
13752,2013,CONE,CYRUSONE INC,2.0,4.0,8.0,12,0.009255,21.032500,463.470109,1348.875000,224.700000,-26.950000,364.400000,0.484664,0.104366,0.044423,,0.785397,,52,3.100769,2.560000,3.600000,0.354538
13752,2014,CONE,CYRUSONE INC,2.0,4.0,8.0,12,0.022850,24.140000,787.508222,1515.225000,273.150000,-15.950000,361.450000,0.394609,0.088423,0.052823,-0.079193,0.504344,0.962779,53,3.286038,3.080000,3.560000,0.110058
13752,2015,CONE,CYRUSONE INC,2.0,4.0,8.0,12,0.029967,32.253333,1883.174450,1673.200000,333.200000,-9.725000,547.475000,0.433656,0.066719,0.067288,-0.042873,0.302397,0.790313,52,3.087500,2.920000,3.250000,0.101109
13752,2016,CONE,CYRUSONE INC,2.0,4.0,8.0,12,0.020700,46.374167,3707.979483,2343.000000,419.000000,-8.300000,919.025000,0.505654,0.017416,0.063347,-0.017988,0.250692,0.599047,52,2.930769,2.720000,3.550000,0.213200
13752,2017,CONE,CYRUSONE INC,2.0,4.0,8.0,12,0.027408,56.710833,5107.507708,3227.275000,548.025000,-1.025000,1280.300000,0.496714,0.006454,0.059159,0.002180,0.251774,0.511201,52,3.272500,3.080000,3.500000,0.105865
13752,2018,CONE,CYRUSONE INC,2.0,4.0,8.0,12,-0.004008,56.716667,5731.267975,4330.725000,692.375000,-20.375000,1718.275000,0.522940,0.029383,0.064104,-0.021284,0.299982,0.600290,52,4.000192,3.380000,4.360000,0.207860
13752,2019,CONE,CYRUSONE INC,2.0,4.0,8.0,12,0.025408,61.491667,6913.979467,5724.175000,839.050000,22.700000,2394.000000,0.499183,0.017204,0.054570,-0.019985,0.352536,0.438591,52,3.391731,3.000000,3.990000,0.299344
13752,2020,CONE,CYRUSONE INC,2.0,4.0,8.0,12,0.014908,70.959167,8326.870000,6195.375000,984.825000,4.000000,2477.225000,0.515707,0.010527,0.063340,0.010144,0.301227,0.248620,53,2.604906,2.170000,3.160000,0.277853
13752,2021,CONE,CYRUSONE INC,2.0,4.0,8.0,12,0.020742,75.901667,9458.737417,6940.675000,1063.275000,15.975000,2658.975000,0.529203,0.038156,0.065983,0.016526,0.284605,0.164054,52,2.271923,2.100000,2.450000,0.093934
13752,2022,CONE,CYRUSONE INC,2.0,4.0,8.0,2,0.003500,90.100000,11746.910000,7339.500000,1155.700000,51.300000,2847.400000,0.525404,0.065495,0.068642,0.016183,0.242398,0.138663,52,4.583846,2.430000,6.380000,1.112739
13756,2013,LAND,GLADSTONE LAND CORP,2.0,1.0,1.0,12,0.019436,15.862500,102.475800,64.751000,3.999000,0.454750,33.271000,0.549380,0.273168,0.013432,,0.319448,,52,3.100769,2.560000,3.600000,0.354538
13756,2014,LAND,GLADSTONE LAND CORP,2.0,1.0,1.0,12,-0.027567,12.152500,83.837084,91.192250,4.465750,-0.933500,49.645500,0.432728,0.212942,0.007338,-0.025251,0.593700,0.340626,53,3.286038,3.080000,3.560000,0.110058
13756,2015,LAND,GLADSTONE LAND CORP,2.0,1.0,1.0,12,-0.011983,10.304167,87.749084,158.411000,7.783750,-0.396250,62.708500,0.562158,0.020696,0.023631,-0.011737,0.717573,0.664653,52,3.087500,2.920000,3.250000,0.101109
13756,2016,LAND,GLADSTONE LAND CORP,2.0,1.0,1.0,12,0.029858,10.338333,103.457444,245.271000,12.617250,0.630000,75.796250,0.634450,0.009857,0.028842,0.003386,0.741479,1.043986,52,2.930769,2.720000,3.550000,0.213200
13756,2017,LAND,GLADSTONE LAND CORP,2.0,1.0,1.0,12,0.020625,12.472500,152.039357,363.573500,18.561000,0.510250,85.343000,0.701346,0.006975,0.020901,0.006447,0.567554,1.027607,52,3.272500,3.080000,3.500000,0.105865
13756,2018,LAND,GLADSTONE LAND CORP,2.0,1.0,1.0,12,-0.006892,12.535833,195.940196,466.741250,28.016000,-0.682000,118.097750,0.693558,0.006422,0.015146,0.002270,0.603493,1.038504,52,4.000192,3.380000,4.360000,0.207860
13756,2019,LAND,GLADSTONE LAND CORP,2.0,1.0,1.0,12,0.014475,12.171250,240.058413,569.921750,35.547250,3.515250,178.852000,0.637667,0.029397,0.016409,0.008584,0.739631,0.898407,52,3.391731,3.000000,3.990000,0.299344
13756,2020,LAND,GLADSTONE LAND CORP,2.0,1.0,1.0,12,0.015675,14.349167,320.784812,817.905750,45.201000,2.730750,254.884750,0.617141,0.021725,0.026474,0.009887,0.796218,0.693867,53,2.604906,2.170000,3.160000,0.277853
13756,2021,LAND,GLADSTONE LAND CORP,2.0,1.0,1.0,12,0.078383,22.851667,700.423563,1070.441500,60.271500,3.702250,355.021500,0.598814,0.033955,0.024151,0.010110,0.525818,0.548137,52,2.271923,2.100000,2.450000,0.093934
13756,2022,LAND,GLADSTONE LAND CORP,2.0,1.0,1.0,12,-0.035583,25.845833,891.052887,1352.363750,78.848750,3.628250,538.871500,0.531867,0.033760,0.024844,0.008822,0.654873,0.610385,52,4.583846,2.430000,6.380000,1.112739
13756,2023,LAND,GLADSTONE LAND CORP,2.0,1.0,1.0,12,-0.015450,15.928333,568.713179,1437.561250,92.902250,7.020250,626.167500,0.469067,0.032146,0.029017,0.006237,1.115053,0.786521,52,6.111731,5.140000,7.030000,0.497037
13803,2013,AVIV,AVIV REIT INC,2.0,3.0,6.0,10,0.004922,24.618000,969.401059,1111.650000,129.234700,-2.800600,396.735200,0.520349,0.022920,0.041366,,0.418478,,52,3.100769,2.560000,3.600000,0.354538
13803,2014,AVIV,AVIV REIT INC,2.0,3.0,6.0,12,0.039200,28.540000,1288.462258,1342.783750,145.233000,22.547000,480.112500,0.488958,0.023800,0.055465,0.039285,0.379012,0.532199,53,3.286038,3.080000,3.560000,0.110058
13803,2015,AVIV,AVIV REIT INC,2.0,3.0,6.0,3,0.026667,37.270000,1791.918733,1677.488000,170.896000,33.555000,610.383000,0.501278,0.009439,0.058087,0.039285,0.340877,0.091160,52,3.087500,2.920000,3.250000,0.101109
13886,2013,ARPI,AMERICAN RESIDENTIAL PPTYS INC,2.0,8.0,1.0,8,-0.018271,17.633750,566.718945,459.387125,3.013000,-6.139000,434.852250,0.030924,0.154050,-0.007933,,0.771453,,52,3.100769,2.560000,3.600000,0.354538
13886,2014,ARPI,AMERICAN RESIDENTIAL PPTYS INC,2.0,8.0,1.0,12,0.002700,18.290000,588.588494,946.459500,44.580250,-26.131750,589.998000,0.334872,0.035753,0.007335,-0.041819,1.002917,,53,3.286038,3.080000,3.560000,0.110058
13886,2015,ARPI,AMERICAN RESIDENTIAL PPTYS INC,2.0,8.0,1.0,12,0.007933,17.860833,575.182033,1343.217750,91.588750,-37.982750,555.373000,0.551492,0.026197,0.007662,-0.055890,0.967080,0.503577,52,3.087500,2.920000,3.250000,0.101109
13886,2016,ARPI,AMERICAN RESIDENTIAL PPTYS INC,2.0,8.0,1.0,2,-0.080200,16.415000,528.661500,1359.112000,116.762000,-44.871000,522.238000,0.574146,0.025343,0.014593,-0.065941,0.988861,0.436284,52,2.930769,2.720000,3.550000,0.213200
13887,2013,AHH,ARMADA HOFFLER PROPERTIES INC,2.0,2.0,4.0,8,-0.021429,10.320000,194.260938,357.685750,115.300250,10.005750,,0.857653,0.036222,0.067285,,,,52,3.100769,2.560000,3.600000,0.354538
13887,2014,AHH,ARMADA HOFFLER PROPERTIES INC,2.0,2.0,4.0,12,0.007950,9.533333,200.249631,459.290000,139.432500,8.571500,,0.646754,0.037813,0.052354,-0.201226,,,53,3.286038,3.080000,3.560000,0.110058
13887,2015,AHH,ARMADA HOFFLER PROPERTIES INC,2.0,2.0,4.0,12,0.015233,10.457500,270.886608,598.824500,178.470000,10.414750,8.298000,0.610459,0.048942,0.046819,-1.751037,0.028101,0.385514,52,3.087500,2.920000,3.250000,0.101109
13887,2016,AHH,ARMADA HOFFLER PROPERTIES INC,2.0,2.0,4.0,12,0.034025,12.865833,420.197219,772.023750,253.463000,24.142250,55.235000,0.574535,0.031223,0.048858,-0.959605,0.123027,0.471176,52,2.930769,2.720000,3.550000,0.213200
13887,2017,AHH,ARMADA HOFFLER PROPERTIES INC,2.0,2.0,4.0,12,0.010658,13.977500,592.953043,980.388750,280.510000,23.183750,159.640750,0.516981,0.022552,0.058917,0.275722,0.264915,0.497039,52,3.272500,3.080000,3.500000,0.105865
13887,2018,AHH,ARMADA HOFFLER PROPERTIES INC,2.0,2.0,4.0,12,-0.002442,14.506667,681.115224,1077.070250,286.370500,20.637500,238.061750,0.504390,0.018833,0.051489,0.133120,0.351049,0.574866,52,4.000192,3.380000,4.360000,0.207860
13887,2019,AHH,ARMADA HOFFLER PROPERTIES INC,2.0,2.0,4.0,12,0.026908,16.885000,887.892968,1393.130250,210.898750,17.314250,285.682000,0.560432,0.016229,0.043784,0.075327,0.324005,0.512512,52,3.391731,3.000000,3.990000,0.299344
13887,2020,AHH,ARMADA HOFFLER PROPERTIES INC,2.0,2.0,4.0,12,-0.026917,11.151667,634.207252,1802.728000,301.691250,25.764750,336.859000,0.567402,0.030382,0.042111,0.067109,0.559205,0.680605,53,2.604906,2.170000,3.160000,0.277853
13887,2021,AHH,ARMADA HOFFLER PROPERTIES INC,2.0,2.0,4.0,12,0.031742,13.255833,800.388508,1903.170500,386.962500,28.241500,356.012500,0.536263,0.028735,0.045003,0.077535,0.448064,0.768036,52,2.271923,2.100000,2.450000,0.093934
13887,2022,AHH,ARMADA HOFFLER PROPERTIES INC,2.0,2.0,4.0,12,-0.014467,13.042500,881.366566,2109.984250,316.214750,28.846000,415.305250,0.522967,0.022247,0.047187,0.067729,0.479580,0.792555,52,4.583846,2.430000,6.380000,1.112739
13887,2023,AHH,ARMADA HOFFLER PROPERTIES INC,2.0,2.0,4.0,12,0.014650,11.592500,785.671757,2283.237500,496.209750,66.890750,470.664250,0.529800,0.020323,0.046425,0.115269,0.602118,0.866894,52,6.111731,5.140000,7.030000,0.497037
13982,2013,COLE,COLE REAL ESTATE INVESTMENTS INC,2.0,9.0,17.0,7,0.042383,12.567143,5985.473957,7602.139286,622.913714,90.438286,3778.004429,0.439707,0.022728,0.034371,,0.636010,,52,3.100769,2.560000,3.600000,0.354538
13982,2014,COLE,COLE REAL ESTATE INVESTMENTS INC,2.0,9.0,17.0,1,0.083300,15.150000,7220.899000,8047.495000,919.242000,98.681000,3631.523000,0.476744,0.026959,0.039203,,0.502918,,53,3.286038,3.080000,3.560000,0.110058
14037,2013,REXR,REXFORD INDUSTRIAL REALTY INC,2.0,4.0,8.0,6,-0.008400,13.578333,346.420253,436.390500,35.106500,-6.918000,,0.760559,0.088728,0.003591,,,,52,3.100769,2.560000,3.600000,0.354538
14037,2014,REXR,REXFORD INDUSTRIAL REALTY INC,2.0,4.0,8.0,12,0.018358,14.435000,476.307100,585.293500,46.124500,-7.702250,305.508250,0.370080,0.012855,0.020725,-0.015973,0.696833,,53,3.286038,3.080000,3.560000,0.110058
14037,2015,REXR,REXFORD INDUSTRIAL REALTY INC,2.0,4.0,8.0,12,0.007750,15.066667,832.790095,959.145000,70.505250,-0.975500,603.490250,0.312827,0.034322,0.029017,-0.005650,0.729414,0.641541,52,3.087500,2.920000,3.250000,0.101109
14037,2016,REXR,REXFORD INDUSTRIAL REALTY INC,2.0,4.0,8.0,12,0.032750,20.456667,1306.069483,1204.286750,97.497500,5.369250,713.482250,0.351531,0.012016,0.035516,0.002345,0.561398,0.626403,52,2.930769,2.720000,3.550000,0.213200
14037,2017,REXR,REXFORD INDUSTRIAL REALTY INC,2.0,4.0,8.0,12,0.023483,27.104167,1905.603192,1563.599250,130.926500,27.117250,878.082750,0.331320,0.016646,0.037432,0.018351,0.469235,0.633929,52,3.272500,3.080000,3.500000,0.105865
14037,2018,REXR,REXFORD INDUSTRIAL REALTY INC,2.0,4.0,8.0,12,0.003992,30.630833,2609.757925,2223.154250,168.919250,41.021500,1279.551500,0.310673,0.020286,0.036096,0.032398,0.491699,0.613887,52,4.000192,3.380000,4.360000,0.207860
14037,2019,REXR,REXFORD INDUSTRIAL REALTY INC,2.0,4.0,8.0,12,0.039825,40.915000,4325.650317,2939.745000,218.784000,45.729000,1848.536500,0.260286,0.070221,0.037024,0.030071,0.432456,0.694337,52,3.391731,3.000000,3.990000,0.299344
14037,2020,REXR,REXFORD INDUSTRIAL REALTY INC,2.0,4.0,8.0,12,0.009433,45.173333,5463.019517,3792.120250,275.413750,61.769500,2376.611500,0.234230,0.042087,0.037474,0.026839,0.436882,0.513008,53,2.604906,2.170000,3.160000,0.277853
14037,2021,REXR,REXFORD INDUSTRIAL REALTY INC,2.0,4.0,8.0,12,0.046633,59.448333,8337.145425,4864.260250,343.716500,87.410750,3019.868000,0.234947,0.035273,0.038602,0.026003,0.371697,0.374134,52,2.271923,2.100000,2.450000,0.093934
14037,2022,REXR,REXFORD INDUSTRIAL REALTY INC,2.0,4.0,8.0,12,-0.026250,63.518333,10659.337292,7036.983000,472.906250,135.625000,4746.273250,0.213646,0.006810,0.036375,0.026762,0.451069,0.447846,52,4.583846,2.430000,6.380000,1.112739
14037,2023,REXR,REXFORD INDUSTRIAL REALTY INC,2.0,4.0,8.0,12,0.008517,54.373333,11109.536750,9655.654500,654.139250,177.012000,6623.192000,0.216643,0.011957,0.035293,0.026815,0.601303,0.587010,52,6.111731,5.140000,7.030000,0.497037
14039,2013,SRC,SPIRIT REALTY CAPITAL INC NEW,2.0,2.0,4.0,6,0.023780,9.540000,3439.630233,3235.171500,312.489000,-74.123000,1202.836000,0.595739,0.017565,0.034416,,0.354034,,52,3.100769,2.560000,3.600000,0.354538
14039,2014,SRC,SPIRIT REALTY CAPITAL INC NEW,2.0,2.0,4.0,12,0.021683,11.314167,4399.999442,7266.949500,457.859750,-45.918000,3146.981000,0.521752,0.015562,0.022928,0.000538,0.718215,,53,3.286038,3.080000,3.560000,0.110058
14039,2015,SRC,SPIRIT REALTY CAPITAL INC NEW,2.0,2.0,4.0,12,-0.006808,10.654167,4596.198425,7865.767750,610.145500,-5.044750,3364.220750,0.530471,0.021154,0.031536,-0.005718,0.737394,0.497845,52,3.087500,2.920000,3.250000,0.101109
14039,2016,SRC,SPIRIT REALTY CAPITAL INC NEW,2.0,2.0,4.0,12,0.013725,11.823333,5571.383942,7815.286250,667.849500,98.505000,3547.830250,0.503814,0.009999,0.047053,0.011462,0.646148,0.460128,52,2.930769,2.720000,3.550000,0.213200
14039,2017,SRC,SPIRIT REALTY CAPITAL INC NEW,2.0,2.0,4.0,12,-0.008758,8.860833,4172.512800,7649.272500,638.106500,73.232500,3603.179500,0.486454,0.006720,0.048064,0.026657,0.877582,0.487757,52,3.272500,3.080000,3.500000,0.105865
14039,2018,SRC,SPIRIT REALTY CAPITAL INC NEW,2.0,2.0,4.0,12,0.000475,10.321667,3464.140675,6702.574750,504.153750,68.414250,3017.974250,0.478321,0.013446,0.057733,0.025298,0.871201,0.489671,52,4.000192,3.380000,4.360000,0.207860
14039,2019,SRC,SPIRIT REALTY CAPITAL INC NEW,2.0,2.0,4.0,12,0.033917,44.600833,4139.369750,5164.028750,433.120250,152.011500,2671.043000,0.404808,0.007380,0.062920,0.039421,0.657437,0.439465,52,3.391731,3.000000,3.990000,0.299344
14039,2020,SRC,SPIRIT REALTY CAPITAL INC NEW,2.0,2.0,4.0,12,0.006950,35.771667,3704.581408,5902.313000,519.495500,146.495250,3177.053500,0.390525,0.031315,0.057862,0.052363,0.889566,0.916901,53,2.604906,2.170000,3.160000,0.277853
14039,2021,SRC,SPIRIT REALTY CAPITAL INC NEW,2.0,2.0,4.0,12,0.022308,46.369167,5424.934508,6474.146250,499.480500,49.853000,3368.037500,0.412339,0.020865,0.049548,0.027026,0.625143,1.128736,52,2.271923,2.100000,2.450000,0.093934
14039,2022,SRC,SPIRIT REALTY CAPITAL INC NEW,2.0,2.0,4.0,12,-0.007467,42.050000,5603.151558,7524.359250,620.728500,195.368750,3946.359250,0.413894,0.002265,0.055286,0.029366,0.707839,1.121843,52,4.583846,2.430000,6.380000,1.112739
14039,2023,SRC,SPIRIT REALTY CAPITAL INC NEW,2.0,2.0,4.0,12,0.015792,39.604167,5585.747442,8497.857000,716.321750,292.007000,4377.939750,0.427682,0.010665,0.058639,0.056556,0.787743,1.112958,52,6.111731,5.140000,7.030000,0.497037
14071,2013,IRT,INDEPENDENCE REALTY TRUST INC,2.0,8.0,2.0,5,0.007875,8.370000,80.750360,145.111400,17.695400,-0.040800,29.057400,0.636626,0.023589,-0.000281,,0.357414,,52,3.100769,2.560000,3.600000,0.354538
14071,2014,IRT,INDEPENDENCE REALTY TRUST INC,2.0,8.0,2.0,12,0.016225,9.287500,211.640718,262.528250,23.089250,1.953500,105.769500,0.568136,0.059800,0.020916,0.008344,0.499675,,53,3.286038,3.080000,3.560000,0.110058
14071,2015,IRT,INDEPENDENCE REALTY TRUST INC,2.0,8.0,2.0,12,-0.008500,8.319167,310.338125,645.091000,56.078750,1.502000,234.532250,0.596455,0.047093,0.028257,0.010302,0.769284,0.378056,52,3.087500,2.920000,3.250000,0.101109
14071,2016,IRT,INDEPENDENCE REALTY TRUST INC,2.0,8.0,2.0,12,0.024308,8.066667,444.918510,1364.547500,116.115500,34.500000,366.789750,0.694121,0.024180,0.013089,0.050116,0.880965,0.800815,52,2.930769,2.720000,3.550000,0.213200
14071,2017,IRT,INDEPENDENCE REALTY TRUST INC,2.0,8.0,2.0,12,0.016742,9.801667,726.070070,1306.160500,154.185000,0.988750,470.825750,0.603780,0.017497,0.007379,0.021034,0.652858,0.842934,52,3.272500,3.080000,3.500000,0.105865
14071,2018,IRT,INDEPENDENCE REALTY TRUST INC,2.0,8.0,2.0,12,-0.000258,9.708333,843.632566,1504.208000,165.271500,14.247750,623.209000,0.551420,0.010883,0.029046,0.020175,0.742445,0.785103,52,4.000192,3.380000,4.360000,0.207860
14071,2019,IRT,INDEPENDENCE REALTY TRUST INC,2.0,8.0,2.0,12,0.042767,12.477500,1123.689050,1654.760000,192.233500,26.580250,615.811000,0.594565,0.010114,0.040933,0.044781,0.562371,0.749861,52,3.391731,3.000000,3.990000,0.299344
14071,2020,IRT,INDEPENDENCE REALTY TRUST INC,2.0,8.0,2.0,12,0.008383,11.798333,1116.508613,1695.793250,203.871250,38.659000,611.420500,0.594944,0.016023,0.042967,0.061237,0.559851,0.917823,53,2.604906,2.170000,3.160000,0.277853
14071,2021,IRT,INDEPENDENCE REALTY TRUST INC,2.0,8.0,2.0,12,0.059150,19.061667,1971.486142,1759.615750,214.223250,18.777000,691.361750,0.563527,0.008240,0.045328,0.043349,0.363586,0.789409,52,2.271923,2.100000,2.450000,0.093934
14071,2022,IRT,INDEPENDENCE REALTY TRUST INC,2.0,8.0,2.0,12,-0.028592,21.360000,4516.583767,5281.890750,316.177500,74.859750,2829.352750,0.442024,0.008181,0.021482,0.016163,0.652366,0.801466,52,4.583846,2.430000,6.380000,1.112739
14071,2023,IRT,INDEPENDENCE REALTY TRUST INC,2.0,8.0,2.0,12,-0.000417,16.195000,3635.813167,6544.193750,612.184000,87.497750,3578.398250,0.406369,0.006902,0.035970,0.024354,0.998608,0.880087,52,6.111731,5.140000,7.030000,0.497037
14181,2013,BRX,BRIXMOR PROPERTY GROUP INC,2.0,9.0,17.0,3,-0.007700,20.386667,4598.258900,9449.961000,1121.895000,-75.428000,1641.025000,0.688582,0.026035,0.027994,,0.356954,,52,3.100769,2.560000,3.600000,0.354538
14181,2014,BRX,BRIXMOR PROPERTY GROUP INC,2.0,9.0,17.0,12,0.020492,22.725833,5636.118692,9806.950750,1172.902500,-41.749750,2179.954250,0.623904,0.016796,0.034564,-0.039930,0.388798,,53,3.286038,3.080000,3.560000,0.110058
14181,2015,BRX,BRIXMOR PROPERTY GROUP INC,2.0,9.0,17.0,12,0.008558,24.810833,7393.468675,9673.623750,1240.046750,94.896500,2779.620750,0.621184,0.012822,0.051868,0.001242,0.377974,0.253476,52,3.087500,2.920000,3.250000,0.101109
14181,2016,BRX,BRIXMOR PROPERTY GROUP INC,2.0,9.0,17.0,12,0.000225,25.964167,7831.064742,9479.669250,1267.482500,203.098250,2865.983500,0.630769,0.013565,0.055940,0.052148,0.367428,0.305769,52,2.930769,2.720000,3.550000,0.213200
14181,2017,BRX,BRIXMOR PROPERTY GROUP INC,2.0,9.0,17.0,12,-0.016442,19.659167,5992.252108,9322.141500,1281.700250,274.476750,2910.939000,0.628634,0.010907,0.060290,0.083135,0.490963,0.347933,52,3.272500,3.080000,3.500000,0.105865
14181,2018,BRX,BRIXMOR PROPERTY GROUP INC,2.0,9.0,17.0,12,-0.012233,16.335833,4941.887883,9047.137750,1278.053750,302.072250,2887.059000,0.621617,0.012337,0.061908,0.099522,0.587035,0.384382,52,4.000192,3.380000,4.360000,0.207860
14181,2019,BRX,BRIXMOR PROPERTY GROUP INC,2.0,9.0,17.0,12,0.039717,19.095000,5693.152142,8286.078000,1222.002500,362.458000,2816.828250,0.599986,0.003960,0.063338,0.118360,0.499435,0.677097,52,3.391731,3.000000,3.990000,0.299344
14181,2020,BRX,BRIXMOR PROPERTY GROUP INC,2.0,9.0,17.0,12,0.004817,13.406667,3982.009592,8345.256250,1154.827750,262.108250,2713.048250,0.619302,0.028075,0.061609,0.112228,0.715070,1.234490,53,2.604906,2.170000,3.160000,0.277853
14181,2021,BRX,BRIXMOR PROPERTY GROUP INC,2.0,9.0,17.0,12,0.041650,22.079167,6555.735908,8408.141750,1073.751750,147.227750,2692.534750,0.628272,0.052138,0.056298,0.068093,0.415130,1.567917,52,2.271923,2.100000,2.450000,0.093934
14181,2022,BRX,BRIXMOR PROPERTY GROUP INC,2.0,9.0,17.0,12,-0.001192,23.045833,6889.020267,8361.102000,1164.926250,268.885500,2746.876500,0.616852,0.023064,0.065849,0.076814,0.402867,1.503514,52,4.583846,2.430000,6.380000,1.112739
14181,2023,BRX,BRIXMOR PROPERTY GROUP INC,2.0,9.0,17.0,12,0.007483,21.844167,6564.250850,8398.277750,1222.575250,356.239250,2864.219750,0.600508,0.003058,0.068815,0.113530,0.437314,1.452643,52,6.111731,5.140000,7.030000,0.497037
14184,2013,CXP,COLUMBIA PROPERTY TRUST INC,2.0,4.0,13.0,3,0.060000,23.550000,3160.245133,5603.439000,510.701000,-0.848000,3008.593000,0.400477,0.011005,0.039531,,0.953862,,52,3.100769,2.560000,3.600000,0.354538
14184,2014,CXP,COLUMBIA PROPERTY TRUST INC,2.0,4.0,13.0,12,0.006100,25.796667,3241.707892,4846.152000,555.345000,32.416250,2828.887000,0.372955,0.015503,0.046584,0.005639,0.873368,,53,3.286038,3.080000,3.560000,0.110058
14184,2015,CXP,COLUMBIA PROPERTY TRUST INC,2.0,4.0,13.0,12,-0.000658,24.690000,3083.632683,4976.576500,560.193000,84.979500,2706.059500,0.413613,0.014863,0.046218,0.022118,0.880683,1.029176,52,3.087500,2.920000,3.250000,0.101109
14184,2016,CXP,COLUMBIA PROPERTY TRUST INC,2.0,4.0,13.0,12,-0.000400,21.905000,2706.278867,4749.267750,556.970750,58.011000,2585.087500,0.415384,0.015223,0.046795,0.024077,0.957866,0.963780,52,2.930769,2.720000,3.550000,0.213200
14184,2017,CXP,COLUMBIA PROPERTY TRUST INC,2.0,4.0,13.0,12,0.008517,22.199167,2698.732317,4240.787000,445.062000,110.947500,2523.286250,0.358792,0.087192,0.040365,0.026755,0.935783,0.994508,52,3.272500,3.080000,3.500000,0.105865
14184,2018,CXP,COLUMBIA PROPERTY TRUST INC,2.0,4.0,13.0,12,-0.010125,21.961667,2604.380767,4362.339750,306.496000,145.473000,2683.077250,0.350124,0.026033,0.015522,0.054589,1.032925,0.960049,52,4.000192,3.380000,4.360000,0.207860
14184,2019,CXP,COLUMBIA PROPERTY TRUST INC,2.0,4.0,13.0,12,0.010792,21.475000,2512.282650,4173.563000,311.278000,21.707250,2747.952750,0.319098,0.003781,0.026061,0.030990,1.094817,0.897551,52,3.391731,3.000000,3.990000,0.299344
14184,2020,CXP,COLUMBIA PROPERTY TRUST INC,2.0,4.0,13.0,12,-0.013967,13.849167,1591.352150,4239.356500,301.413500,6.615000,2606.916750,0.347569,0.042579,0.030527,0.003488,1.701686,1.027975,53,2.604906,2.170000,3.160000,0.277853
14184,2021,CXP,COLUMBIA PROPERTY TRUST INC,2.0,4.0,13.0,11,0.033155,17.135455,1968.102791,4146.707636,309.828727,78.144182,2574.505636,0.330188,0.023938,0.025887,0.025782,1.322968,1.123371,52,2.271923,2.100000,2.450000,0.093934
14196,2013,ESRT,EMPIRE STATE REALTY TRUST INC,2.0,4.0,13.0,3,0.042750,14.633333,1363.997367,1093.773000,279.697000,36.059000,,0.955860,0.103011,0.089642,,,,52,3.100769,2.560000,3.600000,0.354538
14196,2014,ESRT,EMPIRE STATE REALTY TRUST INC,2.0,4.0,13.0,12,0.014392,15.940000,1536.384858,2131.331000,392.458750,38.751250,383.364000,0.610108,0.062819,0.004853,0.098695,0.244409,,53,3.286038,3.080000,3.560000,0.110058
14196,2015,ESRT,EMPIRE STATE REALTY TRUST INC,2.0,4.0,13.0,12,0.005017,17.762500,1989.278933,3291.365750,637.543000,33.020250,469.030750,0.490045,0.032211,0.034316,0.074316,0.236089,0.473607,52,3.087500,2.920000,3.250000,0.101109
14196,2016,ESRT,EMPIRE STATE REALTY TRUST INC,2.0,4.0,13.0,12,0.012833,19.129167,2477.549858,3293.610500,661.793250,34.839750,520.741000,0.496685,0.032111,0.063255,0.061207,0.215870,0.783481,52,2.930769,2.720000,3.550000,0.213200
14196,2017,ESRT,EMPIRE STATE REALTY TRUST INC,2.0,4.0,13.0,12,0.003458,20.664167,3242.400417,3867.724750,681.251500,51.929750,1149.525750,0.414737,0.153431,0.055414,0.052791,0.354648,0.836389,52,3.272500,3.080000,3.500000,0.105865
14196,2018,ESRT,EMPIRE STATE REALTY TRUST INC,2.0,4.0,13.0,12,-0.026358,16.819167,2782.882950,4021.249750,713.863250,62.478750,1172.493750,0.440839,0.154011,0.052047,0.049857,0.422660,0.860062,52,4.000192,3.380000,4.360000,0.207860
14196,2019,ESRT,EMPIRE STATE REALTY TRUST INC,2.0,4.0,13.0,12,0.001433,14.736667,2607.687675,4177.656750,736.196000,60.774000,1220.091000,0.462893,0.153946,0.061675,0.053242,0.468471,0.765287,52,3.391731,3.000000,3.990000,0.299344
14196,2020,ESRT,EMPIRE STATE REALTY TRUST INC,2.0,4.0,13.0,12,-0.011125,8.248333,1451.144995,4268.026000,734.038750,44.394750,1169.836000,0.491822,0.145557,0.056983,0.045549,0.867764,0.770948,53,2.604906,2.170000,3.160000,0.277853
14196,2021,ESRT,EMPIRE STATE REALTY TRUST INC,2.0,4.0,13.0,12,-0.001442,10.551667,1811.677075,4109.101000,613.096000,-12.300750,1058.418000,0.516305,0.132538,0.046421,0.007532,0.589491,1.157163,52,2.271923,2.100000,2.450000,0.093934
14196,2022,ESRT,EMPIRE STATE REALTY TRUST INC,2.0,4.0,13.0,12,-0.015142,7.979167,1325.132475,4213.792750,643.138250,-7.424500,993.332500,0.542681,0.118366,0.048474,-0.012859,0.763604,1.122916,52,4.583846,2.430000,6.380000,1.112739
14196,2023,ESRT,EMPIRE STATE REALTY TRUST INC,2.0,4.0,13.0,12,0.039317,7.862500,1261.067675,4176.716250,726.479000,39.469000,955.238750,0.546259,0.091614,0.053503,0.017803,0.774103,1.255426,52,6.111731,5.140000,7.030000,0.497037
14220,2013,QTS,Q T S REALTY TRUST INC,2.0,4.0,8.0,3,0.085500,22.360000,631.702300,758.432000,158.893000,-6.671000,129.380000,0.739771,0.006197,0.051205,,0.206526,,52,3.100769,2.560000,3.600000,0.354538
14220,2014,QTS,Q T S REALTY TRUST INC,2.0,4.0,8.0,12,0.032567,28.970833,836.970645,870.312750,181.413750,5.916750,264.668500,0.549683,0.007795,0.066586,0.009531,0.311602,,53,3.286038,3.080000,3.560000,0.110058
14220,2015,QTS,Q T S REALTY TRUST INC,2.0,4.0,8.0,12,0.028767,39.658333,1509.209450,1248.681500,225.176250,15.142500,423.520750,0.512009,0.006476,0.064007,0.033016,0.275342,0.170539,52,3.087500,2.920000,3.250000,0.101109
14220,2016,QTS,Q T S REALTY TRUST INC,2.0,4.0,8.0,12,0.012275,50.072500,2331.779967,1802.273250,327.137000,21.352500,695.731750,0.481989,0.005820,0.061876,0.039933,0.303237,0.053328,52,2.930769,2.720000,3.550000,0.213200
14220,2017,QTS,Q T S REALTY TRUST INC,2.0,4.0,8.0,12,0.010983,53.117500,2586.649575,2102.505500,407.071000,20.703250,850.976500,0.466806,0.009599,0.074756,0.028752,0.330175,0.136183,52,3.272500,3.080000,3.500000,0.105865
14220,2018,QTS,Q T S REALTY TRUST INC,2.0,4.0,8.0,12,-0.018508,39.835000,2028.385542,2467.813750,448.184750,1.101250,873.658250,0.473575,0.008386,0.072693,0.011600,0.436462,0.401041,52,4.000192,3.380000,4.360000,0.207860
14220,2019,QTS,Q T S REALTY TRUST INC,2.0,4.0,8.0,12,0.036242,47.850833,2641.773642,2913.008500,453.309250,3.504500,846.432250,0.456459,0.004725,0.066284,-0.002699,0.323623,0.529152,52,3.391731,3.000000,3.990000,0.299344
14220,2020,QTS,Q T S REALTY TRUST INC,2.0,4.0,8.0,12,0.015467,62.655833,3802.136933,3351.715000,486.386250,28.335000,949.915000,0.475037,0.015631,0.063597,0.017256,0.251910,0.372270,53,2.604906,2.170000,3.160000,0.277853
14220,2021,QTS,Q T S REALTY TRUST INC,2.0,4.0,8.0,8,0.034275,69.015000,4808.601637,3866.869000,535.371000,18.313875,1124.297000,0.476097,0.005323,0.073980,0.026601,0.237882,0.331973,52,2.271923,2.100000,2.450000,0.093934
14252,2014,GLPI,GAMING & LEISURE PROPERTIES INC,2.0,1.0,1.0,12,-0.007064,33.656667,3707.806192,2004.996250,305.050750,44.166500,172.365750,0.713731,0.053432,0.059968,0.139227,0.046774,,53,3.286038,3.080000,3.560000,0.110058
14252,2015,GLPI,GAMING & LEISURE PROPERTIES INC,2.0,1.0,1.0,12,0.002975,32.488333,3725.392675,2557.117000,594.223750,140.871500,146.711000,1.006979,0.014055,0.113959,-0.808945,0.037589,0.737332,52,3.087500,2.920000,3.250000,0.101109
14252,2016,GLPI,GAMING & LEISURE PROPERTIES INC,2.0,1.0,1.0,12,0.016392,31.735000,5895.218350,3637.390250,595.901000,138.357000,2386.519000,0.920059,0.015670,0.110340,-0.914062,0.367974,0.852139,52,2.930769,2.720000,3.550000,0.213200
14252,2017,GLPI,GAMING & LEISURE PROPERTIES INC,2.0,1.0,1.0,12,0.022125,35.842500,7553.857667,7365.567250,858.761250,309.713750,2452.680000,0.625240,0.003896,0.073493,-0.141238,0.326500,0.732602,52,3.272500,3.080000,3.500000,0.105865
14252,2018,GLPI,GAMING & LEISURE PROPERTIES INC,2.0,1.0,1.0,12,-0.004400,34.677500,7410.035117,7272.674250,976.247750,381.012750,2437.006750,0.611897,0.009018,0.082799,0.139842,0.329274,0.692817,52,4.000192,3.380000,4.360000,0.207860
14252,2019,GLPI,GAMING & LEISURE PROPERTIES INC,2.0,1.0,1.0,12,0.031350,39.331667,8443.181792,8520.971750,1072.511000,349.725750,2247.851250,0.683353,0.037391,0.078758,0.151927,0.267106,0.656252,52,3.391731,3.000000,3.990000,0.299344
14252,2020,GLPI,GAMING & LEISURE PROPERTIES INC,2.0,1.0,1.0,12,0.016325,37.232917,8174.960083,8625.909000,1148.633000,380.562250,2074.281750,0.703034,0.019402,0.081613,0.172366,0.260567,0.895467,53,2.604906,2.170000,3.160000,0.277853
14252,2021,GLPI,GAMING & LEISURE PROPERTIES INC,2.0,1.0,1.0,12,0.018225,46.030833,10854.113000,8946.040000,1173.854250,513.560000,2558.535000,0.662510,0.035025,0.052244,0.188798,0.235652,0.873463,52,2.271923,2.100000,2.450000,0.093934
14252,2022,GLPI,GAMING & LEISURE PROPERTIES INC,2.0,1.0,1.0,12,0.013075,47.825000,12087.795458,10338.359000,1225.881250,545.801750,3075.399500,0.635873,0.032126,0.077532,0.176581,0.255746,0.905203,52,4.583846,2.430000,6.380000,1.112739
14252,2023,GLPI,GAMING & LEISURE PROPERTIES INC,2.0,1.0,1.0,12,0.001400,49.165000,12983.538500,10963.538500,1333.809000,699.141250,3725.395500,0.588130,0.007205,0.084225,0.175578,0.287940,0.851927,52,6.111731,5.140000,7.030000,0.497037
14268,2013,AHP,ASHFORD HOSPITALITY PRIME INC,2.0,5.0,9.0,2,-0.108000,19.330000,311.850890,842.346000,221.217000,-4.545000,193.114000,0.743009,0.028402,0.032872,,0.621375,,52,3.100769,2.560000,3.600000,0.354538
14268,2014,BHR,BRAEMAR HOTELS & RESORTS INC,2.0,5.0,9.0,12,-0.001817,16.440000,412.231123,1077.902500,257.559250,-8.456250,248.806500,0.636975,0.127170,0.034780,-0.080684,0.603949,,53,3.286038,3.080000,3.560000,0.110058
14268,2015,BHR,BRAEMAR HOTELS & RESORTS INC,2.0,5.0,9.0,12,-0.011300,15.203333,394.275661,1248.721250,311.927250,1.747500,291.037500,0.612287,0.164488,0.026270,-0.029563,0.739050,0.250264,52,3.087500,2.920000,3.250000,0.101109
14268,2016,BHR,BRAEMAR HOTELS & RESORTS INC,2.0,5.0,9.0,12,0.007292,12.726667,346.272098,1328.969750,358.299000,-6.725500,334.454250,0.602937,0.106067,0.023485,-0.008658,0.979554,1.010435,52,2.930769,2.720000,3.550000,0.213200
14268,2017,BHR,BRAEMAR HOTELS & RESORTS INC,2.0,5.0,9.0,12,-0.020183,10.478333,321.440801,1367.726250,403.342750,16.909750,341.034250,0.602368,0.127704,0.041474,0.028236,1.067331,1.050780,52,3.272500,3.080000,3.500000,0.105865
14268,2018,BHR,BRAEMAR HOTELS & RESORTS INC,2.0,5.0,9.0,12,0.000633,10.331667,334.987311,1488.925250,413.459500,22.013250,377.381500,0.592673,0.125961,0.048575,0.061283,1.138534,0.992728,52,4.000192,3.380000,4.360000,0.207860
14268,2019,BHR,BRAEMAR HOTELS & RESORTS INC,2.0,5.0,9.0,12,0.014158,10.520000,345.210159,1692.122000,425.197500,4.129750,373.664750,0.618240,0.120655,0.041300,0.027094,1.106646,1.281430,52,3.391731,3.000000,3.990000,0.299344
14268,2020,BHR,BRAEMAR HOTELS & RESORTS INC,2.0,5.0,9.0,12,0.039950,3.740000,127.305174,1762.501000,434.938000,-23.361500,341.566250,0.655196,0.085213,0.029553,0.001970,3.294870,2.332823,53,2.604906,2.170000,3.160000,0.277853
14268,2021,BHR,BRAEMAR HOTELS & RESORTS INC,2.0,5.0,9.0,12,0.018767,5.540833,285.298962,1704.257750,245.820000,-83.233000,293.378250,0.699919,0.084091,-0.015133,-0.221860,1.049356,2.838815,52,2.271923,2.100000,2.450000,0.093934
14268,2022,BHR,BRAEMAR HOTELS & RESORTS INC,2.0,5.0,9.0,12,-0.004825,5.084167,353.297514,1965.063750,466.182000,-15.065500,405.558000,0.645375,0.131044,0.037281,-0.197770,1.181346,2.675321,52,4.583846,2.430000,6.380000,1.112739
14268,2023,BHR,BRAEMAR HOTELS & RESORTS INC,2.0,5.0,9.0,12,-0.023533,3.511667,234.520683,2319.710000,692.448750,14.756250,383.267000,0.563336,0.136527,0.047063,-0.002592,1.761727,2.546660,52,6.111731,5.140000,7.030000,0.497037
14279,2013,STAY,EXTENDED STAY AMERICA INC,2.0,5.0,9.0,2,0.042900,25.720000,5155.574000,4566.418000,1082.321000,49.916000,812.812000,0.789587,0.056892,0.044203,,0.157726,,52,3.100769,2.560000,3.600000,0.354538
14279,2014,STAY,EXTENDED STAY AMERICA INC,2.0,5.0,9.0,12,-0.020817,22.635000,4615.474017,4521.047500,1142.102500,81.099750,1227.650500,0.687252,0.041345,0.062276,0.061628,0.270208,,53,3.286038,3.080000,3.560000,0.110058
14279,2015,STAY,EXTENDED STAY AMERICA INC,2.0,5.0,9.0,12,-0.009850,18.667500,3819.158133,4509.745750,1223.231750,150.228250,1405.430750,0.646262,0.049035,0.084055,0.088892,0.369959,0.726914,52,3.087500,2.920000,3.250000,0.101109
14279,2016,STAY,EXTENDED STAY AMERICA INC,2.0,5.0,9.0,12,0.009608,14.772500,2989.753783,4482.512500,1279.445250,249.581750,1456.134750,0.621185,0.080537,0.092894,0.156077,0.488816,1.176277,52,2.930769,2.720000,3.550000,0.213200
14279,2017,STAY,EXTENDED STAY AMERICA INC,2.0,5.0,9.0,12,0.019242,18.341667,3546.634375,4158.780250,1273.855500,186.587750,1372.393250,0.621333,0.026371,0.102998,0.148420,0.389718,1.102001,52,3.272500,3.080000,3.500000,0.105865
14279,2018,STAY,EXTENDED STAY AMERICA INC,2.0,5.0,9.0,12,-0.009233,19.495833,3708.613183,4040.739750,1283.952500,181.164750,1322.633750,0.621590,0.047521,0.111513,0.124052,0.360055,1.097437,52,4.000192,3.380000,4.360000,0.207860
14279,2019,STAY,EXTENDED STAY AMERICA INC,2.0,5.0,9.0,12,0.003117,16.205833,3023.499325,3954.808250,1264.996500,209.120250,1309.703000,0.614547,0.081869,0.111633,0.147556,0.437951,1.172380,52,3.391731,3.000000,3.990000,0.299344
14279,2020,STAY,EXTENDED STAY AMERICA INC,2.0,5.0,9.0,12,0.019633,11.707500,2080.353317,4231.804250,1190.708500,141.639750,1163.998250,0.673710,0.133211,0.089017,0.149214,0.578610,1.520652,53,2.604906,2.170000,3.160000,0.277853
14279,2021,STAY,EXTENDED STAY AMERICA INC,2.0,5.0,9.0,5,0.068420,18.024000,3202.876480,4077.619400,1057.259000,71.150200,1139.949000,0.661745,0.098534,0.062440,0.140391,0.361519,1.480756,52,2.271923,2.100000,2.450000,0.093934
14334,2013,CTT,CATCHMARK TIMBER TRUST INC,2.0,1.0,1.0,1,,13.950000,194.379300,347.248000,34.666000,-9.704000,158.019000,0.381157,0.042362,0.014405,,0.812942,,52,3.100769,2.560000,3.600000,0.354538
14334,2014,CTT,CATCHMARK TIMBER TRUST INC,2.0,1.0,1.0,12,-0.012625,12.551667,291.717065,359.912500,33.837500,-10.972500,255.373250,0.230378,0.022781,0.003953,-0.047144,0.914669,,53,3.286038,3.080000,3.560000,0.110058
14334,2015,CTT,CATCHMARK TIMBER TRUST INC,2.0,1.0,1.0,12,0.004550,11.255833,434.379141,544.620250,57.408250,-2.119500,440.893500,0.168906,0.047880,0.038737,-0.018777,1.018915,1.019763,52,3.087500,2.920000,3.250000,0.101109
14334,2016,CTT,CATCHMARK TIMBER TRUST INC,2.0,1.0,1.0,12,0.005000,11.187500,434.431921,617.366500,74.004500,-6.986500,406.598500,0.322049,0.019871,0.051916,-0.011284,0.938461,0.725010,52,2.930769,2.720000,3.550000,0.213200
14334,2017,CTT,CATCHMARK TIMBER TRUST INC,2.0,1.0,1.0,12,0.017792,11.815000,472.902156,703.048500,81.728000,-11.309750,376.326750,0.450761,0.017014,0.042048,-0.025448,0.807986,0.728462,52,3.272500,3.080000,3.500000,0.105865
14334,2018,CTT,CATCHMARK TIMBER TRUST INC,2.0,1.0,1.0,12,-0.043117,11.485000,551.486055,734.233000,93.137000,-13.952750,420.175250,0.415664,0.013580,0.038322,-0.031690,0.798812,0.795394,52,4.000192,3.380000,4.360000,0.207860
14334,2019,CTT,CATCHMARK TIMBER TRUST INC,2.0,1.0,1.0,12,0.048783,10.330833,506.707905,809.583000,24.943000,-134.478000,302.562250,0.611995,0.010328,0.034508,-0.235253,0.607754,1.300680,52,3.391731,3.000000,3.990000,0.299344
14334,2020,CTT,CATCHMARK TIMBER TRUST INC,2.0,1.0,1.0,12,-0.006458,8.957500,437.335688,652.261250,44.991000,-80.756000,173.291250,0.685636,0.018400,0.052636,-0.440629,0.403013,1.135703,53,2.604906,2.170000,3.160000,0.277853
14334,2021,CTT,CATCHMARK TIMBER TRUST INC,2.0,1.0,1.0,12,0.004467,10.404167,508.428358,604.460250,100.881000,-15.888500,132.151500,0.725950,0.022838,0.067922,-0.281161,0.265255,1.081352,52,2.271923,2.100000,2.450000,0.093934
14334,2022,CTT,CATCHMARK TIMBER TRUST INC,2.0,1.0,1.0,8,0.039962,9.501250,467.007129,510.172125,106.538500,45.407375,173.536875,0.618819,0.048367,0.094516,0.035226,0.375338,1.015170,52,4.583846,2.430000,6.380000,1.112739
14500,2014,BRG,BLUEROCK RESIDENTIAL GR REIT INC,2.0,8.0,2.0,10,-0.007356,12.882010,68.605272,218.753800,12.485300,-3.552600,28.236400,0.605310,0.042458,-0.002458,,0.356667,,53,3.286038,3.080000,3.560000,0.110058
14500,2015,BRG,BLUEROCK RESIDENTIAL GR REIT INC,2.0,8.0,2.0,12,0.005225,12.577500,204.482503,412.736750,34.022750,-2.987000,129.032750,0.586694,0.120201,0.016934,-0.055983,0.612862,0.337879,52,3.087500,2.920000,3.250000,0.101109
14500,2016,BRG,BLUEROCK RESIDENTIAL GR REIT INC,2.0,8.0,2.0,12,0.022325,12.155000,236.869291,730.959250,57.249000,-0.729750,202.103000,0.563733,0.101643,0.028287,-0.018292,0.866506,0.614055,52,2.930769,2.720000,3.550000,0.213200
14500,2017,BRG,BLUEROCK RESIDENTIAL GR REIT INC,2.0,8.0,2.0,12,-0.013150,11.895833,287.056512,1247.795750,96.645250,4.457750,200.163250,0.553436,0.121959,0.027638,-0.011004,0.708828,0.663321,52,3.272500,3.080000,3.500000,0.105865
14500,2018,BRG,BLUEROCK RESIDENTIAL GR REIT INC,2.0,8.0,2.0,12,-0.000317,8.970833,214.157230,1705.934250,141.598750,-13.518750,150.555250,0.595577,0.052380,0.029744,-0.069641,0.714326,0.667072,52,4.000192,3.380000,4.360000,0.207860
14500,2019,BRG,BLUEROCK RESIDENTIAL GR REIT INC,2.0,8.0,2.0,12,0.030042,11.535000,266.685723,2011.719500,198.225000,-9.413250,67.493500,0.636207,0.026542,0.032902,-0.049791,0.258106,0.574303,52,3.391731,3.000000,3.990000,0.299344
14500,2020,BRG,BLUEROCK RESIDENTIAL GR REIT INC,2.0,8.0,2.0,12,0.032008,8.465833,205.261957,2355.512250,221.835000,43.846750,57.077750,0.614735,0.051412,0.030275,0.359246,0.293491,0.991827,53,2.604906,2.170000,3.160000,0.277853
14500,2021,BRG,BLUEROCK RESIDENTIAL GR REIT INC,2.0,8.0,2.0,12,0.089883,12.646667,330.039724,2451.129000,230.159000,50.615250,46.007667,0.600400,0.061214,0.029847,-1.852008,0.139222,0.993626,52,2.271923,2.100000,2.450000,0.093934
14500,2022,BRG,BLUEROCK RESIDENTIAL GR REIT INC,2.0,8.0,2.0,9,0.002933,26.582222,778.103214,2550.007000,235.727667,78.508667,21.114667,0.533186,0.087567,0.031871,0.384867,0.028000,0.804097,52,4.583846,2.430000,6.380000,1.112739
14559,2014,CIO,CITY OFFICE REIT INC,2.0,4.0,13.0,9,0.009262,12.871100,97.267268,190.877667,25.197667,-2.878000,33.150000,0.746442,0.092084,0.016764,,0.347928,,53,3.286038,3.080000,3.560000,0.110058
14559,2015,CIO,CITY OFFICE REIT INC,2.0,4.0,13.0,12,0.001292,12.205833,151.259014,299.335500,38.215750,-4.806750,66.874250,0.669088,0.103369,0.026099,-0.037910,0.444831,0.128321,52,3.087500,2.920000,3.250000,0.101109
14559,2016,CIO,CITY OFFICE REIT INC,2.0,4.0,13.0,12,0.013933,12.394167,258.315054,452.514000,56.921500,-6.388750,86.731250,0.734035,0.073533,0.030253,-0.074187,0.350939,0.045753,52,2.930769,2.720000,3.550000,0.213200
14559,2017,CIO,CITY OFFICE REIT INC,2.0,4.0,13.0,12,0.005867,12.822500,393.964900,663.576000,78.348250,2.057500,174.401500,0.564792,0.080995,0.030331,-0.045166,0.442075,0.065518,52,3.272500,3.080000,3.500000,0.105865
14559,2018,CIO,CITY OFFICE REIT INC,2.0,4.0,13.0,12,-0.010050,11.698333,428.468288,885.580750,108.355000,26.747500,248.970250,0.542697,0.042559,0.039457,0.011089,0.580709,0.260790,52,4.000192,3.380000,4.360000,0.207860
14559,2019,CIO,CITY OFFICE REIT INC,2.0,4.0,13.0,12,0.031233,12.504167,545.607182,1102.131250,134.264250,16.014250,281.390250,0.590975,0.030674,0.039926,0.087694,0.540901,0.514621,52,3.391731,3.000000,3.990000,0.299344
14559,2020,CIO,CITY OFFICE REIT INC,2.0,4.0,13.0,12,0.001750,9.238333,450.203343,1232.154750,156.186000,0.166000,383.005500,0.548434,0.073538,0.044331,0.058126,0.909563,1.096338,53,2.604906,2.170000,3.160000,0.277853
14559,2021,CIO,CITY OFFICE REIT INC,2.0,4.0,13.0,12,0.068200,13.932500,605.795732,1136.601750,160.429000,29.445250,326.058250,0.565517,0.037614,0.054815,0.010379,0.567219,1.436920,52,2.271923,2.100000,2.450000,0.093934
14559,2022,CIO,CITY OFFICE REIT INC,2.0,4.0,13.0,12,-0.060325,13.245833,565.764462,1499.364000,168.134500,364.386500,657.185250,0.442844,0.039887,0.056894,0.379150,1.314742,1.469705,52,4.583846,2.430000,6.380000,1.112739
14559,2023,CIO,CITY OFFICE REIT INC,2.0,4.0,13.0,12,-0.002383,5.885833,234.722777,1568.010500,179.578750,115.554250,689.667750,0.445526,0.030455,0.059893,0.280749,3.136097,1.574807,52,6.111731,5.140000,7.030000,0.497037
14566,2014,FPI,FARMLAND PARTNERS INC,2.0,1.0,1.0,9,-0.031488,11.826667,74.849113,52.492000,2.497667,-0.278000,27.855000,0.838201,0.023943,0.000605,,0.339551,,53,3.286038,3.080000,3.560000,0.110058
14566,2015,FPI,FARMLAND PARTNERS INC,2.0,1.0,1.0,12,0.009767,11.088333,107.615068,213.218250,5.342750,-0.573500,69.010250,0.515518,0.195712,0.018237,-0.008560,0.659328,0.412285,52,3.087500,2.920000,3.250000,0.101109
14566,2016,FPI,FARMLAND PARTNERS INC,2.0,1.0,1.0,12,0.005800,11.080833,148.886181,476.221500,15.215000,0.566500,111.618250,0.513475,0.075468,0.016649,0.003038,0.762088,0.397696,52,2.930769,2.720000,3.550000,0.213200
14566,2017,FPI,FARMLAND PARTNERS INC,2.0,1.0,1.0,12,-0.015133,9.694167,301.113967,813.070000,31.673500,3.353750,233.116750,0.473383,0.033903,0.001741,0.020218,0.797996,0.471737,52,3.272500,3.080000,3.500000,0.105865
14566,2018,FPI,FARMLAND PARTNERS INC,2.0,1.0,1.0,12,-0.041275,7.253333,236.687677,1154.122250,48.120000,8.510250,314.084750,0.438690,0.050228,0.007345,0.025301,1.371489,0.546509,52,4.000192,3.380000,4.360000,0.207860
14566,2019,FPI,FARMLAND PARTNERS INC,2.0,1.0,1.0,12,0.042817,6.330000,194.868172,1133.589750,54.749000,12.916250,296.019250,0.459089,0.018138,0.016485,0.034429,1.531265,0.976026,52,3.391731,3.000000,3.990000,0.299344
14566,2020,FPI,FARMLAND PARTNERS INC,2.0,1.0,1.0,12,0.026533,6.845833,204.521952,1097.469750,53.774000,12.137250,286.951750,0.465931,0.010865,0.014626,0.044837,1.417084,0.704876,53,2.604906,2.170000,3.160000,0.277853
14566,2021,FPI,FARMLAND PARTNERS INC,2.0,1.0,1.0,12,0.032192,11.909167,409.796031,1087.581000,51.337250,8.166500,289.996250,0.460428,0.025361,0.017736,0.033962,0.723393,0.854836,52,2.271923,2.100000,2.450000,0.093934
14566,2022,FPI,FARMLAND PARTNERS INC,2.0,1.0,1.0,12,0.008408,13.510000,683.083404,1114.659250,52.647750,9.055750,453.668250,0.426156,0.019583,0.007523,0.022942,0.659688,0.788809,52,4.583846,2.430000,6.380000,1.112739
14566,2023,FPI,FARMLAND PARTNERS INC,2.0,1.0,1.0,12,0.007008,11.369167,580.344412,1141.952750,60.687000,14.747750,561.144750,0.385201,0.008758,0.015972,0.020808,0.973566,0.780250,52,6.111731,5.140000,7.030000,0.497037
14575,2014,NYRT,NEW YORK REIT INC,2.0,2.0,4.0,9,0.002813,10.688889,1750.427311,1965.578667,82.158333,-45.939000,1358.883000,0.243602,0.087036,0.006518,,0.777683,,53,3.286038,3.080000,3.560000,0.110058
14575,2015,NYRT,NEW YORK REIT INC,2.0,2.0,4.0,12,0.012233,10.400833,1689.066250,2101.017500,155.606750,-75.094500,1137.863750,0.383323,0.017504,0.005970,-0.081109,0.677338,0.478622,52,3.087500,2.920000,3.250000,0.101109
14575,2016,NYRT,NEW YORK REIT INC,2.0,2.0,4.0,12,-0.005983,9.643333,1592.847833,2043.528500,173.446250,-39.924250,1035.881000,0.421592,0.045454,0.016217,-0.055827,0.651092,0.601576,52,2.930769,2.720000,3.550000,0.213200
14575,2017,NYRT,NEW YORK REIT INC,2.0,2.0,4.0,12,-0.030358,8.125000,1360.872333,2651.844750,163.622500,-78.101750,1245.828500,0.475745,0.044224,-0.000982,-0.067446,1.031476,0.515354,52,3.272500,3.080000,3.500000,0.105865
14575,2018,NYRT,NEW YORK REIT INC,2.0,2.0,4.0,10,0.011380,15.300000,320.248317,1601.903200,162.998000,-82.526000,842.367800,0.252701,0.227733,-0.001565,-0.088645,2.567737,0.410954,52,4.000192,3.380000,4.360000,0.207860
14598,2014,HCT,AMERICAN REALTY CAP HLTHCR TR IN,2.0,3.0,6.0,9,0.023387,10.877778,1857.522444,1934.336000,163.837667,-55.859667,1331.366333,0.270713,0.049330,0.032488,,0.720848,,53,3.286038,3.080000,3.560000,0.110058
14638,2014,WPG,WASHINGTON PRIME GROUP INC,2.0,9.0,18.0,8,-0.015457,18.325000,2843.777150,3176.720625,633.094875,167.844500,1346.287375,0.489359,0.015907,0.112045,,0.468042,,53,3.286038,3.080000,3.560000,0.110058
14638,2015,WPG,WASHINGTON PRIME GROUP INC NEW,2.0,9.0,18.0,12,-0.032625,13.694167,2534.787925,4920.748750,718.282000,135.993750,1001.609250,0.668344,0.030797,0.070299,0.215485,0.419188,,52,3.087500,2.920000,3.250000,0.101109
14638,2016,WPG,WASHINGTON PRIME GROUP INC NEW,2.0,9.0,18.0,12,0.011242,10.735833,1989.782725,5415.764000,884.915750,-40.510000,1016.131000,0.667441,0.018012,0.057779,0.040688,0.523450,0.940497,52,2.930769,2.720000,3.550000,0.213200
14638,2017,WPG,WASHINGTON PRIME GROUP INC NEW,2.0,9.0,18.0,12,-0.019392,8.347500,1549.249042,4980.967000,836.995750,66.342500,898.886500,0.678682,0.014559,0.059392,0.008887,0.586495,1.092909,52,3.272500,3.080000,3.500000,0.105865
14638,2018,WPG,WASHINGTON PRIME GROUP INC NEW,2.0,9.0,18.0,12,-0.014825,6.852500,1274.406028,4473.608500,753.808500,161.887500,874.266500,0.660782,0.014428,0.070588,0.159576,0.696948,1.056432,52,4.000192,3.380000,4.360000,0.207860
14638,2019,WPG,WASHINGTON PRIME GROUP INC NEW,2.0,9.0,18.0,12,0.002825,4.375000,815.505889,4363.391250,715.495500,75.961000,751.702000,0.691608,0.016328,0.061286,0.160054,0.947292,1.215842,52,3.391731,3.000000,3.990000,0.299344
14638,2020,WPG,WASHINGTON PRIME GROUP INC NEW,2.0,9.0,18.0,4,0.047950,3.322500,350.589493,4249.894000,651.555000,-4.891500,551.687000,0.739415,0.027837,0.040900,0.062312,2.100926,1.598553,53,2.604906,2.170000,3.160000,0.277853
14638,2021,WPG,WASHINGTON PRIME GROUP INC NEW,2.0,9.0,18.0,8,-0.049250,4.085000,90.593917,4128.323250,585.362125,-185.678500,378.440375,0.783751,0.029487,0.019897,-0.239872,6.069889,2.135596,52,2.271923,2.100000,2.450000,0.093934
14651,2014,CTRE,CARETRUST REIT INC,2.0,3.0,6.0,7,-0.005800,16.094286,375.262441,468.918714,50.974857,-5.851143,161.178000,0.638534,0.068281,0.061868,,0.433358,,53,3.286038,3.080000,3.560000,0.110058
14651,2015,CTRE,CARETRUST REIT INC,2.0,3.0,6.0,12,-0.003467,12.243333,461.290817,498.619250,60.961250,-4.227000,120.547250,0.735565,0.077665,0.056290,-0.071769,0.268532,,52,3.087500,2.920000,3.250000,0.101109
14651,2016,CTRE,CARETRUST REIT INC,2.0,3.0,6.0,12,0.034042,13.490000,770.460665,726.281000,78.729000,12.014000,313.203750,0.544546,0.013243,0.058491,-0.007588,0.412373,0.920542,52,2.930769,2.720000,3.550000,0.213200
14651,2017,CTRE,CARETRUST REIT INC,2.0,3.0,6.0,12,0.011908,17.668333,1294.970902,941.985500,108.547750,29.496000,495.282000,0.451040,0.014382,0.073072,0.053786,0.380934,0.836316,52,3.272500,3.080000,3.500000,0.105865
14651,2018,CTRE,CARETRUST REIT INC,2.0,3.0,6.0,12,0.017158,16.511667,1322.385792,1185.393750,136.175000,32.380250,608.279750,0.460589,0.010042,0.073256,0.052416,0.472793,0.897893,52,4.000192,3.380000,4.360000,0.207860
14651,2019,CTRE,CARETRUST REIT INC,2.0,3.0,6.0,12,0.015083,23.032917,2157.796517,1396.916000,158.586500,56.932000,814.366250,0.391824,0.045887,0.075262,0.062112,0.379298,0.832590,52,3.391731,3.000000,3.990000,0.299344
14651,2020,CTRE,CARETRUST REIT INC,2.0,3.0,6.0,12,0.018683,18.667083,1780.023800,1506.214500,164.267000,46.523500,923.579000,0.361410,0.012918,0.085328,0.060569,0.526053,0.887166,53,2.604906,2.170000,3.160000,0.277853
14651,2021,CTRE,CARETRUST REIT INC,2.0,3.0,6.0,12,0.008033,22.402917,2156.854233,1625.973250,180.082750,81.944750,921.307000,0.400635,0.051742,0.089520,0.072427,0.428697,0.882519,52,2.271923,2.100000,2.450000,0.093934
14651,2022,CTRE,CARETRUST REIT INC,2.0,3.0,6.0,12,-0.006175,19.045833,1846.786750,1641.056750,191.137250,40.643500,879.055750,0.433051,0.014384,0.095217,0.082711,0.479403,0.922138,52,4.583846,2.430000,6.380000,1.112739
14651,2023,CTRE,CARETRUST REIT INC,2.0,3.0,6.0,12,0.021208,20.595000,2119.042025,1656.377750,198.678750,19.421500,829.097750,0.467014,0.007262,0.087875,0.027597,0.397014,0.908060,52,6.111731,5.140000,7.030000,0.497037
14686,2017,CLNS,COLONY NORTHSTAR INC,2.0,2.0,4.0,12,-0.008918,13.249167,6441.606100,17526.423750,1331.447750,121.541000,5014.457500,0.401184,0.045686,0.026659,0.419079,0.821646,1.237349,52,3.272500,3.080000,3.500000,0.105865
14686,2018,NSAM,NORTHSTAR ASSET MANAGEMENT GROUP,2.0,2.0,4.0,12,-0.058017,6.309167,3266.936842,24290.155750,2858.872750,-194.289750,6702.993000,0.433858,0.045870,0.023246,0.078713,2.122396,1.099455,52,4.000192,3.380000,4.360000,0.207860
14686,2019,NSAM,NORTHSTAR ASSET MANAGEMENT GROUP,2.0,2.0,4.0,12,0.019692,5.306667,2583.050792,22600.024500,2657.039250,-627.012500,5521.443000,0.437894,0.033228,0.021849,-0.066264,2.149248,1.325833,52,3.391731,3.000000,3.990000,0.299344
14686,2020,NSAM,NORTHSTAR ASSET MANAGEMENT GROUP,2.0,2.0,4.0,12,0.044567,3.095833,1496.811320,19324.943500,1642.618500,-1403.456750,3516.715250,0.485544,0.064987,0.007814,-0.183767,2.792170,1.640808,53,2.604906,2.170000,3.160000,0.277853
14686,2021,NSAM,NORTHSTAR ASSET MANAGEMENT GROUP,2.0,2.0,4.0,12,0.051900,6.834167,3373.827542,17947.551500,555.334500,-752.105000,1377.884500,0.378311,0.052528,0.005739,-1.142840,0.422440,1.717462,52,2.271923,2.100000,2.450000,0.093934
14686,2022,NSAM,NORTHSTAR ASSET MANAGEMENT GROUP,2.0,2.0,4.0,12,-0.078950,9.464167,3035.427142,13187.560500,1173.265000,-118.805750,892.147500,0.431430,0.088686,0.017828,-0.882218,0.302180,1.702391,52,4.583846,2.430000,6.380000,1.112739
14686,2023,NSAM,NORTHSTAR ASSET MANAGEMENT GROUP,2.0,2.0,4.0,12,0.047842,15.027500,2430.173325,11067.456500,1017.675000,-210.352000,746.694500,0.524702,0.072601,0.024755,-0.318137,0.320197,1.876391,52,6.111731,5.140000,7.030000,0.497037
14974,2014,SNR,NEW SENIOR INVESTMENT GROUP INC,2.0,3.0,6.0,2,-0.054400,17.045000,1131.787950,1771.184000,176.106000,-45.771000,581.931000,0.623415,0.032320,-0.005142,,0.514797,,53,3.286038,3.080000,3.560000,0.110058
14974,2015,SNR,NEW SENIOR INVESTMENT GROUP INC,2.0,3.0,6.0,12,-0.035183,13.282500,1007.871503,2195.221250,261.894000,-54.560750,673.875500,0.648331,0.083932,0.015383,-0.071550,0.689395,,52,3.087500,2.920000,3.250000,0.101109
14974,2016,SNR,NEW SENIOR INVESTMENT GROUP INC,2.0,3.0,6.0,12,0.009625,10.608333,873.704772,2980.717000,405.343000,-82.079750,731.816000,0.719622,0.044221,0.025365,-0.092474,0.844941,1.001354,52,2.930769,2.720000,3.550000,0.213200
14974,2017,SNR,NEW SENIOR INVESTMENT GROUP INC,2.0,3.0,6.0,12,-0.010367,9.524167,782.336171,2801.282250,470.122750,-63.457750,564.844250,0.757393,0.033816,0.033580,-0.117561,0.726304,1.034543,52,3.272500,3.080000,3.500000,0.105865
14974,2018,SNR,NEW SENIOR INVESTMENT GROUP INC,2.0,3.0,6.0,12,-0.036583,6.838333,561.762238,2529.026500,452.561250,-9.150250,470.382500,0.776398,0.056869,0.031798,-0.037925,0.860884,0.823175,52,4.000192,3.380000,4.360000,0.207860
14974,2019,SNR,NEW SENIOR INVESTMENT GROUP INC,2.0,3.0,6.0,12,0.065025,6.460833,533.615852,2287.013500,459.922000,-119.243750,289.170000,0.830745,0.041528,0.037686,-0.319053,0.565475,1.058398,52,3.391731,3.000000,3.990000,0.299344
14974,2020,SNR,NEW SENIOR INVESTMENT GROUP INC,2.0,3.0,6.0,12,0.014292,4.373333,362.791208,2042.825500,353.128750,-11.131500,231.571500,0.805646,0.047903,0.038947,-0.230107,0.702014,1.580659,53,2.604906,2.170000,3.160000,0.277853
14974,2021,SNR,NEW SENIOR INVESTMENT GROUP INC,2.0,3.0,6.0,8,0.075188,7.202500,602.713209,1780.275875,336.139625,-20.877125,203.937375,0.835969,0.030096,0.029144,-0.001611,0.352574,1.822186,52,2.271923,2.100000,2.450000,0.093934
15044,2014,MORE,MONOGRAM RESIDENTIAL TRUST INC,2.0,8.0,2.0,2,-0.017900,9.382500,1584.347700,2972.397000,210.202000,-13.645000,1250.381000,0.355815,0.070726,0.019200,,0.789343,,53,3.286038,3.080000,3.560000,0.110058
15044,2015,MORE,MONOGRAM RESIDENTIAL TRUST INC,2.0,8.0,2.0,12,0.007425,9.435000,1574.822992,3131.516500,224.337750,5.040750,1197.682000,0.397375,0.045116,0.023567,-0.005100,0.761431,,52,3.087500,2.920000,3.250000,0.101109
15044,2016,MORE,MONOGRAM RESIDENTIAL TRUST INC,2.0,8.0,2.0,12,0.012150,10.158333,1693.880625,3267.436250,252.561750,55.400500,1155.687500,0.465098,0.028057,0.030634,0.034770,0.685834,0.738896,52,2.930769,2.720000,3.550000,0.213200
15044,2017,MORE,MONOGRAM RESIDENTIAL TRUST INC,2.0,8.0,2.0,8,0.018262,10.488750,1751.038950,3191.326000,285.651875,19.865750,1141.120750,0.473597,0.039884,0.033357,0.042676,0.654783,0.652518,52,3.272500,3.080000,3.500000,0.105865
15048,2014,PGRE,PARAMOUNT GROUP INC,2.0,4.0,13.0,2,-0.011200,18.695000,3776.704350,2922.691000,424.505000,16.514000,511.363000,0.208544,0.108723,0.011457,,0.135650,,53,3.286038,3.080000,3.560000,0.110058
15048,2015,PGRE,PARAMOUNT GROUP INC,2.0,4.0,13.0,12,0.000867,18.015000,3820.484308,7514.485750,461.945250,58.076500,3036.051750,0.295661,0.061299,-0.010845,0.020154,0.807997,,52,3.087500,2.920000,3.250000,0.101109
15048,2016,PGRE,PARAMOUNT GROUP INC,2.0,4.0,13.0,12,-0.006533,16.314167,3520.055325,8648.303750,690.937750,11.032500,3789.478750,0.347607,0.033600,0.001200,0.007712,1.079846,0.655752,52,2.930769,2.720000,3.550000,0.213200
15048,2017,PGRE,PARAMOUNT GROUP INC,2.0,4.0,13.0,12,0.001933,16.186667,3791.646275,8652.558250,702.805250,22.304500,3992.623000,0.397032,0.023203,0.008998,-0.001942,1.053840,0.703952,52,3.272500,3.080000,3.500000,0.105865
15048,2018,PGRE,PARAMOUNT GROUP INC,2.0,4.0,13.0,12,-0.015733,14.626667,3509.878900,8932.862500,733.089000,52.370000,4159.580000,0.400552,0.027417,0.022188,0.011027,1.189530,0.731901,52,4.000192,3.380000,4.360000,0.207860
15048,2019,PGRE,PARAMOUNT GROUP INC,2.0,4.0,13.0,12,0.012050,13.926667,3248.592450,8818.181750,761.285000,15.319500,4018.285000,0.410453,0.045344,0.021201,0.009951,1.238006,0.835073,52,3.391731,3.000000,3.990000,0.299344
15048,2020,PGRE,PARAMOUNT GROUP INC,2.0,4.0,13.0,12,-0.012500,8.813333,1967.898867,8725.330750,746.357500,-11.525000,3770.572750,0.440671,0.046035,0.029041,-0.004733,2.028072,0.979076,53,2.604906,2.170000,3.160000,0.277853
15048,2021,PGRE,PARAMOUNT GROUP INC,2.0,4.0,13.0,12,-0.002475,9.361667,2050.708383,8616.419750,697.834250,-26.806250,3643.043750,0.447687,0.059467,0.028838,-0.008009,1.791991,1.253559,52,2.271923,2.100000,2.450000,0.093934
15048,2022,PGRE,PARAMOUNT GROUP INC,2.0,4.0,13.0,12,-0.017458,8.044167,1770.288075,8505.239500,708.409500,-14.502750,3618.009250,0.451044,0.060963,0.029848,-0.006129,2.134675,1.165693,52,4.583846,2.430000,6.380000,1.112739
15048,2023,PGRE,PARAMOUNT GROUP INC,2.0,4.0,13.0,12,-0.002925,4.877500,1060.812018,8449.450500,683.465250,-39.243750,3584.176250,0.454591,0.058529,0.028908,-0.008275,3.423309,1.196669,52,6.111731,5.140000,7.030000,0.497037
15052,2014,STOR,STORE CAPITAL CORP,2.0,8.0,1.0,2,0.041400,21.235000,2355.343750,1786.100000,108.904000,22.318000,773.914000,0.555163,0.041607,0.030756,,0.328680,,53,3.286038,3.080000,3.560000,0.110058
15052,2015,STOR,STORE CAPITAL CORP,2.0,8.0,1.0,12,0.011233,21.780000,2674.530683,3006.314750,220.911000,54.781000,1495.219750,0.490769,0.026969,0.035517,0.030416,0.559766,,52,3.087500,2.920000,3.250000,0.101109
15052,2016,STOR,STORE CAPITAL CORP,2.0,8.0,1.0,12,0.011050,26.873333,4013.992317,4065.824750,296.304500,88.618750,2055.347500,0.475625,0.019208,0.047264,0.036397,0.515888,0.085034,52,2.930769,2.720000,3.550000,0.213200
15052,2017,STOR,STORE CAPITAL CORP,2.0,8.0,1.0,12,0.010725,24.121667,4347.966042,5178.352000,387.638750,132.359250,2686.628250,0.461865,0.036255,0.049473,0.045915,0.619564,0.067607,52,3.272500,3.080000,3.500000,0.105865
15052,2018,STOR,STORE CAPITAL CORP,2.0,8.0,1.0,12,0.011717,26.995833,5440.144800,5991.270500,466.136000,169.341250,3244.466500,0.435217,0.008517,0.053234,0.050502,0.600367,0.103247,52,4.000192,3.380000,4.360000,0.207860
15052,2019,STOR,STORE CAPITAL CORP,2.0,8.0,1.0,12,0.027908,35.570833,8107.951450,7261.258250,557.654500,212.314750,3897.461750,0.438343,0.005776,0.054532,0.054051,0.483808,0.245923,52,3.391731,3.000000,3.990000,0.299344
15052,2020,STOR,STORE CAPITAL CORP,2.0,8.0,1.0,12,0.016358,26.987500,6724.821608,8562.948250,670.779000,285.872750,4530.827750,0.447278,0.043201,0.052831,0.060461,0.712416,0.820733,53,2.604906,2.170000,3.160000,0.277853
15052,2021,STOR,STORE CAPITAL CORP,2.0,8.0,1.0,12,0.006517,34.051667,9178.231000,9043.701000,704.805500,215.500000,5032.935750,0.418832,0.020672,0.049951,0.051199,0.549583,1.058203,52,2.271923,2.100000,2.450000,0.093934
15052,2022,STOR,STORE CAPITAL CORP,2.0,8.0,1.0,12,-0.000100,29.737500,8316.014708,9913.930000,804.455250,286.323250,5226.208500,0.447507,0.004734,0.060398,0.048092,0.631025,1.011317,52,4.583846,2.430000,6.380000,1.112739
15052,2023,STOR,STORE CAPITAL CORP,2.0,8.0,1.0,1,0.004700,32.210000,9105.315000,10505.981000,886.474000,321.133000,5344.411000,0.465058,0.004768,0.063777,0.052166,0.586955,0.853887,52,6.111731,5.140000,7.030000,0.497037
15142,2015,UE,URBAN EDGE PROPERTIES,2.0,9.0,17.0,12,0.002955,22.629167,2268.369033,1870.253500,317.450750,46.682000,354.676500,0.681226,0.074634,0.078853,,0.155919,,52,3.087500,2.920000,3.250000,0.101109
15142,2016,UE,URBAN EDGE PROPERTIES,2.0,9.0,17.0,12,0.017117,27.019167,2686.587992,1913.509000,322.819000,58.506000,446.217000,0.642224,0.094197,0.071369,0.088566,0.166884,0.315680,52,2.930769,2.720000,3.550000,0.213200
15142,2017,UE,URBAN EDGE PROPERTIES,2.0,9.0,17.0,12,-0.002567,25.330833,2719.332875,2106.179750,349.942250,100.763250,524.473750,0.605763,0.079640,0.068356,0.151990,0.192472,0.368956,52,3.272500,3.080000,3.500000,0.105865
15142,2018,UE,URBAN EDGE PROPERTIES,2.0,9.0,17.0,12,-0.029750,21.357500,2434.810858,2792.813250,396.322750,70.495750,909.098250,0.543751,0.167768,0.055196,0.126169,0.376455,0.441191,52,4.000192,3.380000,4.360000,0.207860
15142,2019,UE,URBAN EDGE PROPERTIES,2.0,9.0,17.0,12,0.019358,18.920000,2264.514017,2835.671750,421.409000,95.579500,938.019750,0.561905,0.161853,0.047457,0.099201,0.416018,0.864483,52,3.391731,3.000000,3.990000,0.299344
15142,2020,UE,URBAN EDGE PROPERTIES,2.0,9.0,17.0,12,-0.003417,11.883333,1402.907025,2997.235750,389.867750,123.200000,979.178750,0.592375,0.191560,0.049522,0.114440,0.732477,1.290123,53,2.604906,2.170000,3.160000,0.277853
15142,2021,UE,URBAN EDGE PROPERTIES,2.0,9.0,17.0,12,0.037733,17.843333,2088.592742,2954.172750,349.666000,70.486000,959.167000,0.582975,0.154994,0.039306,0.104525,0.463958,1.624680,52,2.271923,2.100000,2.450000,0.093934
15142,2022,UE,URBAN EDGE PROPERTIES,2.0,9.0,17.0,12,-0.017275,16.479167,1934.711708,2949.618250,418.371750,91.365250,981.907750,0.585946,0.077551,0.046613,0.101161,0.515263,1.533952,52,4.583846,2.430000,6.380000,1.112739
15142,2023,UE,URBAN EDGE PROPERTIES,2.0,9.0,17.0,12,0.028367,15.765000,1853.470150,2941.424250,405.869750,38.721500,955.955000,0.595262,0.041230,0.048634,0.070553,0.519446,1.501182,52,6.111731,5.140000,7.030000,0.497037
15159,2015,HIFR,INFRAREIT INC,2.0,1.0,1.0,12,-0.023900,26.675000,1164.110887,1527.688000,133.936000,9.837250,555.005750,0.481107,0.029670,0.016738,,0.499801,,52,3.087500,2.920000,3.250000,0.101109
15159,2016,HIFR,INFRAREIT INC,2.0,1.0,1.0,12,0.004808,17.930000,782.676969,1685.999750,152.962000,25.702000,672.329000,0.415660,0.010539,0.063274,0.019564,0.863009,0.066455,52,2.930769,2.720000,3.550000,0.213200
15159,2017,HIFR,INFRAREIT INC,2.0,1.0,1.0,12,0.009942,19.843333,868.738513,1878.023000,175.660500,50.900000,683.378000,0.460048,0.006359,0.064308,0.050504,0.796081,0.094455,52,3.272500,3.080000,3.500000,0.105865
15159,2018,HIFR,INFRAREIT INC,2.0,1.0,1.0,12,0.015558,20.818333,914.132729,1991.378250,194.346500,26.834750,668.453250,0.475195,0.002202,0.061019,0.041173,0.734419,0.084855,52,4.000192,3.380000,4.360000,0.207860
15159,2019,HIFR,INFRAREIT INC,2.0,1.0,1.0,4,0.003325,21.117500,929.127735,2020.969500,200.903000,35.055500,672.949500,0.468440,0.002256,0.062829,0.018723,0.724318,0.151677,52,3.391731,3.000000,3.990000,0.299344
15194,2015,DEA,EASTERLY GOVERNMENT PPTYS INC,2.0,4.0,13.0,11,0.010380,16.300000,391.303855,563.837909,16.442727,-2.493909,215.934455,0.071064,0.054657,-0.066324,,0.538521,,52,3.087500,2.920000,3.250000,0.101109
15194,2016,DEA,EASTERLY GOVERNMENT PPTYS INC,2.0,4.0,13.0,12,0.017575,18.982500,578.208886,914.436500,74.621500,1.941500,416.650750,0.243193,0.007566,0.036726,-0.004490,0.742157,0.396717,52,2.930769,2.720000,3.550000,0.213200
15194,2017,DEA,EASTERLY GOVERNMENT PPTYS INC,2.0,4.0,13.0,12,0.010000,20.371667,782.860279,1105.551000,107.352250,3.790000,553.449250,0.325602,0.006541,0.044076,0.001691,0.711698,0.407761,52,3.272500,3.080000,3.500000,0.105865
15194,2018,DEA,EASTERLY GOVERNMENT PPTYS INC,2.0,4.0,13.0,12,-0.019217,19.294167,1035.308560,1454.371500,133.415250,4.706750,724.756750,0.375411,0.031244,0.035712,0.006429,0.708952,0.515152,52,4.000192,3.380000,4.360000,0.207860
15194,2019,DEA,EASTERLY GOVERNMENT PPTYS INC,2.0,4.0,13.0,12,0.040383,19.875000,1363.866358,1941.009750,168.881000,5.961250,946.977750,0.403406,0.006503,0.032860,0.006496,0.712401,0.690370,52,3.391731,3.000000,3.990000,0.299344
15194,2020,DEA,EASTERLY GOVERNMENT PPTYS INC,2.0,4.0,13.0,12,0.001342,23.665000,1824.923750,2281.297000,224.329500,7.559000,1073.192750,0.399397,0.013003,0.067979,0.006614,0.589842,0.372849,53,2.604906,2.170000,3.160000,0.277853
15194,2021,DEA,EASTERLY GOVERNMENT PPTYS INC,2.0,4.0,13.0,12,0.006092,21.462500,1830.814208,2476.325000,249.385000,15.516250,1166.264000,0.395888,0.005692,0.054136,0.008869,0.637951,0.273425,52,2.271923,2.100000,2.450000,0.093934
15194,2022,DEA,EASTERLY GOVERNMENT PPTYS INC,2.0,4.0,13.0,12,-0.031442,18.511667,1662.763517,2788.866500,278.662750,28.843250,1262.481000,0.428563,0.007169,0.044272,0.017986,0.770156,0.331767,52,4.583846,2.430000,6.380000,1.112739
15194,2023,DEA,EASTERLY GOVERNMENT PPTYS INC,2.0,4.0,13.0,12,0.005700,13.579167,1259.349067,2854.571000,295.955250,26.874250,1256.684250,0.444065,0.007096,0.043593,0.024512,1.009892,0.472266,52,6.111731,5.140000,7.030000,0.497037
15216,2015,XHR,XENIA HOTELS & RESORTS INC,2.0,5.0,9.0,11,-0.025600,19.648182,2197.414118,3153.036636,1051.347182,14.230818,1681.332091,0.391071,0.088702,0.053075,,0.779505,,52,3.087500,2.920000,3.250000,0.101109
15216,2016,XHR,XENIA HOTELS & RESORTS INC,2.0,5.0,9.0,12,0.027517,16.363333,1772.907600,3065.607250,977.592500,77.488250,1665.793500,0.394322,0.079808,0.063025,0.051382,0.945038,0.713120,52,2.930769,2.720000,3.550000,0.213200
15216,2017,XHR,XENIA HOTELS & RESORTS INC,2.0,5.0,9.0,12,0.014450,19.532500,2085.820317,2878.929500,944.824500,108.537250,1621.571000,0.380822,0.095297,0.078714,0.052142,0.783241,0.755132,52,3.272500,3.080000,3.500000,0.105865
15216,2018,XHR,XENIA HOTELS & RESORTS INC,2.0,5.0,9.0,12,-0.010325,21.844167,2380.521092,3113.795500,966.628750,122.244250,1665.789000,0.405657,0.097189,0.071053,0.057663,0.709232,1.007942,52,4.000192,3.380000,4.360000,0.207860
15216,2019,XHR,XENIA HOTELS & RESORTS INC,2.0,5.0,9.0,12,0.024817,20.841667,2347.506667,3157.740750,1075.476250,147.631750,1792.131000,0.367640,0.050771,0.078711,0.087454,0.764728,1.045184,52,3.391731,3.000000,3.990000,0.299344
15216,2020,XHR,XENIA HOTELS & RESORTS INC,2.0,5.0,9.0,12,-0.002942,11.269167,1277.154381,3326.213500,1035.924250,22.100000,1683.938750,0.435356,0.091946,0.060053,0.062831,1.419389,1.070009,53,2.604906,2.170000,3.160000,0.277853
15216,2021,XHR,XENIA HOTELS & RESORTS INC,2.0,5.0,9.0,12,0.021333,17.994167,2050.495217,3142.203250,391.947500,-161.331750,1513.250500,0.471006,0.137270,-0.017902,-0.048033,0.743484,1.513863,52,2.271923,2.100000,2.450000,0.093934
15216,2022,XHR,XENIA HOTELS & RESORTS INC,2.0,5.0,9.0,12,-0.017917,16.594167,1895.907183,3079.922750,678.322000,-88.778750,1442.507500,0.481543,0.129184,0.022460,-0.102295,0.772649,1.487572,52,4.583846,2.430000,6.380000,1.112739
15216,2023,XHR,XENIA HOTELS & RESORTS INC,2.0,5.0,9.0,12,0.007783,12.699167,1388.699000,3056.481000,1008.933000,43.711000,1420.208750,0.471712,0.109125,0.059775,-0.019154,1.031088,1.447958,52,6.111731,5.140000,7.030000,0.497037
15231,2015,NXRT,NEXPOINT RESIDENTIAL TRUST INC,2.0,8.0,2.0,9,-0.002112,13.434444,286.594817,830.056000,64.823000,-17.755000,216.830667,0.691872,0.093728,0.004602,,0.763135,,52,3.087500,2.920000,3.250000,0.101109
15231,2016,NXRT,NEXPOINT RESIDENTIAL TRUST INC,2.0,8.0,2.0,12,0.054417,16.990833,360.851361,955.788500,119.826000,-4.793500,223.448000,0.723184,0.066619,0.027813,-0.048892,0.650430,0.969431,52,2.930769,2.720000,3.550000,0.213200
15231,2017,NXRT,NEXPOINT RESIDENTIAL TRUST INC,2.0,8.0,2.0,12,0.023333,24.677500,519.475708,1018.405250,134.982500,17.702250,219.837250,0.748120,0.058011,0.031636,0.034756,0.425935,0.958834,52,3.272500,3.080000,3.500000,0.105865
15231,2018,NXRT,NEXPOINT RESIDENTIAL TRUST INC,2.0,8.0,2.0,12,0.023308,30.086667,642.593217,1050.996250,142.795250,59.084000,242.806750,0.748716,0.055812,0.034273,0.169407,0.388566,0.935300,52,4.000192,3.380000,4.360000,0.207860
15231,2019,NXRT,NEXPOINT RESIDENTIAL TRUST INC,2.0,8.0,2.0,12,0.024292,42.383333,1019.536446,1220.838250,150.547500,-8.791750,269.796000,0.757508,0.034262,0.036837,0.089708,0.267390,0.510304,52,3.391731,3.000000,3.990000,0.299344
15231,2020,NXRT,NEXPOINT RESIDENTIAL TRUST INC,2.0,8.0,2.0,12,0.012183,39.235833,968.051323,1786.529250,185.943500,115.595000,398.159500,0.741255,0.045051,0.028988,0.133414,0.428844,0.903265,53,2.604906,2.170000,3.160000,0.277853
15231,2021,NXRT,NEXPOINT RESIDENTIAL TRUST INC,2.0,8.0,2.0,12,0.062625,58.202500,1462.453812,1847.666750,204.659750,25.804750,407.401000,0.743841,0.037801,0.032202,0.159859,0.292324,0.751002,52,2.271923,2.100000,2.450000,0.093934
15231,2022,NXRT,NEXPOINT RESIDENTIAL TRUST INC,2.0,8.0,2.0,12,-0.046033,65.209167,1668.612175,2116.825750,225.048500,12.324250,474.480000,0.755174,0.041835,0.034370,0.073563,0.311124,0.765739,52,4.583846,2.430000,6.380000,1.112739
15231,2023,NXRT,NEXPOINT RESIDENTIAL TRUST INC,2.0,8.0,2.0,12,-0.009533,39.600833,1015.053773,2224.513750,266.410250,0.818000,506.891000,0.751221,0.023384,0.040121,0.010035,0.513714,0.887421,52,6.111731,5.140000,7.030000,0.497037
15279,2015,CSAL,COMMS SALES & LEASING INC,2.0,1.0,1.0,9,-0.044762,21.992222,3301.585733,892.577333,75.505000,13.756667,13.852333,0.442071,0.019480,0.943954,,0.004297,,52,3.087500,2.920000,3.250000,0.101109
15279,2016,UNIT,UNITI GROUP INC,2.0,1.0,1.0,12,0.037675,25.823333,3953.589125,2633.751250,542.928500,27.219500,14.263000,1.354595,0.054723,0.299044,-0.024134,0.004743,1.177768,52,2.930769,2.720000,3.550000,0.213200
15279,2017,UNIT,UNITI GROUP INC,2.0,1.0,1.0,12,-0.010775,22.468333,3803.692117,3494.531000,786.670000,-15.077250,,1.189950,0.077462,0.101834,-0.009968,,1.155287,52,3.272500,3.080000,3.500000,0.105865
15279,2018,UNIT,UNITI GROUP INC,2.0,1.0,1.0,12,0.006083,18.311667,3232.856100,4364.365750,932.478000,-2.260500,,1.045468,0.013895,0.096915,0.004271,,0.968164,52,4.000192,3.380000,4.360000,0.207860
15279,2019,UNIT,UNITI GROUP INC,2.0,1.0,1.0,12,-0.023542,9.688750,1796.912158,4662.856000,1022.858750,29.344000,,1.069352,0.029747,0.103605,-0.002950,,1.145896,52,3.391731,3.000000,3.990000,0.299344
15279,2020,UNIT,UNITI GROUP INC,2.0,1.0,1.0,12,0.061175,8.988750,1868.316542,4969.625000,1061.332250,-180.304250,,1.034791,0.026954,0.121235,-0.008193,,1.086828,53,2.604906,2.170000,3.160000,0.277853
15279,2021,UNIT,UNITI GROUP INC,2.0,1.0,1.0,12,0.021808,12.236667,2858.871733,4774.229000,1069.227500,-500.977750,,1.040904,0.026323,0.038057,0.189564,,1.055968,52,2.271923,2.100000,2.450000,0.093934
15279,2022,UNIT,UNITI GROUP INC,2.0,1.0,1.0,12,-0.060950,9.930000,2347.078308,4859.660500,1104.896000,132.743000,,1.058425,0.012419,0.089961,0.103512,,1.136403,52,4.583846,2.430000,6.380000,1.112739
15279,2023,UNIT,UNITI GROUP INC,2.0,1.0,1.0,12,0.029867,4.914167,1167.242789,4921.251000,1139.434000,-52.546750,,1.091092,0.009932,0.087846,-0.022092,,1.385434,52,6.111731,5.140000,7.030000,0.497037
15338,2015,APLE,APPLE HOSPITALITY REIT INC,2.0,5.0,9.0,8,0.017314,18.866250,3807.615700,3661.725250,859.496500,110.747000,2902.532375,0.192611,0.012927,0.072234,,0.806010,,52,3.087500,2.920000,3.250000,0.101109
15338,2016,APLE,APPLE HOSPITALITY REIT INC,2.0,5.0,9.0,12,0.006733,19.002500,3622.353708,3732.452000,908.519500,125.347250,2653.738750,0.268352,0.007476,0.077090,0.044309,0.742572,,52,2.930769,2.720000,3.550000,0.213200
15338,2017,APLE,APPLE HOSPITALITY REIT INC,2.0,5.0,9.0,12,0.003433,19.041667,4247.466742,4969.518250,1076.411500,137.877000,3512.220250,0.271560,0.005881,0.066230,0.042454,0.827449,0.501737,52,3.272500,3.080000,3.500000,0.105865
15338,2018,APLE,APPLE HOSPITALITY REIT INC,2.0,5.0,9.0,12,-0.018567,17.365000,3983.751533,4952.120000,1242.947500,192.370750,3547.186250,0.263824,0.006249,0.078471,0.046947,0.896060,0.654404,52,4.000192,3.380000,4.360000,0.207860
15338,2019,APLE,APPLE HOSPITALITY REIT INC,2.0,5.0,9.0,12,0.017675,16.179167,3628.279708,4977.589000,1270.807750,193.571750,3420.141750,0.294916,0.006711,0.081198,0.056557,0.942973,0.812383,52,3.391731,3.000000,3.990000,0.299344
15338,2020,APLE,APPLE HOSPITALITY REIT INC,2.0,5.0,9.0,12,-0.006058,10.956667,2447.916167,5065.351750,1170.019750,118.548500,3231.428000,0.341107,0.034860,0.067676,0.055661,1.358279,0.938440,53,2.604906,2.170000,3.160000,0.277853
15338,2021,APLE,APPLE HOSPITALITY REIT INC,2.0,5.0,9.0,12,0.020583,15.052500,3395.358067,4841.124250,642.813500,-151.233500,3050.109750,0.351372,0.008248,0.010184,-0.011587,0.903138,1.092315,52,2.271923,2.100000,2.450000,0.093934
15338,2022,APLE,APPLE HOSPITALITY REIT INC,2.0,5.0,9.0,12,0.006483,16.455833,3763.543725,4765.830750,978.161750,46.195000,3169.042000,0.318414,0.010633,0.049407,-0.020334,0.846492,1.040102,52,4.583846,2.430000,6.380000,1.112739
15338,2023,APLE,APPLE HOSPITALITY REIT INC,2.0,5.0,9.0,12,0.011008,15.759167,3605.912933,4769.693250,1257.762250,154.978750,3188.077000,0.312477,0.009687,0.077615,0.029069,0.886563,1.051762,52,6.111731,5.140000,7.030000,0.497037
15343,2015,CHCT,COMMUNITY HEALTHCARE TR INC,2.0,3.0,6.0,8,-0.001929,18.396250,132.375365,127.820000,,,126.035000,0.000000,0.309435,,,0.897487,,52,3.087500,2.920000,3.250000,0.101109
15343,2016,CHCT,COMMUNITY HEALTHCARE TR INC,2.0,3.0,6.0,12,0.026192,20.670833,242.298982,164.177000,13.899333,-0.706333,142.072500,0.106473,0.050461,0.030150,-0.011908,0.623188,,52,2.930769,2.720000,3.550000,0.213200
15343,2017,CHCT,COMMUNITY HEALTHCARE TR INC,2.0,3.0,6.0,12,0.022725,25.495833,400.341040,261.790250,26.618750,2.880750,191.795750,0.224580,0.006158,0.058370,0.003220,0.505750,0.665220,52,3.272500,3.080000,3.500000,0.105865
15343,2018,CHCT,COMMUNITY HEALTHCARE TR INC,2.0,3.0,6.0,12,0.009167,28.424167,518.476475,387.871750,39.247250,4.347500,281.809500,0.248211,0.016199,0.058805,0.013069,0.548820,0.697474,52,4.000192,3.380000,4.360000,0.207860
15343,2019,CHCT,COMMUNITY HEALTHCARE TR INC,2.0,3.0,6.0,12,0.038808,40.565000,779.334052,447.275000,50.191250,4.963500,274.944750,0.362373,0.008938,0.056466,0.014616,0.359636,0.733524,52,3.391731,3.000000,3.990000,0.299344
15343,2020,CHCT,COMMUNITY HEALTHCARE TR INC,2.0,3.0,6.0,12,0.014658,43.780000,975.090671,576.165250,63.210250,9.291500,352.309000,0.353135,0.005466,0.060132,0.020579,0.364033,0.527292,53,2.604906,2.170000,3.160000,0.277853
15343,2021,CHCT,COMMUNITY HEALTHCARE TR INC,2.0,3.0,6.0,12,0.005450,46.833333,1142.931667,691.213000,77.875750,19.223750,436.669750,0.329329,0.009960,0.071584,0.035760,0.382660,0.349993,52,2.271923,2.100000,2.450000,0.093934
15343,2022,CHCT,COMMUNITY HEALTHCARE TR INC,2.0,3.0,6.0,12,-0.017075,37.850833,950.248627,762.272250,91.279000,22.346750,466.964750,0.360465,0.002960,0.073885,0.046881,0.495458,0.466151,52,4.583846,2.430000,6.380000,1.112739
15343,2023,CHCT,COMMUNITY HEALTHCARE TR INC,2.0,3.0,6.0,12,-0.016983,33.364167,877.680923,868.778500,100.016250,16.263000,493.785000,0.406247,0.006795,0.068846,0.046134,0.571994,0.588699,52,6.111731,5.140000,7.030000,0.497037
15455,2015,GNL,GLOBAL NET LEASE INC,2.0,2.0,4.0,7,-0.008767,8.688571,1483.370043,2397.535286,144.933286,-33.784143,1347.953571,0.383727,0.030490,0.013261,,0.911396,,52,3.087500,2.920000,3.250000,0.101109
15455,2016,GNL,GLOBAL NET LEASE INC,2.0,2.0,4.0,12,0.008683,7.992500,1370.715308,2511.960500,206.422250,-0.771750,1192.208000,0.488306,0.020221,0.037167,-0.001713,0.874623,,52,2.930769,2.720000,3.550000,0.213200
15455,2017,GNL,GLOBAL NET LEASE INC,2.0,2.0,4.0,12,-0.002783,19.816667,1499.604167,2782.075750,221.880500,44.061250,1297.422500,0.498030,0.025160,0.043745,0.019689,0.868696,0.875110,52,3.272500,3.080000,3.500000,0.105865
15455,2018,GNL,GLOBAL NET LEASE INC,2.0,2.0,4.0,12,-0.000467,19.283333,1346.615600,3059.025750,259.958500,24.766500,1370.850750,0.508814,0.031810,0.043181,0.024301,1.031945,0.879856,52,4.000192,3.380000,4.360000,0.207860
15455,2019,GNL,GLOBAL NET LEASE INC,2.0,2.0,4.0,12,0.020625,19.298333,1627.601200,3336.264000,286.029000,17.710000,1456.248500,0.526149,0.041295,0.041302,0.011408,0.896093,0.829751,52,3.391731,3.000000,3.990000,0.299344
15455,2020,GNL,GLOBAL NET LEASE INC,2.0,2.0,4.0,12,0.002958,16.317500,1459.928183,3729.637250,307.983750,40.383750,1586.177000,0.529809,0.083717,0.041024,0.019156,1.100312,0.970448,53,2.604906,2.170000,3.160000,0.277853
15455,2021,GNL,GLOBAL NET LEASE INC,2.0,2.0,4.0,12,0.000717,17.248333,1653.930317,4019.089500,337.202500,12.690500,1518.647750,0.568910,0.054348,0.043387,0.015511,0.928152,0.991772,52,2.271923,2.100000,2.450000,0.093934
15455,2022,GNL,GLOBAL NET LEASE INC,2.0,2.0,4.0,12,-0.000742,13.733333,1424.668742,4145.821500,389.134250,12.293750,1535.501250,0.586242,0.031178,0.050288,0.007022,1.088656,0.991332,52,4.583846,2.430000,6.380000,1.112739
15455,2023,GNL,GLOBAL NET LEASE INC,2.0,2.0,4.0,12,-0.000367,10.950833,1518.200422,3992.691500,380.765250,2.383000,1344.982000,0.617827,0.029110,0.045040,0.007796,0.947639,1.139735,52,6.111731,5.140000,7.030000,0.497037
15586,2015,TIER,TIER REIT INC,2.0,4.0,13.0,6,-0.025000,15.253333,737.442748,2017.954000,295.288500,-61.671500,770.193500,0.534010,0.061916,0.000429,,1.051583,,52,3.087500,2.920000,3.250000,0.101109
15586,2016,TIER,TIER REIT INC,2.0,4.0,13.0,12,0.021283,15.360000,732.930808,1802.117500,283.445500,-52.021500,656.271000,0.568842,0.022437,0.004011,-0.050524,0.903511,,52,2.930769,2.720000,3.550000,0.213200
15586,2017,TIER,TIER REIT INC,2.0,4.0,13.0,12,0.017850,18.482500,883.805016,1566.356000,243.326250,28.068750,663.225750,0.513650,0.029516,0.034760,-0.048794,0.751020,0.966250,52,3.272500,3.080000,3.500000,0.105865
15586,2018,TIER,TIER REIT INC,2.0,4.0,13.0,12,0.006575,21.564167,1071.342763,1636.886500,222.560500,37.204000,685.950000,0.511766,0.014042,0.035590,0.052830,0.650528,1.015115,52,4.000192,3.380000,4.360000,0.207860
15586,2019,TIER,TIER REIT INC,2.0,4.0,13.0,5,0.059800,26.334000,1446.932400,1644.425600,217.252800,5.721400,803.380400,0.440643,0.014688,0.039484,0.124535,0.561090,1.061662,52,3.391731,3.000000,3.990000,0.299344
15598,2015,CCP,CARE CAPITAL PROPERTIES INC,2.0,3.0,6.0,5,-0.000300,31.978000,2673.862220,2830.505400,301.000400,148.876600,2619.131200,0.000000,0.000513,0.109395,,0.980082,,52,3.087500,2.920000,3.250000,0.101109
15598,2016,CCP,CARE CAPITAL PROPERTIES INC,2.0,3.0,6.0,12,-0.007533,27.156667,2279.218333,2922.193250,328.321500,140.636750,1206.291000,0.515122,0.004527,0.094818,0.117887,0.531523,,52,2.930769,2.720000,3.550000,0.213200
15598,2017,CCP,CARE CAPITAL PROPERTIES INC,2.0,3.0,6.0,7,0.002686,25.992857,2184.128529,2809.576857,346.340714,125.612000,1164.512429,0.510475,0.010001,0.088559,0.114337,0.534083,0.289029,52,3.272500,3.080000,3.500000,0.105865
15708,2015,NRE,NORTHSTAR REALTY EUROPE CORP,2.0,4.0,13.0,2,0.046400,11.620000,732.089525,104.692000,38.918000,-83.330000,21.439000,0.750630,0.089510,-0.091504,,0.029293,,52,3.087500,2.920000,3.250000,0.101109
15708,2016,NRE,NORTHSTAR REALTY EUROPE CORP,2.0,4.0,13.0,12,0.017550,10.571667,636.174220,2569.230250,131.938250,-134.249000,742.834000,0.661540,0.069143,-0.036515,-0.182207,1.176771,,52,2.930769,2.720000,3.550000,0.213200
15708,2017,NRE,NORTHSTAR REALTY EUROPE CORP,2.0,4.0,13.0,12,0.010542,12.650833,699.722690,1935.452000,146.939250,-61.023500,618.935750,0.629243,0.051181,0.013928,-0.136786,0.889043,1.784862,52,3.272500,3.080000,3.500000,0.105865
15708,2018,NRE,NORTHSTAR REALTY EUROPE CORP,2.0,4.0,13.0,12,0.017708,13.676667,710.544417,1906.679250,130.832500,-8.855500,609.504500,0.633903,0.032379,0.014896,-0.072774,0.865427,1.546478,52,4.000192,3.380000,4.360000,0.207860
15708,2019,NRE,NORTHSTAR REALTY EUROPE CORP,2.0,4.0,13.0,8,0.024425,17.093750,855.563569,1523.016125,119.923000,147.132000,627.251500,0.538823,0.213699,0.018348,0.084068,0.734380,1.254878,52,3.391731,3.000000,3.990000,0.299344
15711,2015,AFCO,AMERICAN FARMLAND CO,2.0,1.0,1.0,3,-0.006650,7.173333,121.164773,154.625000,8.657000,0.599000,103.246000,0.156831,0.011783,0.018478,,0.852278,,52,3.087500,2.920000,3.250000,0.101109
15711,2016,AFCO,AMERICAN FARMLAND CO,2.0,1.0,1.0,12,0.019667,6.647500,115.913925,214.411000,10.073000,-7.244500,123.106250,0.274295,0.032744,0.007520,-0.059492,1.081869,,52,2.930769,2.720000,3.550000,0.213200
15711,2017,AFCO,AMERICAN FARMLAND CO,2.0,1.0,1.0,1,0.051400,8.380000,164.465880,233.780000,13.054000,-11.104000,126.686000,0.320810,0.007742,-0.010844,-0.059492,0.770287,,52,3.272500,3.080000,3.500000,0.105865
15719,2016,FCPT,FOUR CORNERS PROPERTY TRUST INC,2.0,9.0,1.0,12,0.024027,19.380833,1112.860045,667.567500,49.357750,54.940750,351.403000,0.332713,0.048164,0.052688,0.012904,0.294114,,52,2.930769,2.720000,3.550000,0.213200
15719,2017,FCPT,FOUR CORNERS PROPERTY TRUST INC,2.0,9.0,1.0,12,0.022708,24.339167,1475.249375,950.431750,122.527000,111.659750,468.570500,0.469814,0.036623,0.077630,0.202082,0.318175,-0.180758,52,3.272500,3.080000,3.500000,0.105865
15719,2018,FCPT,FOUR CORNERS PROPERTY TRUST INC,2.0,9.0,1.0,12,0.006042,24.698333,1585.408483,1082.264500,134.520000,77.576250,527.152250,0.477552,0.067809,0.074138,0.221451,0.335516,-0.050027,52,4.000192,3.380000,4.360000,0.207860
15719,2019,FCPT,FOUR CORNERS PROPERTY TRUST INC,2.0,9.0,1.0,12,0.010433,28.219167,1932.239525,1318.451000,147.044250,79.914250,682.151750,0.450404,0.045104,0.066672,0.127369,0.353274,0.173512,52,3.391731,3.000000,3.990000,0.299344
15719,2020,FCPT,FOUR CORNERS PROPERTY TRUST INC,2.0,9.0,1.0,12,0.019200,25.438333,1806.516925,1467.308000,161.980500,74.219250,696.362500,0.484944,0.021719,0.064617,0.108425,0.393575,0.649219,53,2.604906,2.170000,3.160000,0.277853
15719,2021,FCPT,FOUR CORNERS PROPERTY TRUST INC,2.0,9.0,1.0,12,0.004725,27.891667,2126.829217,1673.092750,174.401500,78.072500,822.693000,0.469198,0.010031,0.059659,0.095573,0.387007,0.752841,52,2.271923,2.100000,2.450000,0.093934
15719,2022,FCPT,FOUR CORNERS PROPERTY TRUST INC,2.0,9.0,1.0,12,-0.004500,26.759167,2166.267100,1937.529000,202.796000,87.555000,949.740000,0.480803,0.011847,0.064109,0.090205,0.439055,0.760597,52,4.583846,2.430000,6.380000,1.112739
15719,2023,FCPT,FOUR CORNERS PROPERTY TRUST INC,2.0,9.0,1.0,12,0.004658,25.218333,2210.429600,2208.487250,226.751750,97.288000,1146.545000,0.452111,0.012125,0.066409,0.087283,0.521808,0.796676,52,6.111731,5.140000,7.030000,0.497037
15912,2016,SELF,GLOBAL SELF STORAGE INC,2.0,10.0,16.0,4,-0.024700,5.036250,37.594751,,,,,,,,,,0.599030,52,2.930769,2.720000,3.550000,0.213200
15912,2017,SELF,GLOBAL SELF STORAGE INC,2.0,10.0,16.0,12,0.002058,4.820000,36.723581,,,,,,,,,,0.526318,52,3.272500,3.080000,3.500000,0.105865
15912,2018,SELF,GLOBAL SELF STORAGE INC,2.0,10.0,16.0,12,-0.007825,4.188342,32.166153,59.568500,,,38.027000,0.326238,0.038863,,,1.214582,0.521790,52,4.000192,3.380000,4.360000,0.207860
15912,2019,SELF,GLOBAL SELF STORAGE INC,2.0,10.0,16.0,12,0.014750,4.094167,32.198394,58.464250,8.322667,0.618667,37.096250,0.328675,0.028861,0.038864,0.016637,1.163706,0.425809,52,3.391731,3.000000,3.990000,0.299344
15912,2020,SELF,GLOBAL SELF STORAGE INC,2.0,10.0,16.0,12,0.002383,3.971667,37.136153,64.644250,8.792750,0.293500,40.035500,0.348923,0.044290,0.029309,0.015128,1.080867,0.516626,53,2.604906,2.170000,3.160000,0.277853
15912,2021,SELF,GLOBAL SELF STORAGE INC,2.0,10.0,16.0,12,0.035217,5.064167,51.616622,66.627000,9.422000,0.804000,41.644250,0.353306,0.051414,0.030666,0.009846,0.820067,0.432110,52,2.271923,2.100000,2.450000,0.093934
15912,2022,SELF,GLOBAL SELF STORAGE INC,2.0,10.0,16.0,12,-0.006133,5.586667,61.006360,66.415750,10.782250,2.836750,47.023250,0.269001,0.054924,0.057151,0.043471,0.774730,0.317897,52,4.583846,2.430000,6.380000,1.112739
15912,2023,SELF,GLOBAL SELF STORAGE INC,2.0,10.0,16.0,12,0.001683,4.975417,55.417357,67.536000,12.150750,2.691000,48.479000,0.257550,0.097150,0.070736,0.053849,0.877549,0.260831,52,6.111731,5.140000,7.030000,0.497037
16042,2016,MGP,M G M GROWTH PROPERTIES LLC,2.0,5.0,9.0,9,0.025150,25.086667,1404.925000,7949.058333,36.967667,-198.621667,5657.425667,0.127415,0.013740,-0.016436,,4.151030,,52,2.930769,2.720000,3.550000,0.213200
16042,2017,MGP,M G M GROWTH PROPERTIES LLC,2.0,5.0,9.0,12,0.016967,28.577500,1768.142875,9468.644250,532.989000,15.723250,1353.403500,0.381550,0.038185,0.030287,0.022445,0.778819,-0.574347,52,3.272500,3.080000,3.500000,0.105865
16042,2018,MGP,M G M GROWTH PROPERTIES LLC,2.0,5.0,9.0,12,-0.002267,28.555833,2024.765575,10260.400750,787.209250,45.550500,1643.430000,0.383154,0.048281,0.048890,0.024352,0.813979,-0.041541,52,4.000192,3.380000,4.360000,0.207860
16042,2019,MGP,M G M GROWTH PROPERTIES LLC,2.0,5.0,9.0,12,0.019825,30.965833,2940.197050,11553.755000,900.174250,61.441250,1837.649500,0.428659,0.005114,0.025960,0.035696,0.627190,0.617113,52,3.391731,3.000000,3.990000,0.299344
16042,2020,MGP,M G M GROWTH PROPERTIES LLC,2.0,5.0,9.0,12,0.010142,28.010833,3647.212533,11646.290500,890.157750,54.560250,2520.196500,0.387933,0.061188,0.036343,0.038780,0.693551,0.648462,53,2.604906,2.170000,3.160000,0.277853
16042,2021,MGP,M G M GROWTH PROPERTIES LLC,2.0,5.0,9.0,12,0.028900,36.641667,5556.218917,10375.401250,885.238500,127.940500,2820.344500,0.419397,0.040997,0.066689,0.031774,0.512644,0.671531,52,2.271923,2.100000,2.450000,0.093934
16042,2022,MGP,M G M GROWTH PROPERTIES LLC,2.0,5.0,9.0,3,-0.012767,38.483333,6031.109200,10118.295000,879.186000,194.938000,3040.222000,0.445250,0.031584,0.065790,0.028834,0.504154,0.719467,52,4.583846,2.430000,6.380000,1.112739
16136,2016,GMRE,GLOBAL MEDICAL REIT INC,2.0,3.0,6.0,7,-0.002117,9.645714,163.943057,92.682571,3.355857,-3.271000,12.443000,0.848385,0.053579,-0.007502,,0.076408,,52,2.930769,2.720000,3.550000,0.213200
16136,2017,GMRE,GLOBAL MEDICAL REIT INC,2.0,3.0,6.0,12,0.003233,8.896667,176.588942,282.068500,10.679750,-5.786000,160.073500,0.374764,0.144976,-0.005382,-0.040980,0.915029,,52,3.272500,3.080000,3.500000,0.105865
16136,2018,GMRE,GLOBAL MEDICAL REIT INC,2.0,3.0,6.0,12,0.018992,8.501667,187.295411,511.345500,33.566000,1.259500,169.154500,0.462872,0.018528,0.028698,-0.017204,0.923393,0.748341,52,4.000192,3.380000,4.360000,0.207860
16136,2019,GMRE,GLOBAL MEDICAL REIT INC,2.0,3.0,6.0,12,0.041075,11.081667,381.293424,661.900500,54.792000,11.983500,218.786000,0.479323,0.010902,0.036561,0.040400,0.582547,0.539359,52,3.391731,3.000000,3.990000,0.299344
16136,2020,GMRE,GLOBAL MEDICAL REIT INC,2.0,3.0,6.0,12,0.010000,12.376667,565.672586,904.996750,73.725250,10.878500,328.069500,0.477545,0.015324,0.042674,0.044083,0.588684,0.650761,53,2.604906,2.170000,3.160000,0.277853
16136,2021,GMRE,GLOBAL MEDICAL REIT INC,2.0,3.0,6.0,12,0.032017,14.915833,902.411599,1115.685000,97.012000,-1.050250,445.480000,0.474755,0.013604,0.032068,0.007792,0.496100,0.604843,52,2.271923,2.100000,2.450000,0.093934
16136,2022,GMRE,GLOBAL MEDICAL REIT INC,2.0,3.0,6.0,12,-0.040300,12.348333,805.159607,1287.387500,118.204500,17.310000,552.003500,0.462862,0.014415,0.054882,0.016595,0.722703,0.741513,52,4.583846,2.430000,6.380000,1.112739
16136,2023,GMRE,GLOBAL MEDICAL REIT INC,2.0,3.0,6.0,12,0.024825,9.655833,632.860619,1372.462000,138.633250,21.403000,552.865000,0.495405,0.015597,0.054311,0.033413,0.879254,0.858806,52,6.111731,5.140000,7.030000,0.497037
16266,2016,RVEN,REVEN HOUSING REIT INC,2.0,8.0,2.0,5,0.005075,5.450040,56.289636,39.989800,5.305600,-1.378000,19.042000,0.486560,0.045343,0.003162,,0.338566,,52,2.930769,2.720000,3.550000,0.213200
16266,2017,RVEN,REVEN HOUSING REIT INC,2.0,8.0,2.0,12,-0.010175,5.137350,55.158217,57.407500,5.955750,-1.756750,33.899750,0.379681,0.178256,0.001292,-0.050953,0.623106,,52,3.272500,3.080000,3.500000,0.105865
16266,2018,RVEN,REVEN HOUSING REIT INC,2.0,8.0,2.0,12,-0.007725,3.766767,40.777669,65.302000,7.960000,-2.085000,32.606500,0.470267,0.104989,0.011788,-0.053688,0.825664,0.655164,52,4.000192,3.380000,4.360000,0.207860
16266,2019,RVEN,REVEN HOUSING REIT INC,2.0,8.0,2.0,10,0.051840,4.199000,46.303114,87.048200,9.125300,-3.091200,30.459600,0.622434,0.180707,0.007499,-0.079422,0.674312,0.258092,52,3.391731,3.000000,3.990000,0.299344
16332,2016,MRT,MEDEQUITIES REALTY TRUST INC,2.0,3.0,6.0,4,-0.018233,11.332500,350.697043,525.091000,51.105000,11.790250,232.910750,0.466434,0.017457,0.042134,,0.665378,,52,2.930769,2.720000,3.550000,0.213200
16332,2017,MRT,MEDEQUITIES REALTY TRUST INC,2.0,3.0,6.0,12,0.007600,11.538333,366.500342,528.757000,51.597250,12.854000,331.068750,0.334271,0.018096,0.056990,0.031061,0.901772,,52,3.272500,3.080000,3.500000,0.105865
16332,2018,MRT,MEDEQUITIES REALTY TRUST INC,2.0,3.0,6.0,12,-0.032333,9.697500,309.020216,594.614000,62.462000,20.018750,353.615500,0.385473,0.012749,0.065018,0.046617,1.177258,0.622059,52,4.000192,3.380000,4.360000,0.207860
16332,2019,MRT,MEDEQUITIES REALTY TRUST INC,2.0,3.0,6.0,4,0.159775,11.015000,350.728607,629.354000,59.468500,10.433750,345.010250,0.432764,0.010243,0.045493,0.057729,0.984749,2.166559,52,3.391731,3.000000,3.990000,0.299344
16340,2016,PKY,PARKWAY INC,2.0,4.0,13.0,3,0.111450,19.956667,986.579043,855.294000,120.593000,-7.970000,531.748000,0.325446,0.009322,0.014850,,0.542326,,52,2.930769,2.720000,3.550000,0.213200
16340,2017,PKY,PARKWAY INC,2.0,4.0,13.0,9,0.006311,21.571111,1060.809977,1712.132333,115.965000,-4.588000,921.424000,0.343478,0.067537,0.014850,,0.865002,,52,3.272500,3.080000,3.500000,0.105865
16346,2016,QCP,QUALITY CARE PROPERTIES INC,2.0,3.0,6.0,2,0.033300,15.250000,1427.308500,4940.765000,538.356000,118.673000,4934.321000,0.000000,0.000536,0.130952,,3.458010,,52,2.930769,2.720000,3.550000,0.213200
16346,2017,QCP,QUALITY CARE PROPERTIES INC,2.0,3.0,6.0,12,-0.004700,16.604167,1555.403675,4745.782000,469.373750,-38.090500,3418.778750,0.276474,0.033873,0.103795,0.026738,2.181681,,52,3.272500,3.080000,3.500000,0.105865
16346,2018,QCP,QUALITY CARE PROPERTIES INC,2.0,3.0,6.0,6,0.095767,18.291667,1720.086233,4428.123500,340.099000,-465.523500,2628.158000,0.397999,0.072012,0.038915,-0.006164,1.616369,,52,4.000192,3.380000,4.360000,0.207860
16515,2016,IIPR,INNOVATIVE INDUSTRIAL PPTYS INC,2.0,4.0,8.0,1,,18.190000,60.936500,,,,,,,,,,,52,2.930769,2.720000,3.550000,0.213200
16515,2017,IIPR,INNOVATIVE INDUSTRIAL PPTYS INC,2.0,4.0,8.0,12,0.069550,19.073125,66.516347,63.582000,,,60.345000,0.000000,0.483099,,,0.907242,,52,3.272500,3.080000,3.500000,0.105865
16515,2018,IIPR,INNOVATIVE INDUSTRIAL PPTYS INC,2.0,4.0,8.0,12,0.044567,37.530000,288.447310,117.692000,7.474250,-0.012750,98.447500,0.000000,0.380464,-0.116075,-0.001209,0.345441,2.048904,52,4.000192,3.380000,4.360000,0.207860
16515,2019,IIPR,INNOVATIVE INDUSTRIAL PPTYS INC,2.0,4.0,8.0,12,0.063733,85.984167,912.590601,324.701750,19.560250,8.285750,223.229750,0.156790,0.470976,0.061234,0.015776,0.245285,2.289570,52,3.391731,3.000000,3.990000,0.299344
16515,2020,IIPR,INNOVATIVE INDUSTRIAL PPTYS INC,2.0,4.0,8.0,12,0.087375,109.201667,2207.426858,907.156250,57.485000,28.256000,692.429000,0.159916,0.382155,0.056657,0.037272,0.323052,1.465061,53,2.604906,2.170000,3.160000,0.277853
16515,2021,IIPR,INNOVATIVE INDUSTRIAL PPTYS INC,2.0,4.0,8.0,12,0.035183,215.963333,5167.348708,1789.177250,131.789500,73.907000,1442.929250,0.113248,0.395739,0.069137,0.043693,0.284000,1.267412,52,2.271923,2.100000,2.450000,0.093934
16515,2022,IIPR,INNOVATIVE INDUSTRIAL PPTYS INC,2.0,4.0,8.0,12,-0.060492,132.237500,3552.374800,2180.119250,215.861500,119.446000,1672.059000,0.158180,0.197268,0.090716,0.059745,0.506546,1.438697,52,4.583846,2.430000,6.380000,1.112739
16515,2023,IIPR,INNOVATIVE INDUSTRIAL PPTYS INC,2.0,4.0,8.0,12,0.013842,79.860000,2237.653792,2413.765250,285.036500,154.451750,1945.787000,0.125325,0.101135,0.097171,0.075962,0.881923,1.290660,52,6.111731,5.140000,7.030000,0.497037
16577,2017,CLPR,CLIPPER REALTY INC,2.0,8.0,8.0,11,-0.024270,11.310000,200.475938,969.806909,106.769818,-4.094909,61.181727,0.804762,0.088410,0.010399,,0.312770,,52,3.272500,3.080000,3.500000,0.105865
16577,2018,CLPR,CLIPPER REALTY INC,2.0,8.0,8.0,12,0.029925,10.688333,190.391278,1053.091000,104.468750,-3.826250,72.491500,0.806470,0.038298,0.015111,-0.031464,0.398618,0.348413,52,4.000192,3.380000,4.360000,0.207860
16577,2019,CLPR,CLIPPER REALTY INC,2.0,8.0,8.0,12,-0.011983,11.530833,205.415212,1101.803500,110.536000,-1.988500,64.411250,0.831077,0.041949,0.023983,-0.045623,0.317598,0.042494,52,3.391731,3.000000,3.990000,0.299344
16577,2020,CLPR,CLIPPER REALTY INC,2.0,8.0,8.0,12,-0.000625,7.192500,128.083022,1173.553500,117.988000,-2.011000,56.087750,0.860011,0.060761,0.017912,-0.040193,0.461430,0.900197,53,2.604906,2.170000,3.160000,0.277853
16577,2021,CLPR,CLIPPER REALTY INC,2.0,8.0,8.0,12,0.036983,8.288333,134.129902,1217.326250,123.306750,-5.859250,39.145500,0.897076,0.081810,0.013540,-0.084643,0.294775,1.063345,52,2.271923,2.100000,2.450000,0.093934
16577,2022,CLPR,CLIPPER REALTY INC,2.0,8.0,8.0,12,-0.028133,8.194167,131.622899,1226.280750,123.622750,-6.650000,24.316000,0.922455,0.046636,0.010930,-0.218728,0.184355,1.017794,52,4.583846,2.430000,6.380000,1.112739
16577,2023,CLPR,CLIPPER REALTY INC,2.0,8.0,8.0,12,-0.004208,5.733333,92.094533,1230.460000,130.660250,-5.754250,12.043250,0.949502,0.027434,0.016110,-0.316410,0.129847,1.106386,52,6.111731,5.140000,7.030000,0.497037
16581,2017,INVH,INVITATION HOMES INC,2.0,8.0,1.0,11,0.009330,22.283636,7797.641973,9667.307273,1042.918273,-113.332545,2885.962727,0.677331,0.039897,-0.002084,,0.378703,,52,3.272500,3.080000,3.500000,0.105865
16581,2018,INVH,INVITATION HOMES INC,2.0,8.0,1.0,12,-0.010992,22.340833,11620.581625,16392.492250,1170.617250,-92.815750,7257.923500,0.536005,0.023854,0.020217,-0.012395,0.625611,0.198262,52,4.000192,3.380000,4.360000,0.207860
16581,2019,INVH,INVITATION HOMES INC,2.0,8.0,1.0,12,0.036133,27.014167,14351.391250,18026.962000,1705.501000,9.532250,8186.958500,0.510124,0.019602,0.032190,-0.005514,0.580050,0.478668,52,3.391731,3.000000,3.990000,0.299344
16581,2020,INVH,INVITATION HOMES INC,2.0,8.0,1.0,12,0.006350,27.582500,15255.063708,17598.147500,1770.957500,154.339250,8128.422250,0.485736,0.027273,0.037370,0.010080,0.539346,0.713950,53,2.604906,2.170000,3.160000,0.277853
16581,2021,INVH,INVITATION HOMES INC,2.0,8.0,1.0,12,0.039017,37.204167,21552.649917,17558.010250,1841.209500,199.599500,8486.461250,0.462621,0.028409,0.041645,0.020836,0.402162,0.653868,52,2.271923,2.100000,2.450000,0.093934
16581,2022,INVH,INVITATION HOMES INC,2.0,8.0,1.0,12,-0.030992,36.343333,22118.045917,18459.904750,2025.321250,290.744250,9925.567000,0.426561,0.037980,0.049460,0.025177,0.454092,0.673264,52,4.583846,2.430000,6.380000,1.112739
16581,2023,INVH,INVITATION HOMES INC,2.0,8.0,1.0,12,0.016800,32.923333,20141.599250,18565.145500,2253.354500,397.360500,10268.953000,0.419121,0.028518,0.056960,0.032845,0.511104,0.711259,52,6.111731,5.140000,7.030000,0.497037
16768,2017,PLYM,PLYMOUTH INDUSTRIAL REIT INC,2.0,4.0,8.0,7,0.005633,18.160000,68.279537,149.930143,20.051286,-20.808857,11.378000,1.085908,0.111713,-0.080522,,0.164253,,52,3.272500,3.080000,3.500000,0.105865
16768,2018,PLYM,PLYMOUTH INDUSTRIAL REIT INC,2.0,4.0,8.0,12,-0.021708,15.600833,65.005448,294.813250,29.226500,-10.709750,4.140500,0.797677,0.047584,0.021423,-2.125732,0.063623,,52,4.000192,3.380000,4.360000,0.207860
16768,2019,PLYM,PLYMOUTH INDUSTRIAL REIT INC,2.0,4.0,8.0,12,0.042533,17.921667,160.793008,447.408750,51.545500,-17.308000,18.133000,0.685002,0.035866,0.034543,0.054889,0.082529,0.970157,52,3.391731,3.000000,3.990000,0.299344
16768,2020,PLYM,PLYMOUTH INDUSTRIAL REIT INC,2.0,4.0,8.0,12,0.002325,14.147500,258.433769,710.810750,80.140750,-11.602500,102.230500,0.594512,0.046204,0.045351,0.615582,0.414666,1.167012,53,2.604906,2.170000,3.160000,0.277853
16768,2021,PLYM,PLYMOUTH INDUSTRIAL REIT INC,2.0,4.0,8.0,12,0.070500,21.742500,668.145910,914.687750,112.296250,-13.281000,221.679000,0.542828,0.032770,0.049368,-0.080742,0.360654,1.005491,52,2.271923,2.100000,2.450000,0.093934
16768,2022,PLYM,PLYMOUTH INDUSTRIAL REIT INC,2.0,4.0,8.0,12,-0.032758,21.546667,837.299040,1337.741250,146.081250,-15.350750,368.919750,0.567164,0.039375,0.042549,-0.053565,0.449795,1.014148,52,4.583846,2.430000,6.380000,1.112739
16768,2023,PLYM,PLYMOUTH INDUSTRIAL REIT INC,2.0,4.0,8.0,12,0.025075,21.881667,955.902997,1514.895000,185.926750,-16.151500,463.291500,0.610698,0.023843,0.050673,-0.038491,0.486779,1.090810,52,6.111731,5.140000,7.030000,0.497037
16770,2017,SAFE,SAFETY INCOME & GROWTH INC,2.0,1.0,1.0,7,-0.010533,18.558571,337.580409,367.626857,22.472857,6.252000,241.704286,0.754359,0.070916,0.030451,,0.725301,,52,3.272500,3.080000,3.500000,0.105865
16770,2018,SAFE,SAFEHOLD INC,2.0,1.0,1.0,12,0.011017,18.056667,328.815969,713.989750,28.322750,1.214750,360.654250,0.400787,0.135512,0.012525,-0.005122,1.100540,,52,4.000192,3.380000,4.360000,0.207860
16770,2019,SAFE,SAFEHOLD INC,2.0,1.0,1.0,12,0.070692,29.143333,1001.327421,1036.988750,54.798250,12.481750,418.195500,0.463514,0.036798,0.009194,0.017138,0.556110,0.056674,52,3.391731,3.000000,3.990000,0.299344
16770,2020,SAFE,SAFEHOLD INC,2.0,1.0,1.0,12,0.056108,59.185833,3020.127675,2483.178250,103.416000,33.352000,1100.449000,0.503815,0.048307,0.001893,0.028562,0.368557,-0.357162,53,2.604906,2.170000,3.160000,0.277853
16770,2021,SAFE,SAFEHOLD INC,2.0,1.0,1.0,12,0.013117,76.429167,4151.221267,3187.656500,159.454500,58.591250,1362.090000,0.532508,0.022261,0.008380,0.035648,0.329822,-0.390155,52,2.271923,2.100000,2.450000,0.093934
16770,2022,SAFE,SAFEHOLD INC,2.0,1.0,1.0,12,-0.069025,41.375000,2511.032017,4767.572500,204.553250,77.589750,1847.836750,0.571170,0.017817,0.008973,0.043270,0.803734,0.011735,52,4.583846,2.430000,6.380000,1.112739
16770,2023,SAFE,SAFEHOLD INC,2.0,1.0,1.0,2,0.038100,32.420000,2019.239900,5791.874000,257.995000,134.907000,2113.832000,0.598150,0.016156,0.011415,0.043467,1.053036,0.346108,52,6.111731,5.140000,7.030000,0.497037
17226,2018,COLD,AMERICOLD REALTY TRUST INC,2.0,4.0,8.0,10,0.040420,23.083000,3345.043560,2448.178700,1558.920700,2.608400,661.851000,0.692011,0.061873,0.066472,,0.184025,,52,4.000192,3.380000,4.360000,0.207860
17226,2019,COLD,AMERICOLD REALTY TRUST INC,2.0,4.0,8.0,12,0.030575,33.675000,6133.756975,2965.711250,1615.426000,45.191750,1012.638000,0.568951,0.083847,0.064124,,0.163370,0.572402,52,3.391731,3.000000,3.990000,0.299344
17226,2020,COLD,AMERICOLD REALTY TRUST INC,2.0,4.0,8.0,12,0.011092,35.326667,7336.996192,4357.260500,1827.905250,64.642250,1989.434000,0.458001,0.066482,0.059130,,0.273472,0.108201,53,2.604906,2.170000,3.160000,0.277853
17226,2021,COLD,AMERICOLD REALTY TRUST INC,2.0,4.0,8.0,12,-0.005183,35.351667,9067.529683,6953.146250,2097.547000,10.273500,3541.060000,0.416789,0.049283,0.043074,,0.394312,-0.046325,52,2.271923,2.100000,2.450000,0.093934
17226,2022,COLD,AMERICOLD REALTY TRUST INC,2.0,4.0,8.0,5,-0.029140,27.424000,7350.115020,8163.011200,2598.727000,-52.080200,4197.419600,0.410464,0.015777,0.030332,,0.571502,0.039791,52,4.583846,2.430000,6.380000,1.112739
17287,2018,BRSP,BRIGHTSPIRE CAPITAL INC,2.0,2.0,4.0,11,-0.015780,19.640000,1722.090436,5267.920727,264.975273,119.003636,2246.859636,0.429262,0.042992,0.056934,,1.366712,,52,4.000192,3.380000,4.360000,0.207860
17287,2019,CLNC,COLONY CREDIT REAL ESTATE INC,2.0,2.0,4.0,12,-0.001650,14.998333,1863.911158,8763.574250,516.631750,-142.726000,2702.676750,0.648694,0.020869,0.024968,-0.062247,1.471527,0.671185,52,3.391731,3.000000,3.990000,0.299344
17287,2020,CLNC,COLONY CREDIT REAL ESTATE INC,2.0,2.0,4.0,12,0.010333,6.927500,890.414622,7225.504500,536.093500,-531.541750,1958.092750,0.679869,0.051591,0.019027,-0.140045,2.484600,1.583324,53,2.604906,2.170000,3.160000,0.277853
17287,2021,CLNC,COLONY CREDIT REAL ESTATE INC,2.0,2.0,4.0,12,0.032683,9.212500,1194.925750,6086.681750,292.707750,-286.628500,1612.443750,0.659062,0.075442,0.005331,-0.205235,1.361629,1.793781,52,2.271923,2.100000,2.450000,0.093934
17287,2022,CLNC,COLONY CREDIT REAL ESTATE INC,2.0,2.0,4.0,12,-0.024633,8.086667,1049.565742,5689.407250,193.836750,-60.905500,1449.939250,0.701107,0.059871,0.005507,-0.128880,1.408997,1.726878,52,4.583846,2.430000,6.380000,1.112739
17287,2023,CLNC,COLONY CREDIT REAL ESTATE INC,2.0,2.0,4.0,12,0.032508,6.644167,861.225218,4872.414750,379.687250,38.620500,1366.128750,0.682586,0.076664,0.027450,-0.009684,1.604621,1.794066,52,6.111731,5.140000,7.030000,0.497037
17307,2018,VICI,VICI PROPERTIES INC,2.0,5.0,9.0,11,0.002620,20.098182,7550.057036,10263.551333,,,5614.717333,0.424727,0.067760,,,0.729549,,52,4.000192,3.380000,4.360000,0.207860
17307,2019,VICI,VICI PROPERTIES INC,2.0,5.0,9.0,12,0.031250,22.643333,9937.451167,11468.146500,908.752667,553.772000,6976.477500,0.361266,0.083678,0.043155,0.076806,0.702950,0.786781,52,3.391731,3.000000,3.990000,0.299344
17307,2020,VICI,VICI PROPERTIES INC,2.0,5.0,9.0,12,0.012325,22.240833,11348.610442,14257.983000,941.066250,488.849250,8151.112000,0.391086,0.134199,0.048168,0.071986,0.738423,0.962627,53,2.604906,2.170000,3.160000,0.277853
17307,2021,VICI,VICI PROPERTIES INC,2.0,5.0,9.0,12,0.020017,29.420000,16679.277542,17054.998500,1285.807750,1009.062500,9475.141250,0.414510,0.017992,0.051946,0.083801,0.571808,0.876776,52,2.271923,2.100000,2.450000,0.093934
17307,2022,VICI,VICI PROPERTIES INC,2.0,5.0,9.0,12,0.012217,30.928333,27446.536917,23544.179500,1603.877000,911.171000,15335.313750,0.306328,0.030701,0.047919,0.088302,0.561464,0.849995,52,4.583846,2.430000,6.380000,1.112739
17307,2023,VICI,VICI PROPERTIES INC,2.0,5.0,9.0,12,0.004158,31.476667,32059.962000,39746.806500,2855.416750,1363.272000,22672.115250,0.401900,0.013553,0.049640,0.064612,0.710605,0.820619,52,6.111731,5.140000,7.030000,0.497037
17789,2018,CPLG,COREPOINT LODGING INC,2.0,5.0,9.0,8,-0.105657,20.255000,1205.526402,2837.628625,869.157500,123.866250,1217.097875,0.503272,0.037680,0.052699,,1.142814,,52,4.000192,3.380000,4.360000,0.207860
17789,2019,CPLG,COREPOINT LODGING INC,2.0,5.0,9.0,12,0.001492,11.330833,662.253107,2476.500000,859.750000,-167.000000,1311.500000,0.413860,0.023675,0.049134,-0.202473,2.000806,,52,3.391731,3.000000,3.990000,0.299344
17789,2020,CPLG,COREPOINT LODGING INC,2.0,5.0,9.0,12,-0.006125,5.703333,330.153542,2144.000000,751.500000,-239.000000,1037.250000,0.457849,0.070394,0.043475,-0.203848,3.363630,1.474453,53,2.604906,2.170000,3.160000,0.277853
17789,2021,CPLG,COREPOINT LODGING INC,2.0,5.0,9.0,12,0.076983,12.325000,719.808196,1739.250000,424.000000,-177.250000,860.000000,0.453115,0.089447,-0.008311,-0.206789,1.299321,1.656859,52,2.271923,2.100000,2.450000,0.093934
17789,2022,CPLG,COREPOINT LODGING INC,2.0,5.0,9.0,2,0.008550,15.840000,936.730100,1528.000000,463.000000,-28.000000,877.000000,0.363220,0.113874,0.034031,-0.208187,0.936299,1.552394,52,4.583846,2.430000,6.380000,1.112739
17860,2018,RVI,RETAIL VALUE INC,2.0,9.0,17.0,6,-0.036860,30.673333,566.377600,2287.763500,304.413000,-438.280000,804.212000,0.559291,0.032363,-0.191781,,1.417009,,52,4.000192,3.380000,4.360000,0.207860
17860,2019,RVI,RETAIL VALUE INC,2.0,9.0,17.0,12,0.037292,34.460000,653.394803,1917.254000,272.798500,-149.809000,679.860750,0.483596,0.066394,-0.018284,-0.249609,1.047594,,52,3.391731,3.000000,3.990000,0.299344
17860,2020,RVI,RETAIL VALUE INC,2.0,9.0,17.0,12,-0.040617,16.003333,313.333753,1548.169250,233.908250,57.255250,714.505250,0.374518,0.116988,0.058220,-0.064361,2.495179,1.669839,53,2.604906,2.170000,3.160000,0.277853
17860,2021,RVI,RETAIL VALUE INC,2.0,9.0,17.0,12,0.059883,16.957500,354.337165,1163.896250,143.774250,-26.823000,601.753500,0.278954,0.145953,0.055717,-0.062672,2.173392,1.512963,52,2.271923,2.100000,2.450000,0.093934
17860,2022,RVI,RETAIL VALUE INC,2.0,9.0,17.0,3,-0.009600,3.103333,65.533092,785.956000,67.591000,-13.848000,573.825000,0.000000,0.586482,0.091832,-0.155979,8.757494,1.415909,52,4.583846,2.430000,6.380000,1.112739
17952,2018,AFIN,AMERICAN FINANCE TRUST INC,2.0,9.0,4.0,6,-0.010260,14.358333,1014.736150,3215.725000,283.559500,-25.886000,1694.303000,0.422852,0.026124,0.032849,,1.712545,,52,4.000192,3.380000,4.360000,0.207860
17952,2019,RTL,NECESSITY RETAIL REIT INC,2.0,9.0,4.0,12,0.011133,12.188333,1298.936008,3302.276750,293.233750,-43.032500,1605.536000,0.470756,0.032197,0.028984,-0.023360,1.260372,,52,3.391731,3.000000,3.990000,0.299344
17952,2020,RTL,NECESSITY RETAIL REIT INC,2.0,9.0,4.0,12,-0.024175,7.797500,846.773468,3547.473750,301.402000,-6.747500,1615.850250,0.489519,0.038329,0.029422,-0.008296,1.997547,1.073662,53,2.604906,2.170000,3.160000,0.277853
17952,2021,RTL,NECESSITY RETAIL REIT INC,2.0,9.0,4.0,12,0.029600,8.669167,1003.659321,3611.436250,313.969750,-25.957500,1585.544750,0.498013,0.032030,0.027806,-0.010110,1.590776,1.157090,52,2.271923,2.100000,2.450000,0.093934
17952,2022,RTL,NECESSITY RETAIL REIT INC,2.0,9.0,4.0,12,-0.019633,7.210000,953.865208,4133.174000,350.662000,-20.227500,1660.657000,0.534695,0.033545,0.036697,-0.021744,1.762116,1.137633,52,4.583846,2.430000,6.380000,1.112739
17952,2023,RTL,NECESSITY RETAIL REIT INC,2.0,9.0,4.0,8,0.046787,6.653750,893.895146,4578.648875,437.633375,-99.862250,1458.570500,0.605420,0.015635,0.034043,-0.034548,1.636276,1.206498,52,6.111731,5.140000,7.030000,0.497037
18259,2018,MDRR,MEDALIST DIVERSIFIED REIT INC,2.0,2.0,4.0,2,-0.114400,8.775000,20.963049,40.093000,4.397000,-1.522000,8.788000,0.663383,0.080812,-0.001097,,0.423217,,52,4.000192,3.380000,4.360000,0.207860
18259,2019,MDRR,MEDALIST DIVERSIFIED REIT INC,2.0,2.0,4.0,12,-0.048458,5.306667,18.206605,54.326500,6.491250,-2.721750,16.161000,0.613298,0.098156,-0.006644,-0.182429,0.896330,,52,3.391731,3.000000,3.990000,0.299344
18259,2020,MDRR,MEDALIST DIVERSIFIED REIT INC,2.0,2.0,4.0,4,-0.000400,2.768750,14.099645,81.096500,8.313500,-4.168500,17.290500,0.700537,0.049049,-0.004492,-0.174076,1.258166,1.151184,53,2.604906,2.170000,3.160000,0.277853
18259,2021,MDRR,MEDALIST DIVERSIFIED REIT INC,2.0,2.0,4.0,11,-0.012009,1.487273,18.922968,85.124727,9.939545,-7.440000,15.603818,0.724084,0.082059,-0.010447,-0.539557,0.847346,1.090125,52,2.271923,2.100000,2.450000,0.093934
18259,2022,MDRR,MEDALIST DIVERSIFIED REIT INC,2.0,2.0,4.0,4,-0.031375,1.037750,17.930470,90.504750,11.432500,-6.665000,22.446500,0.657399,0.116202,0.006175,-0.753176,1.252384,1.042404,52,4.583846,2.430000,6.380000,1.112739
18259,2023,MDRR,MEDALIST DIVERSIFIED REIT INC,2.0,2.0,4.0,8,-0.010013,5.288887,11.736716,86.426250,10.742125,-4.891625,15.650625,0.706265,0.058837,0.009659,-0.267295,1.334734,1.088652,52,6.111731,5.140000,7.030000,0.497037
18715,2019,PSTL,POSTAL REALTY TRUST INC,2.0,4.0,8.0,8,0.007386,15.966250,84.397597,50.980250,7.946375,1.070750,45.578000,0.617474,0.077166,0.076477,,0.521864,,52,3.391731,3.000000,3.990000,0.299344
18715,2020,PSTL,POSTAL REALTY TRUST INC,2.0,4.0,8.0,12,0.006158,15.761383,115.129660,138.500500,13.209000,-1.234750,48.362500,0.397499,0.070677,0.037861,-0.021136,0.445651,,53,2.604906,2.170000,3.160000,0.277853
18715,2021,PSTL,POSTAL REALTY TRUST INC,2.0,4.0,8.0,12,0.020425,18.415000,262.923048,264.106000,26.563500,-0.078750,117.711500,0.382312,0.022605,0.040121,-0.011039,0.448667,0.275203,52,2.271923,2.100000,2.450000,0.093934
18715,2022,PSTL,POSTAL REALTY TRUST INC,2.0,4.0,8.0,12,-0.018692,15.990000,300.183573,394.708250,42.043000,2.307000,201.342250,0.331029,0.016033,0.047599,0.003853,0.678090,0.364485,52,4.583846,2.430000,6.380000,1.112739
18715,2023,PSTL,POSTAL REALTY TRUST INC,2.0,4.0,8.0,12,0.006467,14.572500,295.256715,506.409500,55.461250,3.589250,225.377500,0.408113,0.006299,0.048652,0.013699,0.764192,0.412306,52,6.111731,5.140000,7.030000,0.497037
19037,2019,PINE,ALPINE INCOME PROPERTY TRUST INC,2.0,4.0,5.0,2,0.016900,18.900000,161.013060,126.551000,11.720000,4.015000,124.189000,0.000000,0.000063,0.044448,,0.776106,,52,3.391731,3.000000,3.990000,0.299344
19037,2020,PINE,ALPINE INCOME PROPERTY TRUST INC,2.0,4.0,5.0,12,-0.003175,15.030000,116.271645,190.582000,16.191500,3.794250,137.234250,0.140437,0.045581,0.051802,0.026111,1.211557,,53,2.604906,2.170000,3.160000,0.277853
19037,2021,PINE,ALPINE INCOME PROPERTY TRUST INC,2.0,4.0,5.0,12,0.031167,18.314167,179.706081,288.923500,20.214000,1.334250,144.152500,0.392815,0.010878,0.037630,0.015412,0.828245,0.957592,52,2.271923,2.100000,2.450000,0.093934
19037,2022,PINE,ALPINE INCOME PROPERTY TRUST INC,2.0,4.0,5.0,12,0.002308,18.569167,218.882978,514.479250,32.732000,11.612500,203.146000,0.520971,0.018111,0.035680,0.032814,0.929742,0.855682,52,4.583846,2.430000,6.380000,1.112739
19037,2023,PINE,ALPINE INCOME PROPERTY TRUST INC,2.0,4.0,5.0,12,-0.002717,16.894167,232.387359,567.791250,44.895000,28.296000,259.428000,0.465908,0.053216,0.041980,0.087393,1.121183,0.844473,52,6.111731,5.140000,7.030000,0.497037
19601,2020,NTST,NETSTREIT CORP,2.0,9.0,5.0,5,0.020500,18.520000,490.287582,471.755000,23.496000,-8.261400,196.412200,0.370378,0.168967,0.014007,,0.399362,,53,2.604906,2.170000,3.160000,0.277853
19601,2021,NTST,NETSTREIT CORP,2.0,9.0,5.0,12,0.019908,21.953333,816.978232,775.337250,36.900500,-0.847250,530.361500,0.231133,0.108535,0.019051,0.001477,0.680918,,52,2.271923,2.100000,2.450000,0.093934
19601,2022,NTST,NETSTREIT CORP,2.0,9.0,5.0,12,-0.013608,20.279167,983.974016,1141.315250,64.460000,5.346250,803.704500,0.247192,0.021849,0.029274,0.002896,0.817665,0.488382,52,4.583846,2.430000,6.380000,1.112739
19601,2023,NTST,NETSTREIT CORP,2.0,9.0,5.0,12,0.004508,17.501667,1097.528963,1613.618500,100.214500,6.999500,1082.544500,0.292988,0.017901,0.034195,0.006143,0.989947,0.653778,52,6.111731,5.140000,7.030000,0.497037
19602,2020,NYC,NEW YORK CITY REIT INC,2.0,9.0,13.0,5,-0.114250,10.938000,35.243450,891.498200,,,407.995000,0.505340,0.063154,,,11.894736,,53,2.604906,2.170000,3.160000,0.277853
19602,2021,NYC,AMERICAN STRATEGIC INVESTMENT CO,2.0,9.0,13.0,12,0.048925,9.728333,93.658931,858.102750,60.172667,-47.382000,372.309750,0.526393,0.047521,-0.017345,-0.108492,5.078724,,52,2.271923,2.100000,2.450000,0.093934
19602,2022,NYC,AMERICAN STRATEGIC INVESTMENT CO,2.0,9.0,13.0,12,-0.121292,6.510833,88.057932,817.829250,67.175500,-42.253000,332.097500,0.550687,0.032655,-0.008646,-0.113118,5.576523,0.168256,52,4.583846,2.430000,6.380000,1.112739
19602,2023,NYC,AMERICAN STRATEGIC INVESTMENT CO,2.0,9.0,13.0,12,-0.032683,8.819108,19.634076,788.605250,65.839750,-43.805000,296.746000,0.569527,0.021208,-0.003383,-0.137437,15.306655,0.059364,52,6.111731,5.140000,7.030000,0.497037
19658,2020,BNL,BROADSTONE NET LEASE INC,2.0,2.0,4.0,4,0.058867,17.622500,1386.018375,4176.554750,317.129750,75.686250,1592.084000,0.493226,0.007438,0.038464,,1.549742,,53,2.604906,2.170000,3.160000,0.277853
19658,2021,BNL,BROADSTONE NET LEASE INC,2.0,2.0,4.0,12,0.026058,22.874167,3168.597387,4273.152000,325.648000,60.767750,2339.521000,0.356404,0.018989,0.043127,0.022261,1.094968,,52,2.271923,2.100000,2.450000,0.093934
19658,2022,BNL,BROADSTONE NET LEASE INC,2.0,2.0,4.0,12,-0.026567,19.713333,3318.353458,4738.145500,389.185750,104.261750,2663.156750,0.365026,0.007450,0.052463,0.032458,0.815326,0.636460,52,4.583846,2.430000,6.380000,1.112739
19658,2023,BNL,BROADSTONE NET LEASE INC,2.0,2.0,4.0,12,0.013142,16.191667,2986.931083,5350.204750,418.187250,133.902250,3030.088250,0.371880,0.009274,0.049292,0.039590,1.018901,0.783752,52,6.111731,5.140000,7.030000,0.497037
19858,2020,SQFT,PRESIDIO PROPERTY TRUST INC,2.0,4.0,13.0,3,0.096950,3.736667,35.546390,194.221000,27.624000,-0.652000,37.399000,0.689405,0.044578,0.017171,,1.069943,,53,2.604906,2.170000,3.160000,0.277853
19858,2021,SQFT,PRESIDIO PROPERTY TRUST INC,2.0,4.0,13.0,12,0.004667,3.808333,39.164544,174.344000,23.795500,-7.074000,38.297250,0.654955,0.085169,0.017361,-0.219986,0.980491,,52,2.271923,2.100000,2.450000,0.093934
19858,2022,SQFT,PRESIDIO PROPERTY TRUST INC,2.0,4.0,13.0,11,-0.075727,2.829545,33.608905,220.239182,19.010091,-3.527182,46.827545,0.441924,0.106026,0.011777,-0.135527,1.774368,0.391736,52,4.583846,2.430000,6.380000,1.112739
19858,2023,SQFT,PRESIDIO PROPERTY TRUST INC,2.0,4.0,13.0,4,0.061700,1.065375,13.187231,261.230250,18.972500,-2.960000,43.332500,0.389101,0.060401,0.007854,-0.060993,3.320614,0.909608,52,6.111731,5.140000,7.030000,0.497037
20191,2020,AIRC,APARTMENT INCOME REIT CORP,2.0,8.0,2.0,1,,38.410000,5705.921000,6909.256000,771.505000,454.399000,1780.649000,0.580787,0.024104,0.054198,,0.312070,,53,2.604906,2.170000,3.160000,0.277853
20191,2021,AIRC,APARTMENT INCOME REIT CORP,2.0,8.0,2.0,12,0.034208,47.740000,7379.848883,6472.467500,759.960500,56.383250,1581.014250,0.651918,0.015108,0.046858,-0.079800,0.222016,,52,2.271923,2.100000,2.450000,0.093934
20191,2022,AIRC,APARTMENT INCOME REIT CORP,2.0,8.0,2.0,12,-0.033250,44.093333,6854.315342,6402.752500,797.042500,522.898750,1893.614250,0.575995,0.015417,0.055292,0.110940,0.287895,0.794227,52,4.583846,2.430000,6.380000,1.112739
20191,2023,AIRC,APARTMENT INCOME REIT CORP,2.0,8.0,2.0,12,0.007617,34.499167,5139.378642,6563.423250,831.605000,671.915750,2062.669250,0.567383,0.025211,0.065132,0.347878,0.403736,0.803200,52,6.111731,5.140000,7.030000,0.497037
22128,2021,IVT,INVENTRUST PROPERTIES CORP,2.0,9.0,4.0,3,0.077650,25.026667,1783.425233,2313.845000,204.631000,4.322000,1702.724000,0.219206,0.074383,0.046598,,0.958440,,52,2.271923,2.100000,2.450000,0.093934
22128,2022,IVT,INVENTRUST PROPERTIES CORP,2.0,9.0,4.0,12,-0.003075,26.685833,1807.095042,2327.155500,222.416500,12.545250,1617.515750,0.259810,0.032619,0.042468,-0.003411,0.904156,,52,4.583846,2.430000,6.380000,1.112739
22128,2023,IVT,INVENTRUST PROPERTIES CORP,2.0,9.0,4.0,12,0.009742,23.855000,1610.182392,2521.164500,242.543500,35.429250,1597.999500,0.321379,0.050009,0.046807,0.017576,0.994560,1.027649,52,6.111731,5.140000,7.030000,0.497037
22207,2021,GIPR,GENERATION INCOME PROPERTIES INC,2.0,2.0,11.0,3,-0.050900,6.540000,13.706897,43.981000,3.687000,-1.893000,0.550000,0.713490,0.013847,0.006317,,0.040130,,52,2.271923,2.100000,2.450000,0.093934
22207,2022,GIPR,GENERATION INCOME PROPERTIES INC,2.0,2.0,11.0,12,-0.010317,6.302058,14.185600,59.425000,4.122000,-1.366750,13.193000,0.578475,0.149138,-0.001056,-0.090962,0.936819,,52,4.583846,2.430000,6.380000,1.112739
22207,2023,GIPR,GENERATION INCOME PROPERTIES INC,2.0,2.0,11.0,11,0.002727,4.275564,12.091264,63.321455,5.407909,-3.494182,10.016727,0.711563,0.044529,0.002820,-0.206534,0.864907,0.066518,52,6.111731,5.140000,7.030000,0.497037
22264,2021,ONL,ORION OFFICE REIT INC,2.0,4.0,13.0,2,0.050600,18.220000,1031.725700,546.431000,53.474000,-1.899000,497.118000,0.071654,0.007165,0.077461,,0.482126,,52,2.271923,2.100000,2.450000,0.093934
22264,2022,ONL,ORION OFFICE REIT INC,2.0,4.0,13.0,12,-0.057183,11.845000,670.769325,1443.694500,113.009250,-46.425000,929.000750,0.284497,0.021618,0.043282,-0.043684,1.525433,,52,4.583846,2.430000,6.380000,1.112739
22264,2023,ONL,ORION OFFICE REIT INC,2.0,4.0,13.0,12,-0.020275,6.367500,359.977956,1566.851500,203.733750,-106.006750,967.149250,0.347485,0.039838,0.059313,-0.076563,2.784617,1.216071,52,6.111731,5.140000,7.030000,0.497037
22360,2021,CBL,C B L & ASSOCIATES PPTYS INC,2.0,9.0,11.0,2,0.007400,31.085000,621.358050,4264.207000,541.313000,-137.827000,496.860000,0.231600,0.063831,0.052880,,0.799646,,52,2.271923,2.100000,2.450000,0.093934
22360,2022,CBL,C B L & ASSOCIATES PPTYS INC,2.0,9.0,11.0,12,-0.005992,28.355833,868.151162,3199.498000,579.135000,-515.902250,456.601500,0.609889,0.090353,0.053846,-1.570352,0.536186,,52,4.583846,2.430000,6.380000,1.112739
22360,2023,CBL,C B L & ASSOCIATES PPTYS INC,2.0,9.0,11.0,12,0.012342,23.238333,743.783995,2599.068250,580.639750,-203.773750,378.135750,0.761157,0.049630,0.070465,-0.801480,0.508460,1.468468,52,6.111731,5.140000,7.030000,0.497037
22857,2022,MDV,MODIV INC,2.0,2.0,4.0,11,-0.019040,15.438182,115.778862,435.154909,38.666333,-5.539333,164.504455,0.417611,0.083590,0.022851,,1.456651,,52,4.583846,2.430000,6.380000,1.112739
22857,2023,MDV,MODIV INDUSTRIAL INC,2.0,2.0,4.0,12,0.035325,13.690000,103.316491,483.228500,44.457250,-0.381000,157.360500,0.462721,0.019467,0.035631,-0.020589,1.555585,-0.184410,52,6.111731,5.140000,7.030000,0.497037
23345,2022,BHM,BLUEROCK HOMES TRUST INC,2.0,8.0,5.0,3,-0.080850,23.710000,90.927850,724.895000,25.352000,-5.190000,538.460000,0.204528,0.282546,-0.007160,,5.954888,,52,4.583846,2.430000,6.380000,1.112739
23345,2023,BHM,BLUEROCK HOMES TRUST INC,2.0,8.0,5.0,12,-0.025675,16.602500,63.868435,681.279000,35.140250,-1.546250,259.296500,0.228794,0.151186,0.000975,-0.006251,3.814777,,52,6.111731,5.140000,7.030000,0.497037
23711,2023,STRW,STRAWBERRY FIELDS REIT INC,2.0,3.0,6.0,11,0.005210,7.129682,45.225744,549.982455,94.609818,2.315364,7.689455,0.846266,0.094321,0.093664,,0.170571,,52,6.111731,5.140000,7.030000,0.497037
23829,2023,PKST,PEAKSTONE REALTY TRUST,2.0,4.0,8.0,9,0.009088,20.516667,737.687583,3409.402667,337.893667,-511.956000,1537.035000,0.447627,0.096526,0.031943,,2.152266,,52,6.111731,5.140000,7.030000,0.497037
26650,2021,CTLC,CONSOLIDATED TOMOKA LAND CO,2.0,2.0,4.0,11,0.025470,54.462727,324.309971,678.052545,57.023182,70.666182,354.477909,0.419647,0.025688,0.028071,0.288862,1.095998,0.717349,52,2.271923,2.100000,2.450000,0.093934
26650,2022,CTO,C T O REALTY GROWTH INC NEW,2.0,2.0,4.0,12,-0.001150,41.565000,381.124142,744.098750,70.631250,46.821500,413.263250,0.384546,0.060769,0.036442,0.133797,1.087579,0.680958,52,4.583846,2.430000,6.380000,1.112739
26650,2023,CTO,C T O REALTY GROWTH INC NEW,2.0,2.0,4.0,12,0.004525,17.179167,389.394212,968.770750,88.262000,1.458750,457.820000,0.468731,0.023776,0.056368,0.032631,1.178769,0.702507,52,6.111731,5.140000,7.030000,0.497037
27511,2000,CUZ,COUSINS PROPERTIES INC,2.0,2.0,4.0,12,0.023300,36.125000,1281.986467,936.834750,123.363500,94.160750,444.232750,0.332477,0.008292,0.098562,0.188393,0.348067,0.240304,52,7.718269,6.790000,8.310000,0.313048
27511,2001,CUZ,COUSINS PROPERTIES INC,2.0,2.0,4.0,12,-0.006417,25.411667,1258.831567,1109.384000,171.075250,67.078250,463.068750,0.423124,0.003148,0.095470,0.178711,0.368453,0.142791,52,6.502308,5.940000,6.780000,0.221436
27511,2002,CUZ,COUSINS PROPERTIES INC,2.0,2.0,4.0,12,0.006992,24.824167,1231.918750,1209.149250,199.660000,58.018250,459.869500,0.484234,0.005086,0.080047,0.146165,0.374422,0.164047,52,5.982692,5.320000,6.690000,0.437498
27511,2003,CUZ,COUSINS PROPERTIES INC,2.0,2.0,4.0,12,0.028875,27.520833,1333.627075,1223.975000,206.141500,65.132000,447.441500,0.514897,0.009424,0.089544,0.132070,0.335188,0.166493,53,5.170943,4.600000,5.770000,0.273188
27511,2004,CUZ,COUSINS PROPERTIES INC,2.0,2.0,4.0,12,0.022708,32.440000,1594.199933,1153.529500,159.614250,106.588750,486.417750,0.434320,0.021642,0.081291,0.343828,0.306749,0.135233,52,5.206154,4.690000,5.720000,0.269023
27511,2005,CUZ,COUSINS PROPERTIES INC,2.0,2.0,4.0,12,0.000250,28.918333,1455.909383,1080.605500,315.075250,287.442000,517.444750,0.296743,0.086588,0.214522,0.728145,0.358938,0.164699,52,5.417885,5.100000,5.900000,0.239970
27511,2006,CUZ,COUSINS PROPERTIES INC,2.0,2.0,4.0,12,0.031492,32.970000,1678.372192,1210.382000,219.119500,67.989500,425.284750,0.368635,0.011152,0.075610,0.436693,0.254943,0.364027,52,6.066346,5.670000,6.440000,0.195629
27511,2007,CUZ,COUSINS PROPERTIES INC,2.0,2.0,4.0,12,-0.030350,29.875000,1550.317133,1291.584000,334.074750,147.402500,457.474500,0.279509,0.021825,0.160446,0.366638,0.297466,0.545416,52,6.025192,5.650000,6.430000,0.193528
27511,2008,CUZ,COUSINS PROPERTIES INC,2.0,2.0,4.0,12,-0.013500,21.741667,1138.110374,1545.916000,178.759750,16.865000,350.747500,0.453277,0.016325,0.010744,0.282119,0.331649,0.889821,53,5.617170,4.830000,6.190000,0.346135
27511,2009,CUZ,COUSINS PROPERTIES INC,2.0,2.0,4.0,12,-0.028625,8.037500,525.468033,1653.465500,221.539000,75.989250,355.383250,0.557367,0.040121,0.017255,0.083038,0.716876,1.366365,52,4.573846,4.270000,5.060000,0.176459
27511,2010,CUZ,COUSINS PROPERTIES INC,2.0,2.0,4.0,12,0.014408,7.450000,752.538554,1518.868750,208.675000,-44.495500,615.127750,0.402978,0.030674,0.040551,0.057288,0.822065,1.338828,52,4.095577,3.570000,4.520000,0.275385
27511,2011,CUZ,COUSINS PROPERTIES INC,2.0,2.0,4.0,12,-0.015700,7.680000,795.411574,1358.729750,211.760500,-27.807750,585.446250,0.371453,0.016494,0.049079,0.004012,0.751894,1.344184,52,3.684231,3.210000,4.290000,0.348027
27511,2012,CUZ,COUSINS PROPERTIES INC,2.0,2.0,4.0,12,0.025667,7.806667,812.796181,1216.215000,134.379000,-104.201000,459.094750,0.410205,0.007572,0.048056,-0.182862,0.568381,1.348137,52,2.934423,2.630000,3.300000,0.206059
27511,2013,CUZ,COUSINS PROPERTIES INC,2.0,2.0,4.0,12,0.020750,10.288333,1492.607898,1155.143750,168.111750,15.880750,507.475500,0.352218,0.045583,0.072415,-0.064091,0.352446,1.364043,52,3.100769,2.560000,3.600000,0.354538
27511,2014,CUZ,COUSINS PROPERTIES INC,2.0,2.0,4.0,12,0.011975,11.961667,2479.276583,2277.620750,305.430500,84.911750,1405.658500,0.277333,0.006003,0.064509,0.094396,0.571075,1.139081,53,3.286038,3.080000,3.560000,0.110058
27511,2015,CUZ,COUSINS PROPERTIES INC,2.0,2.0,4.0,12,-0.011725,10.017500,2170.961875,2642.779250,373.474500,30.668750,1664.278750,0.298550,0.003185,0.052123,0.055360,0.769336,1.176301,52,3.087500,2.920000,3.250000,0.101109
27511,2016,CUZ,COUSINS PROPERTIES INC,2.0,2.0,4.0,12,0.020417,9.620000,2395.723642,2617.203250,359.932500,119.256500,1674.796250,0.290940,0.003117,0.059598,0.056442,0.724010,1.140353,52,2.930769,2.720000,3.550000,0.213200
27511,2017,CUZ,COUSINS PROPERTIES INC,2.0,2.0,4.0,12,0.010092,8.856667,3678.896492,3818.669000,326.212500,100.604500,2375.409250,0.282066,0.016887,0.040256,0.049913,0.641784,0.890553,52,3.272500,3.080000,3.500000,0.105865
27511,2018,CUZ,COUSINS PROPERTIES INC,2.0,2.0,4.0,12,-0.010267,8.853333,3720.835133,4188.595250,504.151500,187.898250,2767.538250,0.260771,0.029144,0.047645,0.059087,0.746330,0.891736,52,4.000192,3.380000,4.360000,0.207860
27511,2019,CUZ,COUSINS PROPERTIES INC,2.0,2.0,4.0,12,0.026175,26.009167,4881.320917,4804.440000,499.493000,80.143750,3147.463750,0.269405,0.005918,0.047985,0.049328,0.649098,0.897229,52,3.391731,3.000000,3.990000,0.299344
27511,2020,CUZ,COUSINS PROPERTIES INC,2.0,2.0,4.0,12,-0.006867,31.546667,4670.803542,6916.487250,691.868250,207.908500,4422.496750,0.296640,0.006840,0.042727,0.032091,0.959909,0.852351,53,2.604906,2.170000,3.160000,0.277853
27511,2021,CUZ,COUSINS PROPERTIES INC,2.0,2.0,4.0,12,0.018742,37.015833,5510.338683,7011.536500,750.298250,192.122750,4463.441000,0.306489,0.002576,0.052575,0.045367,0.814034,0.836598,52,2.271923,2.100000,2.450000,0.093934
27511,2022,CUZ,COUSINS PROPERTIES INC,2.0,2.0,4.0,12,-0.031350,31.136667,4659.472633,7257.404250,759.094000,240.451250,4542.900000,0.315034,0.001049,0.053002,0.057717,1.010062,0.868850,52,4.583846,2.430000,6.380000,1.112739
27511,2023,CUZ,COUSINS PROPERTIES INC,2.0,2.0,4.0,12,0.008175,22.405000,3398.360492,7552.960750,780.189000,196.838000,4612.852500,0.321440,0.000778,0.048474,0.046452,1.373996,0.964932,52,6.111731,5.140000,7.030000,0.497037
31974,2016,FCE,FOREST CITY ENTERPRISES INC,2.0,2.0,4.0,12,0.010055,21.391667,5163.823108,9422.267750,994.313500,450.936000,3585.944000,0.438999,0.052375,0.028444,0.080401,0.698691,1.501146,52,2.930769,2.720000,3.550000,0.213200
31974,2017,FCE,FOREST CITY REALTY TRUST INC,2.0,2.0,4.0,12,0.014600,23.611667,6007.137733,8289.339250,985.443250,-127.113250,3304.194500,0.439720,0.043865,0.039844,0.030607,0.553770,0.966790,52,3.272500,3.080000,3.500000,0.105865
31974,2018,FCE,FOREST CITY REALTY TRUST INC,2.0,2.0,4.0,11,0.007573,23.082727,6182.527445,8018.442636,982.393727,256.941364,3482.998000,0.431056,0.061179,0.051459,0.010853,0.567284,0.899526,52,4.000192,3.380000,4.360000,0.207860
39917,2010,WY,WEYERHAEUSER CO,2.0,1.0,1.0,12,0.026782,29.365833,8038.166767,15124.500000,5675.000000,-650.500000,5740.000000,0.365018,0.125726,-0.008924,-0.180401,0.817755,1.063617,52,4.095577,3.570000,4.520000,0.275385
39917,2011,WY,WEYERHAEUSER CO,2.0,1.0,1.0,12,0.006808,20.467500,10999.808833,13525.250000,6150.000000,1250.000000,5186.500000,0.364958,0.095471,0.039970,0.105870,0.481801,1.107949,52,3.684231,3.210000,4.290000,0.348027
39917,2012,WY,WEYERHAEUSER CO,2.0,1.0,1.0,12,0.037225,23.577500,12695.339500,12595.500000,6273.000000,332.250000,4543.500000,0.356035,0.069670,0.028993,0.161024,0.366155,1.107576,52,2.934423,2.630000,3.300000,0.206059
39917,2013,WY,WEYERHAEUSER CO,2.0,1.0,1.0,12,0.013842,29.687917,16804.620083,12837.000000,7113.500000,441.250000,4665.000000,0.338017,0.059312,0.045120,0.087532,0.276582,1.125351,52,3.100769,2.560000,3.600000,0.354538
39917,2014,WY,WEYERHAEUSER CO,2.0,1.0,1.0,12,0.014625,32.107500,17935.456667,15079.500000,7643.750000,582.250000,6768.000000,0.369960,0.055755,0.069949,0.087846,0.377608,1.240449,53,3.286038,3.080000,3.560000,0.110058
39917,2015,WY,WEYERHAEUSER CO,2.0,1.0,1.0,12,-0.010183,31.427500,16254.361250,13197.250000,7015.250000,694.250000,5328.750000,0.409481,0.103494,0.082909,0.235949,0.328684,1.167346,52,3.087500,2.920000,3.250000,0.101109
39917,2016,WY,WEYERHAEUSER CO,2.0,1.0,1.0,12,0.006950,30.276667,22376.631000,17268.500000,5975.500000,455.250000,7285.500000,0.424931,0.050977,0.066428,0.204621,0.327818,1.237816,52,2.930769,2.720000,3.550000,0.213200
39917,2017,WY,WEYERHAEUSER CO,2.0,1.0,1.0,12,0.016875,33.797500,25420.865583,19545.000000,6464.750000,442.500000,9168.750000,0.385129,0.033176,0.043161,0.108686,0.361268,1.288977,52,3.272500,3.080000,3.500000,0.105865
39917,2018,WY,WEYERHAEUSER CO,2.0,1.0,1.0,12,-0.032733,32.850000,24812.570667,18098.500000,7289.500000,659.000000,9054.000000,0.357554,0.046040,0.063812,0.084764,0.376429,1.376525,52,4.000192,3.380000,4.360000,0.207860
39917,2019,WY,WEYERHAEUSER CO,2.0,1.0,1.0,12,0.035350,26.812500,19990.230750,17209.250000,7318.500000,512.750000,8930.500000,0.388089,0.034618,0.058169,0.075485,0.449658,1.575581,52,3.391731,3.000000,3.990000,0.299344
39917,2020,WY,WEYERHAEUSER CO,2.0,1.0,1.0,12,0.024825,26.075000,19454.706333,16680.000000,6603.250000,109.750000,8279.750000,0.405407,0.046331,0.060856,0.029032,0.441608,1.603304,53,2.604906,2.170000,3.160000,0.277853
39917,2021,WY,WEYERHAEUSER CO,2.0,1.0,1.0,12,0.021850,35.968333,26937.333917,16842.750000,8170.500000,1225.000000,9276.250000,0.333116,0.059585,0.119080,0.049376,0.345121,1.371868,52,2.271923,2.100000,2.450000,0.093934
39917,2022,WY,WEYERHAEUSER CO,2.0,1.0,1.0,12,-0.015017,35.395833,26292.687917,17610.000000,10425.500000,2561.000000,10603.000000,0.293118,0.100970,0.183928,0.179277,0.409351,1.241788,52,4.583846,2.430000,6.380000,1.112739
39917,2023,WY,WEYERHAEUSER CO,2.0,1.0,1.0,12,0.017100,31.680833,23179.818667,17245.000000,9420.250000,1531.750000,10548.750000,0.306433,0.087286,0.135233,0.202912,0.457222,1.222297,52,6.111731,5.140000,7.030000,0.497037
40468,2006,GYRO,GYRODYNE COMPANY AMERICA INC,2.0,2.0,2.0,8,0.025314,50.829487,63.286825,30.645875,1.658125,13.050625,29.532500,0.000000,0.570058,0.481225,0.230603,0.472194,0.102520,52,6.066346,5.670000,6.440000,0.195629
40468,2007,GYRO,GYRODYNE COMPANY AMERICA INC,2.0,2.0,2.0,12,-0.015917,56.260833,72.285795,30.018750,1.246667,2.911083,26.470167,0.048757,0.784212,0.194852,0.261585,0.367711,0.231017,52,6.025192,5.650000,6.430000,0.193528
40468,2008,GYRO,GYRODYNE COMPANY AMERICA INC,2.0,2.0,2.0,12,-0.043100,36.442075,47.010277,28.652250,2.628500,-0.666250,21.035250,0.233515,0.313406,-0.060332,-0.076502,0.459084,0.338777,53,5.617170,4.830000,6.190000,0.346135
40468,2009,GYRO,GYRODYNE COMPANY AMERICA INC,2.0,2.0,2.0,12,0.051783,34.056667,43.933100,34.192750,3.809250,2.420000,18.170000,0.417565,0.043211,-0.035877,0.021247,0.449807,0.438935,52,4.573846,4.270000,5.060000,0.176459
40468,2010,GYRO,GYRODYNE COMPANY AMERICA INC,2.0,2.0,2.0,12,0.070100,60.107917,77.539213,36.517250,5.026500,-0.337750,15.634750,0.507850,0.033286,-0.036806,0.111351,0.225404,0.530142,52,4.095577,3.570000,4.520000,0.275385
40468,2011,GYRO,GYRODYNE COMPANY AMERICA INC,2.0,2.0,2.0,12,0.030208,74.834492,101.940735,38.582000,5.564250,-1.253250,15.736250,0.546311,0.039631,-0.016536,0.001215,0.162274,0.640448,52,3.684231,3.210000,4.290000,0.348027
40468,2012,GYRO,GYRODYNE COMPANY AMERICA INC,2.0,2.0,2.0,12,0.007825,103.766667,153.885965,89.583250,5.478000,25.356000,67.027000,0.354691,0.174483,-0.005114,-0.057463,0.467478,0.690744,52,2.934423,2.630000,3.300000,0.206059
40468,2013,GYRO,GYRODYNE COMPANY AMERICA INC,2.0,2.0,2.0,12,-0.015383,67.953333,100.774795,151.415500,4.707750,73.489750,143.143000,0.033471,0.750206,1.122419,0.872535,1.782680,0.662837,52,3.100769,2.560000,3.600000,0.354538
40468,2015,GYRO,GYRODYNE COMPANY AMERICA INC,2.0,2.0,2.0,3,-0.027933,2.880233,10.677025,43.490667,3.579333,-2.482667,7.637333,0.403160,0.216773,-0.069302,0.019341,0.715827,0.746378,52,3.087500,2.920000,3.250000,0.101109
46703,2000,MHS,MARRIOTT CORP,2.0,5.0,9.0,12,0.049433,10.401042,2306.413492,8196.000000,1464.500000,134.500000,1225.750000,0.682866,0.025787,0.043860,0.108966,0.540141,0.413969,52,7.718269,6.790000,8.310000,0.313048
46703,2001,MHS,MARRIOTT CORP,2.0,5.0,9.0,12,-0.009500,11.061667,2693.109217,8301.250000,2005.750000,236.750000,1240.750000,0.696092,0.041151,0.046146,0.141449,0.485206,0.335733,52,6.502308,5.940000,6.780000,0.221436
46703,2002,MHS,MARRIOTT CORP,2.0,5.0,9.0,12,0.001808,10.366667,2742.397000,8339.000000,3675.750000,101.750000,1291.750000,0.722721,0.047817,0.040012,0.076486,0.478422,0.508067,52,5.982692,5.320000,6.690000,0.437498
46703,2003,MHS,MARRIOTT CORP,2.0,5.0,9.0,12,0.031625,9.375833,2635.409025,8287.750000,3521.750000,-72.750000,1249.500000,0.738428,0.057074,0.042250,0.009389,0.498821,0.505835,53,5.170943,4.600000,5.770000,0.273188
46703,2004,MHS,MARRIOTT CORP,2.0,5.0,9.0,12,0.029975,13.497500,4488.701258,8552.000000,3351.900000,-206.000000,1744.250000,0.694301,0.104374,0.040033,-0.000701,0.391450,0.512749,52,5.206154,4.690000,5.720000,0.269023
46703,2005,MHS,MARRIOTT CORP,2.0,5.0,9.0,12,0.010683,17.190833,6058.386358,8441.000000,3581.250000,-68.750000,2035.500000,0.665326,0.071502,0.047739,0.003246,0.336814,0.688562,52,5.417885,5.100000,5.900000,0.239970
46703,2006,MHS,MARRIOTT CORP,2.0,5.0,9.0,12,0.025992,21.938333,10519.662275,9138.500000,3870.500000,131.750000,2995.500000,0.602213,0.056354,0.060435,0.044501,0.280083,0.979943,52,6.066346,5.670000,6.440000,0.195629
46703,2007,MHS,MARRIOTT CORP,2.0,5.0,9.0,12,-0.024142,23.131667,12169.694000,11931.000000,4892.500000,299.750000,5182.000000,0.502680,0.059212,0.073464,0.115786,0.434716,0.857023,52,6.025192,5.650000,6.430000,0.193528
46703,2008,MHS,MARRIOTT CORP,2.0,5.0,9.0,12,-0.054675,13.584167,7088.626842,11866.000000,5440.500000,532.750000,5367.750000,0.483858,0.046177,0.087906,0.139357,0.822664,0.999422,53,5.617170,4.830000,6.190000,0.346135
46703,2009,MHS,MARRIOTT CORP,2.0,5.0,9.0,12,0.077350,8.465000,5092.710408,12071.000000,5060.250000,312.750000,5535.500000,0.493891,0.065449,0.079133,0.102640,1.314310,1.797192,52,4.573846,4.270000,5.060000,0.176459
46703,2010,MHS,MARRIOTT CORP,2.0,5.0,9.0,12,0.041658,14.431458,9476.971783,12159.750000,4188.250000,-167.500000,6027.000000,0.455372,0.107774,0.045736,0.008696,0.651120,2.059495,52,4.095577,3.570000,4.520000,0.275385
46703,2011,MHS,MARRIOTT CORP,2.0,5.0,9.0,12,-0.007892,15.720833,10883.712450,12525.500000,4478.500000,-118.250000,6341.500000,0.445601,0.058969,0.041809,-0.029267,0.597411,2.062540,52,3.684231,3.210000,4.290000,0.348027
46703,2012,MHS,MARRIOTT CORP,2.0,5.0,9.0,12,0.008567,15.599167,11201.509125,13049.000000,4962.750000,-10.750000,6801.500000,0.432708,0.061849,0.050887,-0.009904,0.608350,2.039818,52,2.934423,2.630000,3.300000,0.206059
46703,2013,MHS,MARRIOTT CORP,2.0,5.0,9.0,12,0.021208,17.736667,13189.901917,13009.500000,5291.000000,51.250000,6993.250000,0.406422,0.043511,0.063377,0.004278,0.531456,2.152590,52,3.100769,2.560000,3.600000,0.354538
46703,2014,MHS,MARRIOTT CORP,2.0,5.0,9.0,12,0.020767,21.670000,16401.664667,12450.250000,5293.500000,274.000000,7278.250000,0.349882,0.043567,0.083784,0.029307,0.445944,1.836098,53,3.286038,3.080000,3.560000,0.110058
46703,2015,MHS,MARRIOTT CORP,2.0,5.0,9.0,12,-0.030933,18.845833,14223.753417,12098.250000,5382.500000,656.250000,7292.500000,0.331158,0.038218,0.094550,0.076480,0.519914,1.430275,52,3.087500,2.920000,3.250000,0.101109
46703,2016,MHS,MARRIOTT CORP,2.0,5.0,9.0,12,0.024942,16.381667,12210.862875,11761.500000,5451.500000,656.500000,7054.750000,0.339324,0.022337,0.102328,0.087654,0.581226,1.335501,52,2.930769,2.720000,3.550000,0.213200
46703,2017,MHS,MARRIOTT CORP,2.0,5.0,9.0,12,0.008608,18.616667,13772.566750,11645.000000,5464.750000,725.000000,7053.000000,0.330089,0.037996,0.110993,0.096468,0.512724,1.130688,52,3.272500,3.080000,3.500000,0.105865
46703,2018,MHS,MARRIOTT CORP,2.0,5.0,9.0,12,-0.008733,19.880833,14705.962167,11900.750000,5440.000000,619.750000,7072.250000,0.344604,0.056409,0.105499,0.092578,0.483911,1.140465,52,4.000192,3.380000,4.360000,0.207860
46703,2019,MHS,MARRIOTT CORP,2.0,5.0,9.0,12,0.014725,17.940833,13175.087333,12336.750000,5578.250000,1020.000000,7449.000000,0.341510,0.101651,0.104119,0.118314,0.567869,1.102935,52,3.391731,3.000000,3.990000,0.299344
46703,2020,MHS,MARRIOTT CORP,2.0,5.0,9.0,12,-0.009475,12.403333,8765.183967,12768.250000,4998.000000,721.750000,7149.750000,0.399974,0.155031,0.084473,0.133762,0.833171,1.109618,53,2.604906,2.170000,3.160000,0.277853
46703,2021,MHS,MARRIOTT CORP,2.0,5.0,9.0,12,0.017800,16.512500,11733.782750,12872.750000,1690.250000,-697.500000,6275.000000,0.479694,0.159644,-0.019226,-0.015178,0.537573,1.142107,52,2.271923,2.100000,2.450000,0.093934
46703,2022,MHS,MARRIOTT CORP,2.0,5.0,9.0,12,0.001933,18.032500,12886.785375,12234.250000,3253.500000,105.250000,6464.750000,0.431138,0.057144,0.038942,-0.049339,0.505532,1.092296,52,4.583846,2.430000,6.380000,1.112739
46703,2023,MHS,MARRIOTT CORP,2.0,5.0,9.0,12,0.024767,17.035000,12087.144917,12256.500000,5038.750000,750.000000,6838.000000,0.390052,0.059972,0.115760,0.054254,0.568363,1.143803,52,6.111731,5.140000,7.030000,0.497037
49330,2000,ALX,ALEXANDERS INC,2.0,9.0,5.0,12,-0.010375,72.895833,364.552064,355.548500,64.184000,5.917000,13.250250,0.901370,0.072684,0.026359,-0.103932,0.036521,0.288156,52,7.718269,6.790000,8.310000,0.313048
49330,2001,ALX,ALEXANDERS INC,2.0,9.0,5.0,12,-0.013383,62.275833,311.441448,431.387750,64.606000,9.055250,28.776000,0.893294,0.070584,0.019123,0.355487,0.094003,0.316002,52,6.502308,5.940000,6.780000,0.221436
49330,2002,ALX,ALEXANDERS INC,2.0,9.0,5.0,12,0.012458,64.667500,323.402172,571.768750,68.999250,21.154750,47.196500,0.876328,0.209605,0.020369,0.476740,0.147128,0.298602,52,5.982692,5.320000,6.690000,0.437498
49330,2003,ALX,ALEXANDERS INC,2.0,9.0,5.0,12,0.058342,88.603333,443.105270,698.601000,77.114000,11.007250,69.016500,0.819909,0.070978,0.020213,0.453473,0.162810,0.312492,53,5.170943,4.600000,5.770000,0.273188
49330,2004,ALX,ALEXANDERS INC,2.0,9.0,5.0,12,0.048392,176.382500,883.116718,998.219750,95.941000,-28.715750,41.442500,0.801808,0.090553,0.008969,-0.060128,0.049555,0.360315,52,5.206154,4.690000,5.720000,0.269023
49330,2005,ALX,ALEXANDERS INC,2.0,9.0,5.0,12,0.013433,249.929167,1264.004983,1295.705250,153.055750,-3.751000,38.918250,0.741359,0.205376,0.018784,-1.208083,0.030291,0.421664,52,5.417885,5.100000,5.900000,0.239970
49330,2006,ALX,ALEXANDERS INC,2.0,9.0,5.0,12,0.049192,303.243333,1526.775083,1415.788750,188.146500,51.645250,91.065000,0.761728,0.426294,0.004455,-0.285753,0.059794,0.532741,52,6.066346,5.670000,6.440000,0.195629
49330,2007,ALX,ALEXANDERS INC,2.0,9.0,5.0,12,-0.011200,396.742500,1999.237075,1433.030250,201.121500,-25.108500,63.245250,0.744410,0.411600,0.019298,-1.270963,0.031623,0.781077,52,6.025192,5.650000,6.430000,0.193528
49330,2008,ALX,ALEXANDERS INC,2.0,9.0,5.0,12,-0.011217,331.290833,1674.874508,1544.653750,207.351000,83.467500,144.249500,0.721890,0.369527,0.031928,-0.655708,0.090412,0.954803,53,5.617170,4.830000,6.190000,0.346135
49330,2009,ALX,ALEXANDERS INC,2.0,9.0,5.0,12,0.029083,246.960000,1259.959843,1627.251250,211.956000,80.328000,192.135500,0.751065,0.328866,0.004496,0.601113,0.152564,1.265718,52,4.573846,4.270000,5.060000,0.176459
49330,2010,ALX,ALEXANDERS INC,2.0,9.0,5.0,12,0.029950,329.719167,1683.546083,1694.749250,226.765250,127.111750,316.697500,0.746202,0.314412,0.023827,0.424460,0.189798,1.264099,52,4.095577,3.570000,4.520000,0.275385
49330,2011,ALX,ALEXANDERS INC,2.0,9.0,5.0,12,-0.002217,402.595000,2055.650092,1713.463000,234.665250,65.482250,341.801750,0.743722,0.311710,0.042906,0.290264,0.166828,1.213720,52,3.684231,3.210000,4.290000,0.348027
49330,2012,ALX,ALEXANDERS INC,2.0,9.0,5.0,12,0.020783,407.947500,2082.979917,1772.670500,203.137750,60.585000,357.647250,0.750013,0.338382,0.054568,0.210449,0.172924,1.161457,52,2.934423,2.630000,3.300000,0.206059
49330,2013,ALX,ALEXANDERS INC,2.0,9.0,5.0,12,0.004108,310.765833,1586.770333,1550.530500,191.671750,51.070500,339.932500,0.690056,0.308169,0.065520,1.276603,0.214792,1.218149,52,3.100769,2.560000,3.600000,0.354538
49330,2014,ALX,ALEXANDERS INC,2.0,9.0,5.0,12,0.029508,381.037500,1945.577433,1457.760750,196.974500,55.750000,333.775250,0.715699,0.293256,0.055829,0.945507,0.172576,0.963721,53,3.286038,3.080000,3.560000,0.110058
49330,2015,ALX,ALEXANDERS INC,2.0,9.0,5.0,12,-0.006608,410.674167,2096.902275,1434.866000,202.066250,67.789750,344.312250,0.719610,0.239455,0.042048,0.184819,0.165206,0.860819,52,3.087500,2.920000,3.250000,0.101109
49330,2016,ALX,ALEXANDERS INC,2.0,9.0,5.0,12,0.013950,400.529167,2045.101875,1449.695250,210.882500,78.627000,352.614750,0.727663,0.235534,0.065913,0.208367,0.172987,0.753914,52,2.930769,2.720000,3.550000,0.213200
49330,2017,ALX,ALEXANDERS INC,2.0,9.0,5.0,12,-0.002417,422.319167,2156.748775,1494.254000,226.709250,86.503500,351.097250,0.734822,0.277056,0.085018,0.233775,0.162880,0.715048,52,3.272500,3.080000,3.500000,0.105865
49330,2018,ALX,ALEXANDERS INC,2.0,9.0,5.0,12,-0.016767,356.535833,1820.828483,1598.994250,230.963250,76.894500,325.873250,0.763522,0.228423,0.075767,0.238659,0.179622,0.699645,52,4.000192,3.380000,4.360000,0.207860
49330,2019,ALX,ALEXANDERS INC,2.0,9.0,5.0,12,0.012642,359.288333,1834.885517,1388.578000,231.817250,58.931250,282.947250,0.768033,0.217376,0.066207,0.164731,0.154537,0.610155,52,3.391731,3.000000,3.990000,0.299344
49330,2020,ALX,ALEXANDERS INC,2.0,9.0,5.0,12,-0.005333,272.634167,1392.342675,1334.122750,223.886000,52.574750,243.913750,0.783839,0.286003,0.087192,0.186234,0.176392,0.552044,53,2.604906,2.170000,3.160000,0.277853
49330,2021,ALX,ALEXANDERS INC,2.0,9.0,5.0,12,0.000908,269.365833,1375.651283,1393.080500,211.372500,50.986250,205.200500,0.814637,0.316896,0.063588,0.219116,0.149281,0.550339,52,2.271923,2.100000,2.450000,0.093934
49330,2022,ALX,ALEXANDERS INC,2.0,9.0,5.0,12,-0.005342,239.505000,1223.152067,1409.892500,203.887500,111.893750,238.151000,0.785699,0.314933,0.084685,0.392976,0.196426,0.519485,52,4.583846,2.430000,6.380000,1.112739
49330,2023,ALX,ALEXANDERS INC,2.0,9.0,5.0,12,0.008775,194.741667,994.545702,1405.376000,207.792000,83.868250,242.874500,0.780222,0.253644,0.066318,0.361431,0.245906,0.646488,52,6.111731,5.140000,7.030000,0.497037
49744,2006,PCH,POTLATCH CORP,2.0,1.0,1.0,12,0.025145,40.083333,1449.503433,1583.679000,1526.892500,60.843750,843.689750,0.212896,0.024091,0.037025,0.195608,0.592151,0.928665,52,6.066346,5.670000,6.440000,0.195629
49744,2007,PCH,POTLATCHDELTIC CORP,2.0,1.0,1.0,12,0.005625,45.015000,1756.527933,1458.497000,1594.550000,117.287500,651.433250,0.232882,0.019504,0.113340,0.159906,0.370840,0.999189,52,6.025192,5.650000,6.430000,0.193528
49744,2008,PCH,POTLATCHDELTIC CORP,2.0,1.0,1.0,12,-0.019108,40.774167,1606.742000,1533.855250,1432.006000,107.012250,625.460500,0.289854,0.021931,0.092690,0.157225,0.406406,1.068250,53,5.617170,4.830000,6.190000,0.346135
49744,2009,PCH,POTLATCHDELTIC CORP,2.0,1.0,1.0,12,0.029408,27.281667,1083.594317,1075.284500,523.276500,70.124750,301.006750,0.425493,0.035069,0.044919,0.195549,0.295414,1.086020,52,4.573846,4.270000,5.060000,0.176459
49744,2010,PCH,POTLATCHDELTIC CORP,2.0,1.0,1.0,12,0.008442,34.135833,1363.488667,832.483750,474.006750,69.488250,215.496250,0.450923,0.072502,0.109646,0.306938,0.158312,1.007333,52,4.095577,3.570000,4.520000,0.275385
49744,2011,PCH,POTLATCHDELTIC CORP,2.0,1.0,1.0,12,0.002167,34.977500,1404.279417,771.666000,533.178500,41.098000,196.981750,0.476462,0.103079,0.155822,0.255473,0.140703,0.931214,52,3.684231,3.210000,4.290000,0.348027
49744,2012,PCH,POTLATCHDELTIC CORP,2.0,1.0,1.0,12,0.023567,34.102425,1375.361117,722.867000,502.850750,40.695500,149.631000,0.495291,0.089794,0.103295,0.247578,0.111223,0.857733,52,2.934423,2.630000,3.300000,0.206059
49744,2013,PCH,POTLATCHDELTIC CORP,2.0,1.0,1.0,12,0.010300,42.597500,1725.073892,706.238250,534.143500,47.502000,144.284250,0.478842,0.089289,0.121831,0.297249,0.084083,0.876431,52,3.100769,2.560000,3.600000,0.354538
49744,2014,PCH,POTLATCHDELTIC CORP,2.0,1.0,1.0,12,0.004075,40.810000,1656.255117,690.756000,573.964750,72.320250,201.872250,0.463498,0.101438,0.152526,0.329687,0.121740,0.713401,53,3.286038,3.080000,3.560000,0.110058
49744,2015,PCH,POTLATCHDELTIC CORP,2.0,1.0,1.0,12,-0.021400,35.005000,1423.446150,954.499250,598.859500,77.069500,223.278250,0.571844,0.042616,0.122115,0.377088,0.157668,0.690375,52,3.087500,2.920000,3.250000,0.101109
49744,2016,PCH,POTLATCHDELTIC CORP,2.0,1.0,1.0,12,0.033508,35.534583,1441.993100,992.921750,577.470500,25.124000,187.448500,0.624479,0.022105,0.084929,0.257254,0.134423,0.993189,52,2.930769,2.720000,3.550000,0.213200
49744,2017,PCH,POTLATCHDELTIC CORP,2.0,1.0,1.0,12,0.018350,47.300000,1920.425950,935.062750,611.002000,30.484500,160.407000,0.623668,0.098157,0.119245,0.105688,0.083743,1.375500,52,3.272500,3.080000,3.500000,0.105865
49744,2018,PCH,POTLATCHDELTIC CORP,2.0,1.0,1.0,12,-0.025692,45.857500,2792.792467,1673.393500,725.063250,91.463250,784.516750,0.463759,0.085566,0.118137,0.280637,0.307508,1.310771,52,4.000192,3.380000,4.360000,0.207860
49744,2019,PCH,POTLATCHDELTIC CORP,2.0,1.0,1.0,12,0.032992,38.958750,2624.893400,2317.769500,941.824000,114.056000,1279.861750,0.332529,0.044853,0.072701,0.234142,0.490424,1.369272,52,3.391731,3.000000,3.990000,0.299344
49744,2020,PCH,POTLATCHDELTIC CORP,2.0,1.0,1.0,12,0.020458,40.610000,2719.072867,2227.541250,835.611250,37.940250,1198.778750,0.347603,0.037974,0.067691,0.065408,0.450910,1.155323,53,2.604906,2.170000,3.160000,0.277853
49744,2021,PCH,POTLATCHDELTIC CORP,2.0,1.0,1.0,12,0.026292,53.853333,3620.213125,2481.351250,1146.586750,264.961250,1416.699750,0.313765,0.127665,0.159053,0.093480,0.392571,0.931716,52,2.271923,2.100000,2.450000,0.093934
49744,2022,PCH,POTLATCHDELTIC CORP,2.0,1.0,1.0,12,-0.017625,48.851667,3549.613400,2714.654250,1366.297000,438.535000,1720.369000,0.286127,0.171292,0.203612,0.215280,0.486820,0.884634,52,4.583846,2.430000,6.380000,1.112739
49744,2023,PCH,POTLATCHDELTIC CORP,2.0,1.0,1.0,12,0.015375,47.857500,3815.245567,3574.366000,1224.528500,244.445750,2322.910750,0.295240,0.104720,0.103844,0.201786,0.611117,0.909544,52,6.111731,5.140000,7.030000,0.497037
50092,2006,LFB,LONGVIEW FIBRE CO,2.0,1.0,1.0,12,0.053282,21.702500,1236.907220,1212.120667,898.315833,11.704583,619.298667,0.359563,0.007003,0.091184,0.025093,0.515966,1.038730,52,6.066346,5.670000,6.440000,0.195629
50092,2007,LFBR,LONGVIEW FIBRE CO,2.0,1.0,1.0,3,0.046300,23.403333,1539.308000,1182.574000,898.092000,10.354000,510.756000,0.438197,0.004135,0.091573,0.023013,0.333703,1.028819,52,6.025192,5.650000,6.430000,0.193528
50585,2000,UBP,URSTADT BIDDLE PROPERTIES INC,2.0,9.0,18.0,12,0.004233,7.005208,38.933224,182.234750,30.472750,9.540167,87.094833,0.286813,0.019270,0.082739,0.101697,2.238092,0.248810,52,7.718269,6.790000,8.310000,0.313048
50585,2001,UBP,URSTADT BIDDLE PROPERTIES INC,2.0,9.0,18.0,12,0.045500,8.575000,52.563568,185.226833,32.311000,8.728833,87.127083,0.299731,0.013193,0.080138,0.099986,1.678756,0.250097,52,6.502308,5.940000,6.780000,0.221436
50585,2002,UBP,URSTADT BIDDLE PROPERTIES INC,2.0,9.0,18.0,12,0.023825,11.319167,73.076764,232.420417,41.429417,14.844583,140.843417,0.249716,0.115666,0.116262,0.105863,1.913975,0.247070,52,5.982692,5.320000,6.690000,0.437498
50585,2003,UBP,URSTADT BIDDLE PROPERTIES INC,2.0,9.0,18.0,12,0.011550,12.935833,87.366201,359.312083,49.577917,16.113833,218.226333,0.295245,0.102220,0.064445,0.076530,2.500351,0.189022,53,5.170943,4.600000,5.770000,0.273188
50585,2004,UBP,URSTADT BIDDLE PROPERTIES INC,2.0,9.0,18.0,12,0.019517,14.485833,102.632070,392.680417,61.972750,21.632167,220.022833,0.266949,0.077590,0.077544,0.065936,2.153442,0.148296,52,5.206154,4.690000,5.720000,0.269023
50585,2005,UBP,URSTADT BIDDLE PROPERTIES INC,2.0,9.0,18.0,12,0.003192,16.335833,120.190628,420.790750,64.227833,22.323333,224.824417,0.268588,0.047226,0.077020,,1.874576,0.205039,52,5.417885,5.100000,5.900000,0.239970
50585,2006,UBP,URSTADT BIDDLE PROPERTIES INC,2.0,9.0,18.0,12,0.014300,16.908333,128.771244,461.624000,71.538500,23.923333,222.022583,0.235648,0.041271,0.074935,,1.728457,0.207590,52,6.066346,5.670000,6.440000,0.195629
50585,2007,UBP,URSTADT BIDDLE PROPERTIES INC,2.0,9.0,18.0,12,-0.006708,17.266667,133.910758,460.039000,74.282667,27.988833,225.189750,0.228011,0.008784,0.088955,,1.686817,0.273549,52,6.025192,5.650000,6.430000,0.193528
50585,2008,UBP,URSTADT BIDDLE PROPERTIES INC,2.0,9.0,18.0,12,0.001750,16.228333,129.253825,489.494500,77.323333,30.695167,228.802833,0.219353,0.014560,0.095798,,1.777946,0.481501,53,5.617170,4.830000,6.190000,0.346135
50585,2009,UBP,URSTADT BIDDLE PROPERTIES INC,2.0,9.0,18.0,12,0.012300,13.642917,111.740015,507.449917,82.605250,28.380250,216.300917,0.215569,0.012225,0.087809,,1.941530,0.395170,52,4.573846,4.270000,5.060000,0.176459
50585,2010,UBP,URSTADT BIDDLE PROPERTIES INC,2.0,9.0,18.0,12,0.014525,15.153558,127.722612,513.196500,82.578417,27.052250,208.511083,0.234403,0.014382,0.085864,,1.639343,0.345491,52,4.095577,3.570000,4.520000,0.275385
50585,2011,UBP,URSTADT BIDDLE PROPERTIES INC,2.0,9.0,18.0,12,0.007350,16.498325,142.748662,556.256333,88.999417,30.239250,241.446500,0.236365,0.013351,0.081521,,1.693129,0.345458,52,3.684231,3.210000,4.290000,0.348027
50585,2012,UBP,URSTADT BIDDLE PROPERTIES INC,2.0,9.0,18.0,12,0.011367,18.593075,163.185432,584.215750,90.710750,29.110667,237.118000,0.276430,0.007999,0.082996,,1.454404,0.401741,52,2.934423,2.630000,3.300000,0.206059
50585,2013,UBP,URSTADT BIDDLE PROPERTIES INC,2.0,9.0,18.0,12,-0.005483,17.865475,161.361013,663.699333,93.321250,27.461083,261.780250,0.223651,0.070412,0.078223,,1.628184,0.411916,52,3.100769,2.560000,3.600000,0.354538
50585,2014,UBP,URSTADT BIDDLE PROPERTIES INC,2.0,9.0,18.0,12,0.016900,17.634942,162.067442,680.138000,99.092833,27.986833,259.139583,0.277867,0.010663,0.072514,,1.601837,0.535579,53,3.286038,3.080000,3.560000,0.110058
50585,2015,UBP,URSTADT BIDDLE PROPERTIES INC,2.0,9.0,18.0,12,0.003108,17.724167,165.430296,850.474750,108.604833,50.643500,307.434417,0.327882,0.029431,0.060115,,1.867890,0.560192,52,3.087500,2.920000,3.250000,0.101109
50585,2016,UBP,URSTADT BIDDLE PROPERTIES INC,2.0,9.0,18.0,12,0.011300,19.059500,181.168726,872.018417,116.151583,50.435917,339.189750,0.318384,0.008170,0.061571,,1.881324,0.335779,52,2.930769,2.720000,3.550000,0.213200
50585,2017,UBP,URSTADT BIDDLE PROPERTIES INC,2.0,9.0,18.0,12,-0.004142,17.403750,168.159587,959.453500,120.900417,43.735333,398.920417,0.289281,0.012918,0.064843,,2.375215,0.077403,52,3.272500,3.080000,3.500000,0.105865
50585,2018,UBP,URSTADT BIDDLE PROPERTIES INC,2.0,9.0,18.0,12,-0.003883,17.097742,167.890864,1006.222500,131.652083,47.320500,397.563917,0.298096,0.012972,0.066153,,2.375007,0.126212,52,4.000192,3.380000,4.360000,0.207860
50585,2019,UBP,URSTADT BIDDLE PROPERTIES INC,2.0,9.0,18.0,12,0.029583,17.719892,176.516350,1007.467000,137.417333,36.826417,381.892917,0.316119,0.011109,0.069797,,2.174216,0.377382,52,3.391731,3.000000,3.990000,0.299344
50585,2020,UBP,URSTADT BIDDLE PROPERTIES INC,2.0,9.0,18.0,12,-0.021183,11.406258,114.873160,1024.315833,136.786000,34.914083,351.026750,0.321649,0.041455,0.069245,,3.231280,0.704476,53,2.604906,2.170000,3.160000,0.277853
50585,2021,UBP,URSTADT BIDDLE PROPERTIES INC,2.0,9.0,18.0,12,0.045008,15.676158,159.593253,1004.015917,132.845917,25.903583,345.209000,0.315858,0.036238,0.064077,,2.199332,1.073703,52,2.271923,2.100000,2.450000,0.093934
50585,2022,UBP,URSTADT BIDDLE PROPERTIES INC,2.0,9.0,18.0,12,0.003567,17.402808,178.894606,983.219250,140.894667,46.385000,354.162917,0.300661,0.020465,0.074893,,1.988668,0.984622,52,4.583846,2.430000,6.380000,1.112739
50585,2023,UBP,URSTADT BIDDLE PROPERTIES INC,2.0,9.0,18.0,7,0.039043,18.201557,188.525950,995.464286,145.841143,40.197571,345.521143,0.316265,0.014255,0.079307,,1.869068,0.835774,52,6.111731,5.140000,7.030000,0.497037
52214,2000,MSW,MISSION WEST PPTYS INC MD,2.0,4.0,11.0,12,0.057492,10.817708,184.022053,738.703750,89.894250,7.289250,100.920250,0.234233,0.009099,0.084959,0.035070,0.576237,0.167648,52,7.718269,6.790000,8.310000,0.313048
52214,2001,MSW,MISSION WEST PPTYS INC MD,2.0,4.0,11.0,12,0.000708,12.870833,219.842460,837.487750,120.874750,13.157750,102.772750,0.237413,0.004426,0.104869,0.098915,0.469048,0.284290,52,6.502308,5.940000,6.780000,0.221436
52214,2002,MSW,MISSION WEST PPTYS INC MD,2.0,4.0,11.0,12,-0.012783,11.512500,200.029256,917.298000,158.914000,17.949250,108.962250,0.249076,0.006548,0.123985,0.148916,0.549257,0.370494,52,5.982692,5.320000,6.690000,0.437498
52214,2003,MSW,MISSION WEST PPTYS INC MD,2.0,4.0,11.0,12,0.030683,11.219167,198.357990,956.629500,153.933500,16.487500,111.713750,0.271831,0.004486,0.124453,0.161812,0.572040,0.356230,53,5.170943,4.600000,5.770000,0.273188
52214,2004,MSW,MISSION WEST PPTYS INC MD,2.0,4.0,11.0,12,-0.007967,11.407500,204.907239,1026.342250,155.907750,15.602250,113.502750,0.326049,0.003447,0.112475,0.149203,0.560369,0.321269,52,5.206154,4.690000,5.720000,0.269023
52214,2005,MSW,MISSION WEST PPTYS INC MD,2.0,4.0,11.0,12,-0.001250,10.245000,187.191325,1009.354250,140.176750,13.191250,113.642250,0.335953,0.003330,0.095695,0.128164,0.607831,0.373991,52,5.417885,5.100000,5.900000,0.239970
52214,2006,MSW,MISSION WEST PPTYS INC MD,2.0,4.0,11.0,12,0.031175,11.485833,217.520107,1031.600000,125.479250,10.874250,118.579250,0.355016,0.046746,0.030377,0.099849,0.547355,0.563321,52,6.066346,5.670000,6.440000,0.195629
52214,2007,MSW,MISSION WEST PPTYS INC MD,2.0,4.0,11.0,12,-0.019992,12.775833,250.387484,1023.288000,120.477000,10.606750,129.408000,0.348113,0.058389,0.020399,0.102544,0.526563,0.677506,52,6.025192,5.650000,6.430000,0.193528
52214,2008,MSW,MISSION WEST PPTYS INC MD,2.0,4.0,11.0,12,-0.006617,9.656667,190.356323,1058.658000,152.534750,17.031750,137.606500,0.333154,0.072795,0.020666,0.126749,0.735790,0.868542,53,5.617170,4.830000,6.190000,0.346135
52214,2009,MSW,MISSION WEST PPTYS INC MD,2.0,4.0,11.0,12,0.003783,6.856667,148.105147,1019.649000,116.296500,9.134750,139.783750,0.340754,0.029848,0.044499,0.100729,0.944556,0.547412,52,4.573846,4.270000,5.060000,0.176459
52214,2010,MSW,MISSION WEST PPTYS INC MD,2.0,4.0,11.0,12,0.002167,6.828333,149.985926,987.120000,110.826500,9.903000,144.545000,0.353594,0.014660,0.059396,0.065206,0.964356,0.476998,52,4.095577,3.570000,4.520000,0.275385
52214,2011,MSW,MISSION WEST PPTYS INC MD,2.0,4.0,11.0,12,0.033767,7.745000,174.295789,963.897250,100.523500,7.848250,142.844750,0.364771,0.009045,0.082089,0.058928,0.827322,0.446289,52,3.684231,3.210000,4.290000,0.348027
52214,2012,MSW,MISSION WEST PPTYS INC MD,2.0,4.0,11.0,11,0.007555,9.000909,204.042111,937.527273,102.440000,8.326091,142.273818,0.363672,0.001541,0.069553,0.062497,0.699581,0.420153,52,2.934423,2.630000,3.300000,0.206059
53372,2000,IRT,I R T PROPERTY CO,2.0,9.0,18.0,12,0.013342,8.322917,266.752579,561.804000,85.194250,28.991750,254.484000,0.511816,0.001077,0.070424,0.105074,0.955064,0.401319,52,7.718269,6.790000,8.310000,0.313048
53372,2001,IRT,I R T PROPERTY CO,2.0,9.0,18.0,12,0.032258,10.036667,306.763548,584.155250,85.902750,27.841500,236.969000,0.558306,0.022774,0.064384,0.118111,0.776885,0.309150,52,6.502308,5.940000,6.780000,0.221436
53372,2002,IRT,I R T PROPERTY CO,2.0,9.0,18.0,12,0.017183,11.835833,388.555507,590.478750,87.450500,24.919250,242.416250,0.552109,0.003352,0.064800,0.114558,0.626792,0.249870,52,5.982692,5.320000,6.690000,0.437498
53372,2003,IRT,I R T PROPERTY CO,2.0,9.0,18.0,1,0.002500,11.900000,406.979980,592.436000,89.643000,23.922000,269.941000,0.501300,0.000000,0.069375,0.108178,0.663278,0.224353,53,5.170943,4.600000,5.770000,0.273188
54324,2000,MTG,M G I PROPERTIES,2.0,2.0,4.0,8,0.001662,3.375000,46.487249,117.111875,50.644125,150.152500,90.722875,0.084957,0.427924,0.148276,1.039214,2.146094,0.040399,52,7.718269,6.790000,8.310000,0.313048
55029,2000,MNRTA,MONMOUTH REAL ESTATE INVT CORP,2.0,4.0,8.0,12,0.011092,4.996092,40.678870,81.493750,9.553750,3.693250,37.169000,0.532723,0.005445,0.057925,0.102426,0.928976,0.205036,52,7.718269,6.790000,8.310000,0.313048
55029,2001,MNRTA,MONMOUTH REAL ESTATE INVT CORP,2.0,4.0,8.0,12,0.033383,6.044417,59.894091,101.993250,10.964250,3.757000,44.743750,0.548944,0.002535,0.047931,0.090367,0.750495,0.284255,52,6.502308,5.940000,6.780000,0.221436
55029,2002,MNRTA,MONMOUTH REAL ESTATE INVT CORP,2.0,4.0,8.0,12,0.013475,7.010875,81.431808,135.660250,14.409250,4.354000,53.909500,0.595843,0.002051,0.041701,0.083397,0.662820,0.249970,52,5.982692,5.320000,6.690000,0.437498
55029,2003,MNRTA,MONMOUTH REAL ESTATE INVT CORP,2.0,4.0,8.0,12,0.027342,7.864167,115.369534,166.196750,18.478250,4.850500,67.777750,0.586853,0.003029,0.046092,0.077006,0.588958,0.209370,53,5.170943,4.600000,5.770000,0.273188
55029,2004,MNRTA,MONMOUTH REAL ESTATE INVT CORP,2.0,4.0,8.0,12,0.006033,8.323333,139.741444,188.174250,24.007000,7.519000,84.345250,0.542914,0.005105,0.050397,0.077771,0.604841,0.229253,52,5.206154,4.690000,5.720000,0.269023
55029,2005,MNRTA,MONMOUTH REAL ESTATE INVT CORP,2.0,4.0,8.0,12,0.000592,8.228417,150.223488,212.698250,25.554250,7.450500,96.446000,0.536802,0.014267,0.051884,0.081847,0.642437,0.296747,52,5.417885,5.100000,5.900000,0.239970
55029,2006,MNRTA,MONMOUTH REAL ESTATE INVT CORP,2.0,4.0,8.0,12,0.010650,8.200000,162.618229,227.939250,27.509000,7.962250,105.155750,0.522492,0.013342,0.051069,0.087274,0.646819,0.239690,52,6.066346,5.670000,6.440000,0.195629
55029,2007,MNRTA,MONMOUTH REAL ESTATE INVT CORP,2.0,4.0,8.0,12,0.002667,8.456667,183.705210,255.872000,29.352250,5.715750,104.267250,0.480147,0.037088,0.047567,0.062471,0.570025,0.306078,52,6.025192,5.650000,6.430000,0.193528
55029,2008,MNRTA,MONMOUTH REAL ESTATE INVT CORP,2.0,4.0,8.0,12,-0.003633,7.390008,179.268097,374.761000,32.173750,3.920000,129.526000,0.543926,0.023809,0.040895,0.076754,0.724971,0.294074,53,5.617170,4.830000,6.190000,0.346135
55029,2009,MNRTA,MONMOUTH REAL ESTATE INVT CORP,2.0,4.0,8.0,12,0.018183,6.441667,166.573648,385.190750,37.215500,2.458250,120.885500,0.579707,0.017836,0.047636,0.085856,0.739067,0.293923,52,4.573846,4.270000,5.060000,0.176459
55029,2010,MNRTA,MONMOUTH REAL ESTATE INVT CORP,2.0,4.0,8.0,12,0.019892,7.780000,243.960457,425.600250,43.220250,6.717500,148.276250,0.555279,0.019499,0.045317,0.025202,0.608805,0.360809,52,4.095577,3.570000,4.520000,0.275385
55029,2011,MNRTA,MONMOUTH REAL ESTATE INVT CORP,2.0,4.0,8.0,12,0.012700,8.369167,299.123365,470.331750,54.163000,13.574250,181.610250,0.498805,0.015833,0.041619,0.053110,0.609147,0.400602,52,3.684231,3.210000,4.290000,0.348027
55029,2012,MNRTA,MONMOUTH REAL ESTATE INVT CORP,2.0,4.0,8.0,12,0.016525,10.500000,423.311757,522.540500,59.272500,17.437250,200.480000,0.476992,0.033768,0.048014,0.081171,0.474505,0.389499,52,2.934423,2.630000,3.300000,0.206059
55029,2013,MNRTA,MONMOUTH REAL ESTATE INVT CORP,2.0,4.0,8.0,12,-0.005083,9.975000,426.132891,598.727750,63.719250,18.992500,212.423500,0.446273,0.028683,0.041445,0.090265,0.500841,0.415238,52,3.100769,2.560000,3.600000,0.354538
55029,2014,MNRTA,MONMOUTH REAL ESTATE INVT CORP,2.0,4.0,8.0,12,0.022475,10.171667,539.694713,688.005000,66.846000,19.097500,252.972250,0.456251,0.026331,0.046254,0.094486,0.471927,0.481882,53,3.286038,3.080000,3.560000,0.110058
55029,2015,MNRTA,MONMOUTH REAL ESTATE INVT CORP,2.0,4.0,8.0,12,0.001117,10.371667,618.700512,819.038750,75.558000,20.621500,316.675000,0.462292,0.023122,0.042742,0.069264,0.513507,0.417231,52,3.087500,2.920000,3.250000,0.101109
55029,2016,MNRTA,MONMOUTH REAL ESTATE INVT CORP,2.0,4.0,8.0,12,0.037325,12.911667,861.130742,992.762750,89.420500,28.663000,359.619750,0.511343,0.010693,0.045443,0.074375,0.423296,0.371338,52,2.930769,2.720000,3.550000,0.213200
55029,2017,MNRTA,MONMOUTH REAL ESTATE INVT CORP,2.0,4.0,8.0,12,0.017058,15.722500,1151.606395,1252.819000,112.593750,36.202500,426.011750,0.474153,0.032690,0.046030,0.079542,0.372568,0.428030,52,3.272500,3.080000,3.500000,0.105865
55029,2018,MNRTA,MONMOUTH REAL ESTATE INVT CORP,2.0,4.0,8.0,12,-0.023267,15.494167,1263.580875,1531.634000,134.152250,48.423250,483.345000,0.495207,0.006625,0.052720,0.085240,0.384527,0.537528,52,4.000192,3.380000,4.360000,0.207860
55029,2019,MNRTA,MONMOUTH REAL ESTATE INVT CORP,2.0,4.0,8.0,12,0.018300,13.968333,1319.640900,1808.243000,160.357250,26.918500,603.236250,0.489957,0.007169,0.050732,0.105762,0.457204,0.670145,52,3.391731,3.000000,3.990000,0.299344
55029,2020,MNRTA,MONMOUTH REAL ESTATE INVT CORP,2.0,4.0,8.0,12,0.022625,14.227500,1392.294567,1910.137000,174.754250,17.626000,624.698500,0.450638,0.011115,0.052423,0.055713,0.452882,0.672281,53,2.604906,2.170000,3.160000,0.277853
55029,2021,MNRTA,MONMOUTH REAL ESTATE INVT CORP,2.0,4.0,8.0,12,0.020758,18.806667,1848.772425,2087.119500,182.118250,45.459500,578.647500,0.454169,0.019211,0.049679,-0.025137,0.313842,0.681294,52,2.271923,2.100000,2.450000,0.093934
55029,2022,MNRTA,MONMOUTH REAL ESTATE INVT CORP,2.0,4.0,8.0,1,-0.001000,20.990000,2067.221200,2215.883000,191.563000,78.183000,545.094000,0.488376,0.021941,0.038273,-0.039149,0.263684,0.625105,52,4.583846,2.430000,6.380000,1.112739
55634,2004,HMG,H M G COURTLAND PROPERTIES LTD,2.0,2.0,4.0,11,0.049691,11.108636,12.097305,26.546273,2.828364,0.322000,17.883182,0.300490,0.101281,-0.084530,-0.026069,1.507767,0.139716,52,5.206154,4.690000,5.720000,0.269023
55634,2005,HMG,H M G COURTLAND PROPERTIES LTD,2.0,2.0,4.0,12,-0.016967,11.798750,12.771711,43.123500,6.348250,1.262250,18.914500,0.425851,0.070047,0.009592,0.051175,1.494375,0.028460,52,5.417885,5.100000,5.900000,0.239970
55634,2006,HMG,H M G COURTLAND PROPERTIES LTD,2.0,2.0,4.0,9,0.051100,11.552222,11.995422,44.560556,10.312111,-0.118556,18.106667,0.464319,0.048080,0.009395,0.023408,1.541560,0.256650,52,6.066346,5.670000,6.440000,0.195629
55634,2007,HMG,H M G COURTLAND PROPERTIES LTD,2.0,2.0,4.0,12,-0.026925,12.246250,12.540160,43.159000,11.173250,-0.546000,17.210500,0.483074,0.073996,0.009151,-0.032031,1.381854,0.366047,52,6.025192,5.650000,6.430000,0.193528
55634,2013,HMG,H M G COURTLAND PROPERTIES LTD,2.0,2.0,4.0,10,0.226750,18.952410,19.070622,33.408100,7.604600,-0.950200,22.208600,0.201274,0.426454,-0.008636,-0.024087,1.151712,0.661132,52,3.100769,2.560000,3.600000,0.354538
55634,2014,HMG,H M G COURTLAND PROPERTIES LTD,2.0,2.0,4.0,12,-0.031192,15.179192,15.899509,30.690500,2.379000,-0.850500,24.803000,0.081231,0.468749,-0.096360,0.377139,1.578606,0.312792,53,3.286038,3.080000,3.560000,0.110058
55634,2015,HMG,H M G COURTLAND PROPERTIES LTD,2.0,2.0,4.0,12,-0.001108,11.905142,12.392087,28.933500,0.929000,-0.112250,23.270500,0.076114,0.276281,-0.107330,0.275084,1.882287,0.965094,52,3.087500,2.920000,3.250000,0.101109
55634,2016,HMG,H M G COURTLAND PROPERTIES LTD,2.0,2.0,4.0,9,0.025933,10.671711,10.842728,29.122667,0.830333,-0.785222,21.773667,0.064248,0.249457,-0.040714,-0.029644,2.012164,0.881428,52,2.930769,2.720000,3.550000,0.213200
55634,2017,HMG,H M G COURTLAND PROPERTIES LTD,2.0,2.0,4.0,12,0.029492,11.417500,11.440335,22.792250,0.490500,-0.249000,20.585250,0.072350,0.127746,-0.040379,-0.033082,1.811147,1.158427,52,3.272500,3.080000,3.500000,0.105865
55634,2018,HMG,H M G COURTLAND PROPERTIES LTD,2.0,2.0,4.0,12,0.011925,14.271625,14.429839,28.544000,0.275750,2.130000,21.354250,0.054203,0.396272,-0.034608,-0.018125,1.480650,0.674443,52,4.000192,3.380000,4.360000,0.207860
55634,2019,HMG,H M G COURTLAND PROPERTIES LTD,2.0,2.0,4.0,12,-0.000125,13.870000,14.050310,33.289000,0.385250,1.623500,21.351750,0.035071,0.571077,-0.047837,0.107705,1.521198,0.599127,52,3.391731,3.000000,3.990000,0.299344
55634,2020,HMG,H M G COURTLAND PROPERTIES LTD,2.0,2.0,4.0,10,0.025520,11.184250,11.291700,30.011400,0.549600,-0.352700,20.386800,0.026208,0.452680,-0.029858,0.067863,1.819115,0.719175,53,2.604906,2.170000,3.160000,0.277853
55634,2021,HMG,H M G COURTLAND PROPERTIES LTD,2.0,2.0,4.0,12,0.073267,15.629125,15.817033,20.912750,0.306750,-0.835500,19.225000,0.025539,0.246037,-0.054432,-0.026583,1.277654,0.660450,52,2.271923,2.100000,2.450000,0.093934
59300,2000,UDRT,UNITED DOMINION REALTY TR INC,2.0,8.0,2.0,12,0.017992,10.447917,1078.605350,3672.831500,617.309750,83.688000,869.424500,0.578420,0.017445,0.053971,0.093818,0.809125,0.225086,52,7.718269,6.790000,8.310000,0.313048
59300,2001,UDRT,UNITED DOMINION REALTY TR INC,2.0,8.0,2.0,12,0.031775,13.493333,1370.209500,3431.129000,617.624500,69.392250,777.100250,0.588156,0.015193,0.064584,0.099476,0.572234,0.156152,52,6.502308,5.940000,6.780000,0.221436
59300,2002,UDRT,UNITED DOMINION REALTY TR INC,2.0,8.0,2.0,12,0.018275,15.634167,1663.986875,3360.150750,586.908750,52.044750,724.835500,0.618945,0.009535,0.067304,0.088724,0.437129,0.143275,52,5.982692,5.320000,6.690000,0.437498
59300,2003,UDRT,UNITED DOMINION REALTY TR INC,2.0,8.0,2.0,12,0.019500,17.359167,1978.160925,3311.907500,584.109250,28.906000,720.282000,0.619764,0.004732,0.067450,0.080122,0.367149,0.120443,53,5.170943,4.600000,5.770000,0.273188
59300,2004,UDRT,UNITED DOMINION REALTY TR INC,2.0,8.0,2.0,12,0.028500,20.331667,2593.535125,3550.879750,560.068500,36.309250,879.544250,0.608177,0.003476,0.064737,0.076412,0.342765,0.095039,52,5.206154,4.690000,5.720000,0.269023
59300,2005,UDRT,UNITED DOMINION REALTY TR INC,2.0,8.0,2.0,12,0.001117,22.935833,3135.059850,4235.101500,589.241250,22.480750,968.270250,0.664644,0.003039,0.060090,0.087568,0.309130,0.186268,52,5.417885,5.100000,5.900000,0.239970
59300,2006,UDRT,UNITED DOMINION REALTY TR INC,2.0,8.0,2.0,12,0.030617,29.100833,3919.531017,4567.924000,648.335000,-0.272750,918.827000,0.702062,0.004529,0.052575,0.137714,0.236534,0.327520,52,6.066346,5.670000,6.440000,0.195629
59300,2007,UDRT,UNITED DOMINION REALTY TR INC,2.0,8.0,2.0,12,-0.032600,26.741667,3612.516242,4726.663250,506.914750,-69.825000,856.280500,0.726390,0.005765,0.050558,0.155743,0.241863,0.473642,52,6.025192,5.650000,6.430000,0.193528
59300,2008,UDRT,UNITED DOMINION REALTY TR INC,2.0,8.0,2.0,12,-0.009717,22.270833,2904.408442,4895.517500,509.127000,-30.681000,1101.681750,0.682871,0.004844,0.049474,0.215475,0.400057,0.596375,53,5.617170,4.830000,6.190000,0.346135
59300,2009,UDRT,UNITED DOMINION REALTY TR INC,2.0,8.0,2.0,12,0.033133,12.035000,1802.920575,5100.233750,590.449750,-23.002250,1356.896500,0.646993,0.007785,0.040102,0.401856,0.793735,1.041503,52,4.573846,4.270000,5.060000,0.176459
59300,2010,UDRT,UNITED DOMINION REALTY TR INC,2.0,8.0,2.0,12,0.035383,20.073333,3301.340833,5084.489750,587.955250,-83.571750,1263.361250,0.665080,0.006502,0.042787,0.167984,0.393695,1.117022,52,4.095577,3.570000,4.520000,0.275385
59300,2011,UDRT,UNITED DOMINION REALTY TR INC,2.0,8.0,2.0,12,0.011033,24.780000,5002.658042,5617.638000,596.296750,-114.531250,1553.874750,0.635142,0.005252,0.038249,-0.069581,0.313092,1.088245,52,3.684231,3.210000,4.290000,0.348027
59300,2012,UDRT,UNITED DOMINION REALTY TR INC,2.0,8.0,2.0,12,-0.000983,25.296667,6078.009742,6860.348250,669.858000,-104.729250,2463.079000,0.553162,0.011081,0.037418,-0.023731,0.406720,1.047830,52,2.934423,2.630000,3.300000,0.206059
59300,2013,UDRT,UNITED DOMINION REALTY TR INC,2.0,8.0,2.0,12,0.002558,24.095000,6037.246617,6858.433750,720.098250,-48.557750,2913.960500,0.497454,0.007590,0.046669,0.045825,0.483102,1.094222,52,3.100769,2.560000,3.600000,0.354538
59300,2014,UDRT,UNITED DOMINION REALTY TR INC,2.0,8.0,2.0,12,0.027692,28.005833,7071.061775,6832.554000,768.074750,16.455250,2719.231250,0.525434,0.006448,0.050583,0.039459,0.387725,0.878730,53,3.286038,3.080000,3.560000,0.110058
59300,2015,UDRT,UNITED DOMINION REALTY TR INC,2.0,8.0,2.0,12,0.020433,33.843333,8798.200000,6885.715750,865.576000,178.706500,2748.724000,0.518921,0.004780,0.057433,0.040239,0.313136,0.595890,52,3.087500,2.920000,3.250000,0.101109
59300,2016,UDRT,UNITED DOMINION REALTY TR INC,2.0,8.0,2.0,12,0.001667,35.934167,9570.100667,7449.556000,934.931250,267.244500,2876.956500,0.469398,0.004600,0.058336,0.093507,0.301013,0.440630,52,2.930769,2.720000,3.550000,0.213200
59300,2017,UDRT,UNITED DOMINION REALTY TR INC,2.0,8.0,2.0,12,0.007542,37.934167,10148.143417,7708.649500,1015.557250,279.703500,2939.741000,0.457833,0.005764,0.069434,0.105752,0.289976,0.201872,52,3.272500,3.080000,3.500000,0.105865
59300,2018,UDRT,UNITED DOMINION REALTY TR INC,2.0,8.0,2.0,12,0.006375,38.020000,10208.433000,7727.596000,1033.007250,194.147750,2780.243250,0.478279,0.003100,0.068812,0.065543,0.273614,0.245025,52,4.000192,3.380000,4.360000,0.207860
59300,2019,UDRT,UNITED DOMINION REALTY TR INC,2.0,8.0,2.0,12,0.016975,46.330833,13243.869167,7885.875750,1070.146750,175.019250,2803.115500,0.475405,0.009178,0.071492,0.059656,0.212005,0.354582,52,3.391731,3.000000,3.990000,0.299344
59300,2020,UDRT,UNITED DOMINION REALTY TR INC,2.0,8.0,2.0,12,-0.008892,37.751667,11122.810667,9397.411250,1297.003500,176.907000,3320.793250,0.505024,0.002730,0.067427,0.062170,0.302881,0.481971,53,2.604906,2.170000,3.160000,0.277853
59300,2021,UDRT,UNITED DOMINION REALTY TR INC,2.0,8.0,2.0,12,0.041183,50.065000,15030.879750,9668.687000,1288.163250,69.551500,3038.448500,0.547155,0.003074,0.063222,0.035021,0.208361,0.601989,52,2.271923,2.100000,2.450000,0.093934
59300,2022,UDRT,UNITED DOMINION REALTY TR INC,2.0,8.0,2.0,12,-0.032042,47.589167,15291.124667,10714.433500,1386.454250,130.925250,3405.648000,0.529885,0.002644,0.063618,0.034148,0.228274,0.621001,52,4.583846,2.430000,6.380000,1.112739
59300,2023,UDRT,UNITED DOMINION REALTY TR INC,2.0,8.0,2.0,12,0.005400,39.200000,12891.511750,11047.459250,1552.994000,199.401500,3977.811250,0.517626,0.002708,0.073836,0.030904,0.311603,0.670746,52,6.111731,5.140000,7.030000,0.497037
59628,2000,TIRE,ONE LIBERTY PROPERTIES INC,2.0,9.0,5.0,12,-0.004867,11.114583,33.182531,96.777750,10.327500,5.076250,39.030000,0.465612,0.084091,0.057312,0.142444,1.177132,0.126049,52,7.718269,6.790000,8.310000,0.313048
59628,2001,TIRE,ONE LIBERTY PROPERTIES INC,2.0,9.0,5.0,12,0.035017,13.374167,40.308584,127.058750,13.159250,7.069000,41.881250,0.573823,0.029759,0.048149,0.160530,1.043887,0.147177,52,6.502308,5.940000,6.780000,0.221436
59628,2002,TIRE,ONE LIBERTY PROPERTIES INC,2.0,9.0,5.0,12,0.009567,15.243333,71.960688,141.272750,15.315000,5.748250,52.293000,0.544486,0.069322,0.048230,0.142452,0.751985,0.163912,52,5.982692,5.320000,6.690000,0.437498
59628,2003,TIRE,ONE LIBERTY PROPERTIES INC,2.0,9.0,5.0,12,0.029292,17.774167,111.842618,176.781750,17.575250,6.397250,78.407750,0.476235,0.047761,0.055702,0.090418,0.736216,0.139427,53,5.170943,4.600000,5.770000,0.273188
59628,2004,TIRE,ONE LIBERTY PROPERTIES INC,2.0,9.0,5.0,12,0.011508,19.614167,188.139332,250.084750,22.160250,8.168500,128.961000,0.455714,0.094348,0.041964,0.065478,0.698657,0.184780,52,5.206154,4.690000,5.720000,0.269023
59628,2005,TIRE,ONE LIBERTY PROPERTIES INC,2.0,9.0,5.0,12,-0.003075,19.515000,191.969218,289.928000,27.222500,12.171000,148.171000,0.465515,0.047144,0.058848,0.068146,0.773939,0.271635,52,5.417885,5.100000,5.900000,0.239970
59628,2006,TIRE,ONE LIBERTY PROPERTIES INC,2.0,9.0,5.0,12,0.032217,21.386750,212.312072,335.029750,30.486500,16.830500,155.503750,0.509495,0.052484,0.046750,0.111113,0.738748,0.364961,52,6.066346,5.670000,6.440000,0.195629
59628,2007,TIRE,ONE LIBERTY PROPERTIES INC,2.0,9.0,5.0,12,-0.016192,21.638333,217.728900,408.528000,32.408250,26.772000,174.717750,0.539235,0.077976,0.080898,0.174975,0.810920,0.509152,52,6.025192,5.650000,6.430000,0.193528
59628,2008,TIRE,ONE LIBERTY PROPERTIES INC,2.0,9.0,5.0,12,-0.045508,15.355000,156.499750,409.142750,37.932750,14.444250,171.063750,0.545646,0.085839,0.056100,0.120334,1.157342,0.834310,53,5.617170,4.830000,6.190000,0.346135
59628,2009,TIRE,ONE LIBERTY PROPERTIES INC,2.0,9.0,5.0,12,0.053958,6.579167,70.781919,432.798500,39.165250,8.722250,167.563000,0.586154,0.034760,0.046080,0.043171,2.788148,1.427650,52,4.573846,4.270000,5.060000,0.176459
59628,2010,TIRE,ONE LIBERTY PROPERTIES INC,2.0,9.0,5.0,12,0.077208,14.720000,168.371400,420.536500,41.121750,11.299000,178.745000,0.548518,0.049613,0.049692,0.076037,1.104680,1.686075,52,4.095577,3.570000,4.520000,0.275385
59628,2011,TIRE,ONE LIBERTY PROPERTIES INC,2.0,9.0,5.0,12,0.007108,15.650833,222.278711,437.626000,42.316250,9.460500,199.563000,0.511411,0.022724,0.043553,0.075729,0.898651,1.655240,52,3.684231,3.210000,4.290000,0.348027
59628,2012,TIRE,ONE LIBERTY PROPERTIES INC,2.0,9.0,5.0,12,0.024000,18.661667,276.103180,464.700000,43.590000,11.526000,218.614000,0.494936,0.029324,0.046936,0.058315,0.793855,1.544651,52,2.934423,2.630000,3.300000,0.206059
59628,2013,TIRE,ONE LIBERTY PROPERTIES INC,2.0,9.0,5.0,12,0.007983,21.969167,336.829814,483.137750,46.676500,13.172500,239.898750,0.466035,0.045431,0.047824,0.105704,0.715503,1.623068,52,3.100769,2.560000,3.600000,0.354538
59628,2014,TIRE,ONE LIBERTY PROPERTIES INC,2.0,9.0,5.0,12,0.020475,21.765000,348.087234,576.780500,53.155750,16.411500,248.649250,0.528946,0.031781,0.048423,0.098678,0.716014,1.271377,53,3.286038,3.080000,3.560000,0.110058
59628,2015,TIRE,ONE LIBERTY PROPERTIES INC,2.0,9.0,5.0,12,-0.000992,22.640833,372.381257,607.605250,61.209750,22.112750,254.120750,0.528970,0.033256,0.050742,0.080656,0.683922,0.729994,52,3.087500,2.920000,3.250000,0.101109
59628,2016,TIRE,ONE LIBERTY PROPERTIES INC,2.0,9.0,5.0,12,0.019800,23.405833,404.183541,658.725500,66.420000,22.020000,258.922000,0.547173,0.028537,0.049350,0.082184,0.643953,0.660970,52,2.930769,2.720000,3.550000,0.213200
59628,2017,TIRE,ONE LIBERTY PROPERTIES INC,2.0,9.0,5.0,12,0.010158,24.243333,446.889505,737.086250,73.293500,23.793000,285.602000,0.556466,0.022176,0.047276,0.081920,0.640629,0.717736,52,3.272500,3.080000,3.500000,0.105865
59628,2018,TIRE,ONE LIBERTY PROPERTIES INC,2.0,9.0,5.0,12,0.002208,25.340833,486.707820,745.607000,77.740250,24.323750,297.740500,0.545116,0.019427,0.057692,0.082538,0.616157,0.712131,52,4.000192,3.380000,4.360000,0.207860
59628,2019,TIRE,ONE LIBERTY PROPERTIES INC,2.0,9.0,5.0,12,0.016133,28.058333,553.058032,774.426750,82.829500,20.637500,297.625000,0.571257,0.021432,0.054834,0.074472,0.538470,0.766374,52,3.391731,3.000000,3.990000,0.299344
59628,2020,TIRE,ONE LIBERTY PROPERTIES INC,2.0,9.0,5.0,12,-0.001658,18.360833,371.811068,791.277750,84.745500,18.316500,287.290750,0.591339,0.020433,0.047817,0.065111,0.798564,1.114511,53,2.604906,2.170000,3.160000,0.277853
59628,2021,TIRE,ONE LIBERTY PROPERTIES INC,2.0,9.0,5.0,12,0.054608,27.876667,579.240088,771.085750,82.703750,30.545750,293.519250,0.573604,0.018526,0.048671,0.080794,0.522898,1.183478,52,2.271923,2.100000,2.450000,0.093934
59628,2022,TIRE,ONE LIBERTY PROPERTIES INC,2.0,9.0,5.0,12,-0.029000,26.160833,551.382287,758.927000,83.888000,39.663250,308.395500,0.550928,0.020051,0.061214,0.113510,0.568606,1.167526,52,4.583846,2.430000,6.380000,1.112739
59628,2023,TIRE,ONE LIBERTY PROPERTIES INC,2.0,9.0,5.0,12,0.007908,20.977500,445.431848,772.781500,91.948750,37.052500,313.982750,0.550854,0.012394,0.060328,0.130893,0.708793,1.112047,52,6.111731,5.140000,7.030000,0.497037
61938,2000,BRE,B R E PROPERTIES INC,2.0,8.0,2.0,12,0.037650,28.682292,1292.275225,1716.972000,236.961000,74.772750,771.241000,0.457404,0.002749,0.066124,0.088393,0.606753,0.129348,52,7.718269,6.790000,8.310000,0.313048
61938,2001,BRE,B R E PROPERTIES INC,2.0,8.0,2.0,12,0.003950,29.978333,1384.945792,1689.284750,245.506000,42.286500,751.179500,0.468793,0.000839,0.076354,0.071782,0.542850,0.042143,52,6.502308,5.940000,6.780000,0.221436
61938,2002,BRE,B R E PROPERTIES INC,2.0,8.0,2.0,12,0.007008,31.159167,1426.080050,1905.504750,255.410750,81.841750,733.221500,0.531813,0.002170,0.071926,0.089548,0.515178,0.103923,52,5.982692,5.320000,6.690000,0.437498
61938,2003,BRE,B R E PROPERTIES INC,2.0,8.0,2.0,12,0.011108,32.090000,1517.107558,2086.943750,271.960000,81.828250,726.946000,0.551261,0.001883,0.062701,0.124877,0.481532,0.101087,53,5.170943,4.600000,5.770000,0.273188
61938,2004,BRE,B R E PROPERTIES INC,2.0,8.0,2.0,12,0.021217,36.029167,1808.258992,2263.709000,275.038250,56.085250,818.245500,0.537333,0.001240,0.050711,0.113556,0.456190,0.064647,52,5.206154,4.690000,5.720000,0.269023
61938,2005,BRE,B R E PROPERTIES INC,2.0,8.0,2.0,12,0.016375,41.319167,2107.106583,2531.007000,272.329750,40.337000,921.128000,0.555017,0.000156,0.052721,0.082632,0.436111,0.115834,52,5.417885,5.100000,5.900000,0.239970
61938,2006,BRE,B R E PROPERTIES INC,2.0,8.0,2.0,12,0.034408,57.892500,2968.567725,2690.662750,303.752750,45.437000,974.138750,0.570166,0.002130,0.052999,0.075300,0.328724,0.335997,52,6.066346,5.670000,6.440000,0.195629
61938,2007,BRE,B R E PROPERTIES INC,2.0,8.0,2.0,12,-0.031992,56.945000,2888.942633,2836.024250,325.894250,72.550500,909.840500,0.610530,0.008283,0.058083,0.104655,0.323689,0.458985,52,6.025192,5.650000,6.430000,0.193528
61938,2008,BRE,B R E PROPERTIES INC,2.0,8.0,2.0,12,-0.019033,42.501667,2167.908100,2976.064750,339.415000,60.776000,867.709000,0.656689,0.002424,0.053719,0.132210,0.416949,0.735863,53,5.617170,4.830000,6.190000,0.346135
61938,2009,BRE,B R E PROPERTIES INC,2.0,8.0,2.0,12,0.030067,26.015833,1363.836758,2993.708250,349.485250,58.456000,910.332250,0.647919,0.001940,0.052998,0.144745,0.685600,1.074186,52,4.573846,4.270000,5.060000,0.176459
61938,2010,BRE,B R E PROPERTIES INC,2.0,8.0,2.0,12,0.028442,39.538333,2449.495367,2996.552000,338.311500,33.958250,1043.267750,0.608730,0.002321,0.047550,0.097714,0.434265,1.136123,52,4.095577,3.570000,4.520000,0.275385
61938,2011,BRE,B R E PROPERTIES INC,2.0,8.0,2.0,12,0.018067,48.775000,3481.685575,3236.313500,350.888000,13.726000,1313.541750,0.554585,0.009690,0.044046,0.049843,0.379613,1.114488,52,3.684231,3.210000,4.290000,0.348027
61938,2012,BRE,B R E PROPERTIES INC,2.0,8.0,2.0,12,0.004233,49.989167,3830.654417,3375.686750,373.126250,54.909500,1612.722250,0.495455,0.001964,0.051535,0.045642,0.421600,1.082298,52,2.934423,2.630000,3.300000,0.206059
61938,2013,BRE,B R E PROPERTIES INC,2.0,8.0,2.0,12,0.010208,50.918333,3927.138575,3465.015000,387.764250,77.889000,1666.628750,0.491880,0.008439,0.058325,0.067589,0.424939,1.068421,52,3.100769,2.560000,3.600000,0.354538
61938,2014,BRE,B R E PROPERTIES INC,2.0,8.0,2.0,3,0.049367,61.216667,4739.461767,3626.525000,397.311000,100.406000,1701.851000,0.506967,0.002172,0.058083,0.081321,0.359277,1.002357,53,3.286038,3.080000,3.560000,0.110058
62367,2001,GTY,GETTY PETROLEUM CORP,2.0,1.0,1.0,12,0.049873,17.694167,249.146731,253.197583,56.723667,11.872500,98.018833,0.187087,0.003876,0.066318,0.205509,0.418897,0.106877,52,6.502308,5.940000,6.780000,0.221436
62367,2002,GTY,GETTY REALTY CORP NEW,2.0,1.0,1.0,12,0.009217,19.014167,413.921832,287.977750,66.416000,57.741250,165.853500,0.004133,0.127545,0.114943,0.324758,0.401117,0.131174,52,5.982692,5.320000,6.690000,0.437498
62367,2003,POWE,POWER TEST CORP,2.0,1.0,1.0,12,0.034050,22.430000,495.129496,282.415500,69.440000,35.628750,161.460750,0.003237,0.109740,0.133813,0.303375,0.334344,0.118028,53,5.170943,4.600000,5.770000,0.273188
62367,2004,POWE,POWER TEST CORP,2.0,1.0,1.0,12,0.016400,25.916667,639.471103,271.825250,68.074000,37.244500,227.408250,0.003123,0.071001,0.142923,0.187501,0.358263,0.061389,52,5.206154,4.690000,5.720000,0.269023
62367,2005,POWE,POWER TEST CORP,2.0,1.0,1.0,12,-0.000900,27.318333,675.011635,291.341000,68.396500,40.346500,225.781250,0.084711,0.027375,0.141676,0.169199,0.335265,0.188218,52,5.417885,5.100000,5.900000,0.239970
62367,2006,POWE,POWER TEST CORP,2.0,1.0,1.0,12,0.020300,29.143333,720.621238,306.774750,72.940500,45.147000,227.605500,0.135556,0.004198,0.149930,0.189049,0.316859,0.445273,52,6.066346,5.670000,6.440000,0.195629
62367,2007,POWE,POWER TEST CORP,2.0,1.0,1.0,12,-0.005825,27.906667,691.027518,354.648000,74.559500,41.991250,225.252000,0.235932,0.003779,0.130422,0.193584,0.326887,0.615798,52,6.025192,5.650000,6.430000,0.193528
62367,2008,POWE,POWER TEST CORP,2.0,1.0,1.0,12,0.004892,20.005833,495.460030,397.123750,80.819250,31.126250,214.644500,0.328878,0.003981,0.115090,0.172102,0.446226,0.909994,53,5.617170,4.830000,6.190000,0.346135
62367,2009,POWE,POWER TEST CORP,2.0,1.0,1.0,12,0.021675,21.145833,523.697713,389.691500,83.027750,36.254500,206.956000,0.337106,0.009144,0.122213,0.185013,0.401875,0.735411,52,4.573846,4.270000,5.060000,0.176459
62367,2010,POWE,POWER TEST CORP,2.0,1.0,1.0,12,0.032125,25.148333,709.512518,434.956500,85.611000,42.566250,235.041250,0.343582,0.012736,0.122837,0.216768,0.333289,0.704645,52,4.095577,3.570000,4.520000,0.275385
62367,2011,POWE,POWER TEST CORP,2.0,1.0,1.0,12,-0.052875,21.704167,722.596696,535.661500,90.408500,49.284500,359.193250,0.212936,0.020544,0.112432,0.190160,0.545443,0.733348,52,3.684231,3.210000,4.290000,0.348027
62367,2012,POWE,POWER TEST CORP,2.0,1.0,1.0,12,0.027125,17.338333,579.012432,637.508000,105.022500,11.836500,382.332250,0.270470,0.022032,0.086846,0.087924,0.663442,0.840147,52,2.934423,2.630000,3.300000,0.206059
62367,2013,POWE,POWER TEST CORP,2.0,1.0,1.0,12,0.006292,19.687500,657.500205,658.833750,97.017000,9.734750,375.811750,0.279709,0.022590,0.025289,0.033424,0.573393,0.856371,52,3.100769,2.560000,3.600000,0.354538
62367,2014,POWE,POWER TEST CORP,2.0,1.0,1.0,12,0.004517,18.645000,622.838238,672.446000,102.889000,29.271250,417.455500,0.222242,0.013505,0.066490,0.111750,0.671091,1.092291,53,3.286038,3.080000,3.560000,0.110058
62367,2015,POWE,POWER TEST CORP,2.0,1.0,1.0,12,0.001217,17.082500,570.892958,734.509500,102.644000,18.772500,407.722250,0.235848,0.010153,0.041847,0.103343,0.715311,1.126206,52,3.087500,2.920000,3.250000,0.101109
62367,2016,POWE,POWER TEST CORP,2.0,1.0,1.0,12,0.038242,21.639167,730.075049,893.272500,126.014250,38.906250,408.806250,0.356568,0.006686,0.052857,0.077576,0.566660,0.891495,52,2.930769,2.720000,3.550000,0.213200
62367,2017,POWE,POWER TEST CORP,2.0,1.0,1.0,12,0.009375,26.623333,986.227278,877.997500,118.264750,43.390500,431.839250,0.342888,0.016419,0.047054,0.090337,0.442727,0.532756,52,3.272500,3.080000,3.500000,0.105865
62367,2018,POWE,POWER TEST CORP,2.0,1.0,1.0,12,0.012675,27.295000,1094.682046,1063.553250,123.009750,44.955750,554.931500,0.347424,0.018394,0.053320,0.086852,0.510081,0.560139,52,4.000192,3.380000,4.360000,0.207860
62367,2019,POWE,POWER TEST CORP,2.0,1.0,1.0,12,0.013700,32.080000,1315.539500,1153.566000,136.822500,48.276500,579.025500,0.383645,0.025371,0.054451,0.083392,0.440617,0.560659,52,3.391731,3.000000,3.990000,0.299344
62367,2020,POWE,POWER TEST CORP,2.0,1.0,1.0,12,-0.006358,27.850000,1165.590412,1234.903000,141.811250,49.923750,588.835750,0.419955,0.025584,0.062689,0.083411,0.507797,0.653004,53,2.604906,2.170000,3.160000,0.277853
62367,2021,POWE,POWER TEST CORP,2.0,1.0,1.0,12,0.018617,30.333333,1350.243525,1344.990000,148.228250,67.450000,660.924000,0.423589,0.032079,0.061224,0.096513,0.490845,0.634295,52,2.271923,2.100000,2.450000,0.093934
62367,2022,POWE,POWER TEST CORP,2.0,1.0,1.0,12,0.012200,29.321667,1366.766442,1466.517500,156.902000,71.668250,737.304000,0.425254,0.019529,0.060245,0.093044,0.542254,0.666059,52,4.583846,2.430000,6.380000,1.112739
62367,2023,POWE,POWER TEST CORP,2.0,1.0,1.0,12,-0.005875,31.962500,1587.756183,1575.960000,167.855750,81.100500,802.017750,0.435748,0.009205,0.060662,0.104277,0.508877,0.671686,52,6.111731,5.140000,7.030000,0.497037
64653,2000,STOR,STORAGE EQUITIES INC,2.0,10.0,16.0,12,0.012558,23.046875,2900.969583,4347.276000,687.694750,289.290000,2592.812000,0.038440,0.037055,0.107007,0.108306,0.895763,0.220193,52,7.718269,6.790000,8.310000,0.313048
64653,2001,STOR,STORAGE EQUITIES INC,2.0,10.0,16.0,12,0.032100,29.904167,3472.763275,4500.568250,760.344000,300.350500,2469.565000,0.035934,0.015850,0.113242,0.114798,0.717245,0.181824,52,6.502308,5.940000,6.780000,0.221436
64653,2002,STOR,STORAGE EQUITIES INC,2.0,10.0,16.0,12,0.003667,34.715000,4014.246267,4794.637500,813.446500,329.452750,2358.614500,0.029722,0.036404,0.115068,0.128003,0.591517,0.160456,52,5.982692,5.320000,6.690000,0.437498
64653,2003,STOR,STORAGE EQUITIES INC,2.0,10.0,16.0,12,0.030392,36.212500,4481.172742,4846.726500,860.297000,328.804500,2343.130500,0.023641,0.024099,0.120960,0.136404,0.534630,0.120207,53,5.170943,4.600000,5.770000,0.273188
64653,2004,STOR,STORAGE EQUITIES INC,2.0,10.0,16.0,12,0.026117,48.883333,6271.474167,4928.141500,898.226500,328.915250,2337.686250,0.012386,0.049703,0.121740,0.140176,0.375089,0.109004,52,5.206154,4.690000,5.720000,0.269023
64653,2005,STOR,STORAGE EQUITIES INC,2.0,10.0,16.0,12,0.019575,62.656667,8097.298042,5179.427750,983.972500,377.704000,2315.440750,0.023321,0.076922,0.126287,0.151390,0.288467,0.167749,52,5.417885,5.100000,5.900000,0.239970
64653,2006,STOR,STORAGE EQUITIES INC,2.0,10.0,16.0,12,0.034008,82.725000,12199.249500,5648.713500,1107.461250,459.912500,2314.355250,0.032020,0.104300,0.122381,0.180373,0.199409,0.226950,52,6.066346,5.670000,6.440000,0.195629
64653,2007,STOR,STORAGE EQUITIES INC,2.0,10.0,16.0,12,-0.018867,85.048333,14494.752625,10787.396000,1468.750000,307.049250,5324.327000,0.139289,0.018995,0.076237,0.116236,0.373052,0.441069,52,6.025192,5.650000,6.430000,0.193528
64653,2008,STOR,STORAGE EQUITIES INC,2.0,10.0,16.0,12,0.014483,83.989167,14229.681500,10443.309000,1824.214750,654.986000,5345.588000,0.083130,0.048205,0.097111,0.075420,0.378392,0.568655,53,5.617170,4.830000,6.190000,0.346135
64653,2009,STOR,STORAGE EQUITIES INC,2.0,10.0,16.0,12,0.010258,68.711667,11645.914917,9865.405250,1741.505500,813.169250,5362.290750,0.059244,0.064819,0.109184,0.139513,0.467225,0.678465,52,4.573846,4.270000,5.060000,0.176459
64653,2010,STOR,STORAGE EQUITIES INC,2.0,10.0,16.0,12,0.022658,93.440833,15877.729500,9732.251000,1671.372500,766.717750,5379.454500,0.055265,0.067436,0.112926,0.161705,0.341236,0.718132,52,4.095577,3.570000,4.520000,0.275385
64653,2011,STOR,STORAGE EQUITIES INC,2.0,10.0,16.0,12,0.028042,119.326667,20364.036083,9463.650000,1701.225500,727.458250,5298.518750,0.054594,0.033053,0.118013,0.137140,0.261441,0.704221,52,3.684231,3.210000,4.290000,0.348027
64653,2012,STOR,STORAGE EQUITIES INC,2.0,10.0,16.0,12,0.009758,140.845833,24150.342417,9150.841000,1817.543750,809.540750,5133.247250,0.066617,0.036736,0.131947,0.145857,0.212795,0.687704,52,2.934423,2.630000,3.300000,0.206059
64653,2013,STOR,STORAGE EQUITIES INC,2.0,10.0,16.0,12,0.007317,155.851667,26788.922750,9069.418000,1924.182500,931.755250,5173.387750,0.039563,0.037145,0.143520,0.170545,0.193325,0.727067,52,3.100769,2.560000,3.600000,0.354538
64653,2014,STOR,STORAGE EQUITIES INC,2.0,10.0,16.0,12,0.020808,173.647500,29952.441833,9663.811250,2085.879000,1058.115000,5192.953250,0.045834,0.014404,0.148404,0.191859,0.173815,0.649085,53,3.286038,3.080000,3.560000,0.110058
64653,2015,STOR,STORAGE EQUITIES INC,2.0,10.0,16.0,12,0.028575,208.026667,35966.613417,9712.479750,2302.978000,1171.352750,5121.122500,0.010232,0.011766,0.167389,0.213316,0.143627,0.506104,52,3.087500,2.920000,3.250000,0.101109
64653,2016,STOR,STORAGE EQUITIES INC,2.0,10.0,16.0,12,-0.004208,238.792500,41382.072333,9873.632750,2479.046750,1331.659750,5081.694500,0.053629,0.017689,0.181272,0.241989,0.123548,0.337603,52,2.930769,2.720000,3.550000,0.213200
64653,2017,STOR,STORAGE EQUITIES INC,2.0,10.0,16.0,12,-0.001892,212.408333,36910.223167,10111.436250,2652.059000,1453.559000,5008.541750,0.051619,0.017620,0.192133,0.274891,0.135785,0.106215,52,3.272500,3.080000,3.500000,0.105865
64653,2018,STOR,STORAGE EQUITIES INC,2.0,10.0,16.0,12,0.001450,207.020833,36062.821083,10719.267000,2785.985000,1461.104500,4890.752000,0.133428,0.043697,0.184411,0.291233,0.135889,0.032756,52,4.000192,3.380000,4.360000,0.207860
64653,2019,STOR,STORAGE EQUITIES INC,2.0,10.0,16.0,12,0.008583,228.190833,39828.873333,10916.129250,2885.030000,1665.155000,5010.206000,0.140539,0.033555,0.189829,0.318181,0.126349,0.020652,52,3.391731,3.000000,3.990000,0.299344
64653,2020,STOR,STORAGE EQUITIES INC,2.0,10.0,16.0,12,0.011342,210.919167,36863.566417,11740.820250,2955.772500,1556.615750,4952.891250,0.190871,0.063750,0.175448,0.317411,0.135099,0.029114,53,2.604906,2.170000,3.160000,0.277853
64653,2021,STOR,STORAGE EQUITIES INC,2.0,10.0,16.0,12,0.045450,294.996667,51651.720667,12418.448500,3061.452000,1423.215750,4809.568750,0.269387,0.025580,0.168854,0.292867,0.095033,0.041260,52,2.271923,2.100000,2.450000,0.093934
64653,2022,STOR,STORAGE EQUITIES INC,2.0,10.0,16.0,12,-0.016375,329.715833,57853.149333,17056.806750,3755.820750,1987.461750,5297.742250,0.412588,0.055286,0.152780,0.336289,0.092721,0.151861,52,4.583846,2.430000,6.380000,1.112739
64653,2023,STOR,STORAGE EQUITIES INC,2.0,10.0,16.0,12,0.013125,283.296667,49797.839667,17517.832500,4385.363250,4383.911750,5703.057250,0.394687,0.044603,0.180202,0.598728,0.115136,0.274578,52,6.111731,5.140000,7.030000,0.497037
65584,2016,FCE,FOREST CITY ENTERPRISES INC,2.0,2.0,4.0,12,0.039309,21.860833,410.842495,9422.267750,994.313500,450.936000,3585.944000,0.438999,0.052375,0.028444,,8.806591,1.433759,52,2.930769,2.720000,3.550000,0.213200
65584,2017,FCE,FOREST CITY REALTY TRUST INC,2.0,2.0,4.0,5,0.019820,29.136000,547.407166,8421.923000,966.329600,133.736400,3271.155800,0.443924,0.053128,0.035775,,5.977176,1.049228,52,3.272500,3.080000,3.500000,0.105865
65947,2000,WELL,WELLTOWER INC,2.0,3.0,6.0,12,0.020442,16.546875,472.660399,1241.055500,130.789750,74.953500,556.435750,0.411355,0.002879,0.073858,0.125678,1.183287,0.079448,52,7.718269,6.790000,8.310000,0.313048
65947,2001,WELL,WELLTOWER INC,2.0,3.0,6.0,12,0.044950,23.144167,718.400637,1153.305250,133.339500,66.364500,565.475250,0.364144,0.003196,0.071325,0.128946,0.804446,0.201863,52,6.502308,5.940000,6.780000,0.221436
65947,2002,WELL,WELLTOWER INC,2.0,3.0,6.0,12,0.016933,28.065000,1027.036469,1325.103500,133.768250,60.083250,647.143250,0.386282,0.014107,0.068258,0.109793,0.632267,0.159366,52,5.982692,5.320000,6.690000,0.437498
65947,2003,WELL,WELLTOWER INC,2.0,3.0,6.0,12,0.031708,30.245000,1321.940153,1628.729250,160.440750,66.216750,769.226750,0.442515,0.011292,0.064965,0.092778,0.601942,0.159870,53,5.170943,4.600000,5.770000,0.273188
65947,2004,WELL,WELLTOWER INC,2.0,3.0,6.0,12,0.013525,35.415833,1815.728800,2148.061000,203.775250,75.596750,1022.462500,0.458523,0.024524,0.059215,0.083533,0.566687,0.171760,52,5.206154,4.690000,5.720000,0.269023
65947,2005,WELL,WELLTOWER INC,2.0,3.0,6.0,12,-0.002558,35.306667,1912.392158,2575.314500,245.309500,79.041750,1044.279000,0.472650,0.006587,0.057871,0.080865,0.548177,0.327505,52,5.417885,5.100000,5.900000,0.239970
65947,2006,WELL,WELLTOWER INC,2.0,3.0,6.0,12,0.027733,38.145833,2379.409142,2945.953500,281.323750,84.388500,1155.923250,0.498554,0.008904,0.063677,0.076438,0.489722,0.393660,52,6.066346,5.670000,6.440000,0.195629
65947,2007,WELL,WELLTOWER INC,2.0,3.0,6.0,12,0.009592,43.294167,3421.875167,4191.224250,336.796500,103.951750,1626.924000,0.512780,0.007073,0.053389,0.066987,0.475326,0.629140,52,6.025192,5.650000,6.430000,0.193528
65947,2008,WELL,WELLTOWER INC,2.0,3.0,6.0,12,0.004617,45.836667,4279.794233,5344.538250,465.885750,120.645250,2125.989250,0.520107,0.012057,0.051870,0.065877,0.501431,0.758763,53,5.617170,4.830000,6.190000,0.346135
65947,2009,WELL,WELLTOWER INC,2.0,3.0,6.0,12,0.014108,38.268333,4390.386542,6151.453250,537.534250,155.010750,3033.704500,0.440466,0.016756,0.055775,0.085930,0.707529,0.726125,52,4.573846,4.270000,5.060000,0.176459
65947,2010,WELL,WELLTOWER INC,2.0,3.0,6.0,12,0.012275,45.360000,5818.446017,6650.575250,559.416250,136.392000,3486.945000,0.405399,0.013066,0.057086,0.073223,0.605143,0.659302,52,4.095577,3.570000,4.520000,0.275385
65947,2011,WELL,WELLTOWER INC,2.0,3.0,6.0,12,0.017392,51.755000,9010.354108,11020.876500,757.703750,73.133000,4840.921750,0.462876,0.071172,0.036738,0.040344,0.538227,0.635023,52,3.684231,3.210000,4.290000,0.348027
65947,2012,WELL,WELLTOWER INC,2.0,3.0,6.0,12,0.014758,57.924583,13185.092000,15248.213750,1417.770000,149.143250,6454.086750,0.469762,0.020456,0.039586,0.033183,0.491534,0.623493,52,2.934423,2.630000,3.300000,0.206059
65947,2013,WELL,WELLTOWER INC,2.0,3.0,6.0,12,-0.005208,63.970000,17680.076000,20204.187750,1949.215750,148.316250,9596.023250,0.435368,0.049542,0.040491,0.033531,0.546640,0.601911,52,3.100769,2.560000,3.600000,0.354538
65947,2014,WELL,WELLTOWER INC,2.0,3.0,6.0,12,0.034617,64.939167,20045.235750,23229.673750,2918.337500,151.102250,10599.848000,0.456188,0.010796,0.044022,0.021496,0.536028,0.411422,53,3.286038,3.080000,3.560000,0.110058
65947,2015,WELL,WELLTOWER INC,2.0,3.0,6.0,12,-0.003192,70.071667,24441.573000,25898.224250,3374.548000,595.152500,12897.080500,0.421751,0.022258,0.044764,0.030364,0.531334,0.354533,52,3.087500,2.920000,3.250000,0.101109
65947,2016,WELL,WELLTOWER INC,2.0,3.0,6.0,12,0.004792,69.910833,25000.878583,28633.251500,3907.751750,847.487500,13530.905250,0.440368,0.015106,0.050764,0.055486,0.544519,0.283248,52,2.930769,2.720000,3.550000,0.213200
65947,2017,WELL,WELLTOWER INC,2.0,3.0,6.0,12,0.000683,70.117500,25708.332917,28616.146500,4251.445500,1110.580250,13902.818250,0.424318,0.017712,0.056866,0.072666,0.542006,0.112824,52,3.272500,3.080000,3.500000,0.105865
65947,2018,WELL,WELLTOWER INC,2.0,3.0,6.0,12,0.014042,61.843333,23059.164833,27872.616000,4286.993250,682.862750,13794.857000,0.412945,0.010232,0.052005,0.054794,0.605025,0.201593,52,4.000192,3.380000,4.360000,0.207860
65947,2019,WELL,WELLTOWER INC,2.0,3.0,6.0,12,0.018800,82.254167,32993.768000,31094.305750,4780.929750,660.107500,14393.992250,0.446175,0.010967,0.050096,0.049642,0.437812,0.262889,52,3.391731,3.000000,3.990000,0.299344
65947,2020,WELL,WELLTOWER INC,2.0,3.0,6.0,12,-0.004533,58.891667,24398.263917,32832.596000,5109.658500,1229.988750,15746.858000,0.447979,0.022236,0.047356,0.070366,0.663476,0.712162,53,2.604906,2.170000,3.160000,0.277853
65947,2021,WELL,WELLTOWER INC,2.0,3.0,6.0,12,0.028242,77.967500,32936.723917,32548.401500,4538.278750,836.376500,15949.979250,0.439428,0.057786,0.040316,0.068792,0.490979,0.862960,52,2.271923,2.100000,2.450000,0.093934
65947,2022,WELL,WELLTOWER INC,2.0,3.0,6.0,12,-0.015217,79.436667,36196.682583,35109.117500,4922.448000,373.473500,17737.740250,0.423173,0.010801,0.036848,0.036652,0.499706,0.857066,52,4.583846,2.430000,6.380000,1.112739
65947,2023,WELL,WELLTOWER INC,2.0,3.0,6.0,12,0.031042,80.450000,40632.030667,38466.437750,5905.463250,142.002000,20279.179000,0.404192,0.026101,0.035555,0.012000,0.503037,0.901640,52,6.111731,5.140000,7.030000,0.497037
66309,2000,PNV,PERINI INVESTMENT PROPERTIES INC,2.0,4.0,13.0,8,0.035850,11.199212,44.057727,60.570125,17.946625,4.161500,4.468875,0.741771,0.104222,0.076515,2.162313,0.101424,0.433203,52,7.718269,6.790000,8.310000,0.313048
67708,2000,RSE,ROUSE CO,2.0,9.0,15.0,12,0.020967,23.984375,1688.361658,4452.407250,756.640250,134.843000,587.041250,0.787966,0.008247,0.047686,0.193102,0.348854,0.078100,52,7.718269,6.790000,8.310000,0.313048
67708,2001,RSE,ROUSE CO,2.0,9.0,15.0,12,0.018467,27.212500,1876.036875,4538.027250,751.720250,172.470750,597.654250,0.765591,0.007017,0.058902,0.246035,0.320527,0.092306,52,6.502308,5.940000,6.780000,0.221436
67708,2002,RSE,ROUSE CO,2.0,9.0,15.0,12,0.011542,31.255000,2580.680017,5292.877000,940.180750,116.679000,840.926250,0.720882,0.020410,0.054884,0.211223,0.328015,0.159145,52,5.982692,5.320000,6.690000,0.437498
67708,2003,RSE,ROUSE CO,2.0,9.0,15.0,12,0.037258,38.930000,3437.199675,6315.939000,1103.280500,123.920000,1125.003500,0.710323,0.017403,0.061191,0.143750,0.331702,0.154788,53,5.170943,4.600000,5.770000,0.273188
67708,2004,RSE,ROUSE CO,2.0,9.0,15.0,10,0.045730,53.812000,5476.723370,6715.799400,1229.485500,141.454300,1352.157800,0.673354,0.013631,0.058695,0.161221,0.249200,0.210964,52,5.206154,4.690000,5.720000,0.269023
68312,2000,NHP,NATIONWIDE HEALTH PROPERTIES INC,2.0,3.0,6.0,12,0.011392,13.645833,630.771510,1420.176000,165.007250,69.791000,482.534500,0.551613,0.011742,0.065892,0.142551,0.776137,-0.017859,52,7.718269,6.790000,8.310000,0.313048
68312,2001,NHP,NATIONWIDE HEALTH PROPERTIES INC,2.0,3.0,6.0,12,0.043283,18.156667,849.122597,1373.987500,170.316250,69.924500,463.633750,0.551246,0.004937,0.069716,0.150328,0.551985,0.122416,52,6.502308,5.940000,6.780000,0.221436
68312,2002,NHP,NATIONWIDE HEALTH PROPERTIES INC,2.0,3.0,6.0,12,-0.009275,17.980833,877.195049,1294.367250,161.344000,62.997500,460.115750,0.528963,0.005166,0.064574,0.151528,0.527757,0.080133,52,5.982692,5.320000,6.690000,0.437498
68312,2003,NHP,NATIONWIDE HEALTH PROPERTIES INC,2.0,3.0,6.0,12,0.032800,15.988333,858.339083,1408.601500,156.202750,49.055250,453.172250,0.571136,0.006111,0.060314,0.112226,0.546969,0.094569,53,5.170943,4.600000,5.770000,0.273188
68312,2004,NHP,NATIONWIDE HEALTH PROPERTIES INC,2.0,3.0,6.0,12,0.025417,20.904167,1386.946900,1468.674250,164.714500,56.419250,566.013000,0.514317,0.007545,0.061866,0.097542,0.409409,0.129000,52,5.206154,4.690000,5.720000,0.269023
68312,2005,NHP,NATIONWIDE HEALTH PROPERTIES INC,2.0,3.0,6.0,12,-0.001925,22.433333,1507.810292,1762.700750,187.038750,69.195000,604.247000,0.508866,0.005353,0.071922,0.115946,0.402417,0.379479,52,5.417885,5.100000,5.900000,0.239970
68312,2006,NHP,NATIONWIDE HEALTH PROPERTIES INC,2.0,3.0,6.0,12,0.035433,24.748333,1903.744408,2099.491250,204.921000,57.796500,650.036750,0.531330,0.006381,0.070101,0.120958,0.345461,0.394952,52,6.066346,5.670000,6.440000,0.195629
68312,2007,NHP,NATIONWIDE HEALTH PROPERTIES INC,2.0,3.0,6.0,12,0.011108,30.292500,2718.893708,2753.168750,256.888750,71.271500,1077.545500,0.509601,0.006011,0.070321,0.153218,0.399890,0.618439,52,6.025192,5.650000,6.430000,0.193528
68312,2008,NHP,NATIONWIDE HEALTH PROPERTIES INC,2.0,3.0,6.0,12,0.006517,32.165000,3097.412258,3175.473250,322.311750,133.767750,1403.313000,0.476569,0.014769,0.079937,0.168969,0.461643,0.671312,53,5.617170,4.830000,6.190000,0.346135
68312,2009,NHP,NATIONWIDE HEALTH PROPERTIES INC,2.0,3.0,6.0,12,0.027250,28.192500,2997.421333,3436.176750,375.895500,114.033250,1675.601500,0.432615,0.029008,0.070904,0.160742,0.578015,0.827736,52,4.573846,4.270000,5.060000,0.176459
68312,2010,NHP,NATIONWIDE HEALTH PROPERTIES INC,2.0,3.0,6.0,12,0.008167,36.283333,4407.296850,3743.228000,395.644250,122.983500,2025.993250,0.394397,0.071235,0.067085,0.109955,0.461057,0.757165,52,4.095577,3.570000,4.520000,0.275385
68312,2011,NHP,NATIONWIDE HEALTH PROPERTIES INC,2.0,3.0,6.0,6,0.027433,41.971667,5310.832883,4019.658500,434.238000,133.376500,2274.000000,0.370074,0.021998,0.071161,0.072818,0.429287,0.724413,52,3.684231,3.210000,4.290000,0.348027
68849,2000,USV,U S RESTAURANTS PROPERTIES INC,2.0,9.0,5.0,12,-0.013000,11.104167,170.800468,689.926500,79.384250,0.401500,171.250750,0.582689,0.010301,0.050548,0.014126,1.013409,0.209106,52,7.718269,6.790000,8.310000,0.313048
68849,2001,USV,U S RESTAURANTS PROPERTIES INC,2.0,9.0,5.0,12,0.046700,13.224167,228.952592,613.112500,79.579000,-11.716250,150.943750,0.580581,0.016289,0.051917,0.001557,0.680204,0.386179,52,6.502308,5.940000,6.780000,0.221436
68849,2002,USV,U S RESTAURANTS PROPERTIES INC,2.0,9.0,5.0,12,0.009100,14.140000,275.126032,575.566000,91.179500,-6.834500,131.085250,0.594965,0.024709,0.055178,-0.069430,0.483702,0.384832,52,5.982692,5.320000,6.690000,0.437498
68849,2003,USV,U S RESTAURANTS PROPERTIES INC,2.0,9.0,5.0,12,0.023542,15.425000,317.136686,572.881750,108.213000,9.483000,125.416000,0.604242,0.018632,0.063425,0.007390,0.395721,0.398563,53,5.170943,4.600000,5.770000,0.273188
68849,2004,USV,U S RESTAURANTS PROPERTIES INC,2.0,9.0,5.0,12,0.013125,17.081667,385.130768,541.657750,119.315250,12.817500,162.229000,0.581279,0.010693,0.079351,0.104638,0.420457,0.443942,52,5.206154,4.690000,5.720000,0.269023
68849,2005,USV,U S RESTAURANTS PROPERTIES INC,2.0,9.0,5.0,12,-0.008875,16.067500,794.878003,2335.941429,121.349000,13.488000,853.177286,0.588881,0.014380,0.076547,0.107975,0.954150,0.548101,52,5.417885,5.100000,5.900000,0.239970
68849,2006,USV,U S RESTAURANTS PROPERTIES INC,2.0,9.0,5.0,12,0.023983,14.465833,973.646125,2665.214750,205.909333,29.477333,961.601500,0.576190,0.019329,0.009232,0.078751,0.995802,0.515760,52,6.066346,5.670000,6.440000,0.195629
68849,2007,USV,U S RESTAURANTS PROPERTIES INC,2.0,9.0,5.0,1,0.005300,16.940000,1143.992100,2643.546000,219.523000,36.127000,1071.182000,0.578878,0.007663,0.034407,0.058753,0.936354,0.628919,52,6.025192,5.650000,6.430000,0.193528
70818,2000,MIR,M D C ASSET INVESTORS,2.0,8.0,10.0,12,-0.001108,11.229167,63.592668,166.979500,22.313000,2.325250,83.437500,0.371511,0.006396,0.044362,0.017861,1.317502,0.504896,52,7.718269,6.790000,8.310000,0.313048
70818,2001,MIR,M D C ASSET INVESTORS,2.0,8.0,10.0,12,0.033150,12.577500,88.172600,214.096500,38.109500,2.885250,96.973500,0.446698,0.013627,0.029985,0.017781,1.181421,0.481919,52,6.502308,5.940000,6.780000,0.221436
70818,2002,MIR,M D C ASSET INVESTORS,2.0,8.0,10.0,12,0.012283,14.234167,99.127297,218.083000,42.530250,3.054750,90.783500,0.492262,0.005696,0.026333,0.043602,0.922773,0.363051,52,5.982692,5.320000,6.690000,0.437498
70818,2003,MIR,M D C ASSET INVESTORS,2.0,8.0,10.0,12,0.035117,17.225000,121.044133,231.582250,50.037500,5.125750,92.016750,0.510751,0.006273,0.041734,0.065329,0.770201,0.320705,53,5.170943,4.600000,5.770000,0.273188
70818,2004,MIR,M D C ASSET INVESTORS,2.0,8.0,10.0,12,0.015233,19.970000,144.345885,250.171750,66.089250,9.115000,95.596750,0.521300,0.007230,0.067078,0.080799,0.664554,0.246489,52,5.206154,4.690000,5.720000,0.269023
70818,2005,MIR,M D C ASSET INVESTORS,2.0,8.0,10.0,12,0.008225,23.050000,172.960848,288.731500,69.639500,8.855250,99.936750,0.526691,0.003445,0.026269,0.089643,0.578674,0.316315,52,5.417885,5.100000,5.900000,0.239970
70818,2006,MIR,M D C ASSET INVESTORS,2.0,8.0,10.0,12,0.013750,25.345000,195.851498,347.592750,85.257500,11.792750,105.673750,0.541142,0.013365,0.054822,0.102794,0.540971,0.300294,52,6.066346,5.670000,6.440000,0.195629
70818,2007,MIR,M D C ASSET INVESTORS,2.0,8.0,10.0,12,-0.017992,23.779167,188.627519,424.622250,81.519500,9.734750,110.943500,0.607090,0.000686,0.039964,0.108510,0.594062,0.524270,52,6.025192,5.650000,6.430000,0.193528
70818,2008,MIR,M D C ASSET INVESTORS,2.0,8.0,10.0,12,0.060892,17.453333,137.818299,436.641250,64.685750,3.914000,112.453250,0.623868,0.000708,0.028646,0.117062,0.971794,0.829394,53,5.617170,4.830000,6.190000,0.346135
70818,2009,MIR,M D C ASSET INVESTORS,2.0,8.0,10.0,1,-0.008700,13.700000,108.750595,442.380000,55.534000,1.505000,108.598000,0.639701,0.000068,0.033792,0.125925,0.998597,2.091334,52,4.573846,4.270000,5.060000,0.176459
72661,2000,SIZ,SIZELER PROPERTY INVESTORS INC,2.0,2.0,4.0,12,-0.000225,7.442708,58.999708,285.995250,50.032250,2.359750,70.301250,0.728981,0.003214,0.041323,0.034362,1.198547,0.277739,52,7.718269,6.790000,8.310000,0.313048
72661,2001,SIZ,SIZELER PROPERTY INVESTORS INC,2.0,2.0,4.0,12,0.032642,9.002500,76.336200,284.139500,51.776500,2.366750,67.039500,0.739833,0.003495,0.048997,0.034015,0.890773,0.272005,52,6.502308,5.940000,6.780000,0.221436
72661,2002,SIZ,SIZELER PROPERTY INVESTORS INC,2.0,2.0,4.0,12,0.011050,9.880000,125.058473,278.409500,52.545250,2.670000,92.251500,0.648788,0.007433,0.039041,0.028025,0.735196,0.223782,52,5.982692,5.320000,6.690000,0.437498
72661,2003,SIZ,SIZELER PROPERTY INVESTORS INC,2.0,2.0,4.0,12,0.020017,10.008333,130.979895,290.102500,52.667250,2.178500,98.893500,0.618762,0.012195,0.046943,0.025860,0.759019,0.161142,53,5.170943,4.600000,5.770000,0.273188
72661,2004,SIZ,SIZELER PROPERTY INVESTORS INC,2.0,2.0,4.0,12,0.016375,10.115833,133.307462,317.462500,52.163500,0.786250,87.187750,0.682649,0.013056,0.035620,0.019399,0.659490,0.171551,52,5.206154,4.690000,5.720000,0.269023
72661,2005,SIZ,SIZELER PROPERTY INVESTORS INC,2.0,2.0,4.0,12,0.011367,12.200833,232.361403,306.808750,50.016500,-1.469000,123.334750,0.552784,0.028255,0.034284,0.102109,0.527927,0.286128,52,5.417885,5.100000,5.900000,0.239970
72661,2006,SIZ,SIZELER PROPERTY INVESTORS INC,2.0,2.0,4.0,10,0.020320,14.972000,320.368783,298.253400,51.177100,-3.121800,184.939000,0.344631,0.016511,0.023702,0.112352,0.578611,0.345481,52,6.066346,5.670000,6.440000,0.195629
75037,2000,BNP,B N P RESIDENTIAL PROPERTIES INC,2.0,2.0,4.0,12,0.006450,8.416667,48.417708,224.088750,33.430500,2.668000,49.818250,0.670659,0.003852,0.047910,0.058933,1.033322,0.224648,52,7.718269,6.790000,8.310000,0.313048
75037,2001,BNP,B N P RESIDENTIAL PROPERTIES INC,2.0,2.0,4.0,12,0.040558,9.911667,56.600199,227.126000,34.190250,2.016750,43.932250,0.705462,0.004254,0.047149,0.048730,0.778881,0.379232,52,6.502308,5.940000,6.780000,0.221436
75037,2002,BNP,B N P RESIDENTIAL PROPERTIES INC,2.0,2.0,4.0,12,0.009550,11.141667,64.293850,234.446250,35.920250,1.995500,39.072500,0.731906,0.010055,0.044517,0.046612,0.610921,0.367498,52,5.982692,5.320000,6.690000,0.437498
75037,2003,BNP,B N P RESIDENTIAL PROPERTIES INC,2.0,2.0,4.0,12,0.020708,10.626667,62.226810,274.452000,38.795500,0.949000,33.628750,0.780512,0.002352,0.036024,0.041288,0.543821,0.359807,53,5.170943,4.600000,5.770000,0.273188
75037,2004,BNP,B N P RESIDENTIAL PROPERTIES INC,2.0,2.0,4.0,12,0.034700,13.351792,102.509832,300.001000,43.279500,0.289750,34.633750,0.784630,0.005820,0.034861,0.017345,0.342562,0.363960,52,5.206154,4.690000,5.720000,0.269023
75037,2005,BNP,B N P RESIDENTIAL PROPERTIES INC,2.0,2.0,4.0,12,0.005500,15.523333,142.073055,426.104500,53.117750,-2.346750,52.704000,0.793462,0.004078,0.030090,0.012988,0.371490,0.475762,52,5.417885,5.100000,5.900000,0.239970
75037,2006,BNP,B N P RESIDENTIAL PROPERTIES INC,2.0,2.0,4.0,12,0.043908,19.808333,204.023497,519.956500,73.627750,-4.706000,55.361000,0.833485,0.005478,0.028690,-0.006205,0.279836,0.360412,52,6.066346,5.670000,6.440000,0.195629
75037,2007,BNP,B N P RESIDENTIAL PROPERTIES INC,2.0,2.0,4.0,2,0.008750,24.085000,252.121780,534.597000,82.087000,-3.118000,51.742000,0.848533,0.004738,0.027763,-0.024640,0.205227,0.397657,52,6.025192,5.650000,6.430000,0.193528
75069,2000,IOT,INCOME OPPORTUNITY RLTY INVS INC,2.0,2.0,4.0,10,0.049860,7.856250,12.011650,89.142600,21.551400,6.000000,28.437200,0.639326,0.069773,0.045466,0.029927,2.377721,0.306127,52,7.718269,6.790000,8.310000,0.313048
75069,2001,IOT,INCOME OPPORTUNITY RLTY INVS INC,2.0,2.0,4.0,12,0.076525,11.443333,17.159515,94.308500,29.660500,12.712000,39.736500,0.556408,0.082561,-0.014656,0.267885,2.581868,0.325237,52,6.502308,5.940000,6.780000,0.221436
75069,2002,IOT,INCOME OPPORTUNITY RLTY INVS INC,2.0,2.0,4.0,12,0.014133,17.570000,25.280250,92.539000,10.890750,-4.062000,37.602250,0.568075,0.011060,-0.021185,0.117610,1.511764,0.343484,52,5.982692,5.320000,6.690000,0.437498
75069,2003,IOT,INCOME OPPORTUNITY RLTY INVS INC,2.0,2.0,4.0,1,-0.029200,18.275000,26.297724,91.728000,9.034000,-2.264000,38.167000,0.561246,0.001428,-0.022425,-0.098291,1.451342,0.369527,53,5.170943,4.600000,5.770000,0.273188
75284,2008,PCE,PACIFIC OFFICE PPTYS TRUST INC,2.0,4.0,13.0,10,-0.036830,5.988690,16.605932,331.204700,19.165500,-7.052400,5.361400,0.466993,0.291562,-0.019802,0.113299,0.337300,1.010044,53,5.617170,4.830000,6.190000,0.346135
75284,2009,PCE,PACIFIC OFFICE PPTYS TRUST INC,2.0,4.0,13.0,12,0.000575,4.309292,13.590858,526.903750,66.159750,-6.113750,2.201250,0.803341,0.022597,0.005776,-3.588790,0.155188,0.878936,52,4.573846,4.270000,5.060000,0.176459
75284,2010,PCE,PACIFIC OFFICE PPTYS TRUST INC,2.0,4.0,13.0,12,0.012875,4.353325,16.860873,509.694000,73.015750,31.088500,1.285000,0.842472,0.019734,0.008302,-2.690347,0.084154,0.669481,52,4.095577,3.570000,4.520000,0.275385
75284,2011,PCE,PACIFIC OFFICE PPTYS TRUST INC,2.0,4.0,13.0,1,-0.273400,3.030000,11.826090,514.324000,72.920000,42.397000,,0.857094,0.028362,0.011537,-0.325197,,0.615864,52,3.684231,3.210000,4.290000,0.348027
75341,2000,DRE,DUKE REALTY CORP,2.0,4.0,11.0,12,0.027367,22.197917,2806.113858,5549.294000,631.595500,193.305750,2069.707500,0.391699,0.006476,0.067196,0.089377,0.745149,0.164679,52,7.718269,6.790000,8.310000,0.313048
75341,2001,DRE,DUKE REALTY CORP,2.0,4.0,11.0,12,0.006075,23.964167,3084.536783,5513.964750,806.568500,260.453000,2110.488000,0.362712,0.010095,0.081452,0.109508,0.685104,0.129551,52,6.502308,5.940000,6.780000,0.221436
75341,2002,DRE,DUKE REALTY CORP,2.0,4.0,11.0,12,0.011267,25.559167,3412.957500,5278.348500,800.842000,278.694750,2192.487000,0.333973,0.001656,0.098894,0.127568,0.644913,0.141220,52,5.982692,5.320000,6.690000,0.437498
75341,2003,DRE,DUKE REALTY CORP,2.0,4.0,11.0,12,0.022600,28.173333,3817.420342,5365.059000,766.309000,194.896000,2166.165000,0.390620,0.003963,0.088251,0.109397,0.570161,0.142361,53,5.170943,4.600000,5.770000,0.273188
75341,2004,DRE,DUKE REALTY CORP,2.0,4.0,11.0,12,0.015492,32.839167,4619.407733,5619.445500,766.834250,174.846250,2171.732000,0.423576,0.001609,0.064269,0.094180,0.471336,0.147027,52,5.206154,4.690000,5.720000,0.269023
75341,2005,DRE,DUKE REALTY CORP,2.0,4.0,11.0,12,0.006442,32.320000,4587.640817,5982.186250,760.322250,150.439000,2152.688000,0.446014,0.000653,0.065618,0.089801,0.470234,0.260497,52,5.417885,5.100000,5.900000,0.239970
75341,2006,DRE,DUKE REALTY CORP,2.0,4.0,11.0,12,0.022867,37.574167,5071.983792,6255.771000,776.570750,131.857500,1865.851000,0.484899,0.006952,0.061053,0.151803,0.370518,0.418725,52,6.066346,5.670000,6.440000,0.195629
75341,2007,DRE,DUKE REALTY CORP,2.0,4.0,11.0,12,-0.030150,36.280000,5011.246992,7271.880000,890.317250,149.486500,1710.136500,0.558069,0.005107,0.034084,0.155712,0.350612,0.520544,52,6.025192,5.650000,6.430000,0.193528
75341,2008,DRE,DUKE REALTY CORP,2.0,4.0,11.0,12,-0.037642,20.790000,3051.191250,7668.033750,1007.366000,149.617000,1900.884000,0.557293,0.003253,0.042555,0.133536,0.708929,0.998494,53,5.617170,4.830000,6.190000,0.346135
75341,2009,DRE,DUKE REALTY CORP,2.0,4.0,11.0,12,0.041125,9.775000,2044.766492,7701.390500,1224.604750,103.598500,1941.958500,0.544116,0.002444,0.083305,0.094885,1.078781,1.725944,52,4.573846,4.270000,5.060000,0.176459
75341,2010,DRE,DUKE REALTY CORP,2.0,4.0,11.0,12,0.010033,11.865208,2841.498392,7284.295000,1339.717250,-271.317500,1948.851750,0.523784,0.020149,0.059939,-0.053193,0.688867,1.802457,52,4.095577,3.570000,4.520000,0.275385
75341,2011,DRE,DUKE REALTY CORP,2.0,4.0,11.0,12,0.005250,13.201667,3335.200650,7564.660000,1254.735750,70.606000,2036.923250,0.545470,0.010748,0.050128,-0.037985,0.617754,1.783138,52,3.684231,3.210000,4.290000,0.348027
75341,2012,DRE,DUKE REALTY CORP,2.0,4.0,11.0,12,0.016892,14.201667,3788.250275,7112.398250,1215.707250,-33.399500,1954.447750,0.559918,0.012476,0.049136,0.042455,0.516678,1.742147,52,2.934423,2.630000,3.300000,0.206059
75341,2013,DRE,DUKE REALTY CORP,2.0,4.0,11.0,12,0.012625,15.970000,5152.754642,7609.054750,1103.232000,-55.535000,2253.154250,0.571211,0.015576,0.042560,-0.001222,0.439563,1.746335,52,3.100769,2.560000,3.600000,0.354538
75341,2014,DRE,DUKE REALTY CORP,2.0,4.0,11.0,12,0.029008,17.928333,5986.387842,7817.330000,1127.651500,59.879250,2612.568000,0.548370,0.002688,0.054819,0.027655,0.438220,1.345552,53,3.286038,3.080000,3.560000,0.110058
75341,2015,DRE,DUKE REALTY CORP,2.0,4.0,11.0,12,0.008225,20.187500,6964.102042,7621.014750,1156.560000,220.358000,2966.969250,0.542354,0.003962,0.056718,0.080631,0.427076,1.120617,52,3.087500,2.920000,3.250000,0.101109
75341,2016,DRE,DUKE REALTY CORP,2.0,4.0,11.0,12,0.023892,24.827500,8666.852825,6954.751750,918.010500,196.242500,3237.254250,0.480447,0.010879,0.056788,0.148287,0.379490,0.922695,52,2.930769,2.720000,3.550000,0.213200
75341,2017,DRE,DUKE REALTY CORP,2.0,4.0,11.0,12,0.007708,27.628333,9827.307250,6977.540500,830.888750,308.667500,3757.202750,0.404906,0.036239,0.067432,0.133110,0.383079,0.585991,52,3.272500,3.080000,3.500000,0.105865
75341,2018,DRE,DUKE REALTY CORP,2.0,4.0,11.0,12,-0.000675,27.485000,9821.364708,7404.039750,874.194250,304.205750,4609.306250,0.319596,0.040490,0.061129,0.247862,0.470708,0.432624,52,4.000192,3.380000,4.360000,0.207860
75341,2019,DRE,DUKE REALTY CORP,2.0,4.0,11.0,12,0.027633,32.314167,11675.590583,7901.360250,992.088250,335.353750,4648.217250,0.349401,0.010760,0.061403,0.198293,0.400267,0.542556,52,3.391731,3.000000,3.990000,0.299344
75341,2020,DRE,DUKE REALTY CORP,2.0,4.0,11.0,12,0.015808,36.449167,13479.954000,8456.202250,1000.622500,402.382750,4980.927750,0.357065,0.018449,0.060269,0.084190,0.371507,0.424908,53,2.604906,2.170000,3.160000,0.277853
75341,2021,DRE,DUKE REALTY CORP,2.0,4.0,11.0,12,0.046242,49.378333,18614.027833,9248.506500,1051.055250,343.263750,5196.999000,0.380312,0.004175,0.062871,0.069504,0.284951,0.309873,52,2.271923,2.100000,2.450000,0.093934
75341,2022,DRE,DUKE REALTY CORP,2.0,4.0,11.0,9,-0.027333,55.664444,21355.186111,10360.480333,1135.744000,931.387333,6073.951667,0.351789,0.014868,0.061101,0.094992,0.285853,0.394722,52,4.583846,2.430000,6.380000,1.112739
75351,2000,KE,KOGER EQUITY INC,2.0,4.0,13.0,12,0.001275,16.755208,448.838617,870.830500,161.365000,34.083750,460.543500,0.395196,0.012253,0.076152,0.072158,1.027969,0.464182,52,7.718269,6.790000,8.310000,0.313048
75351,2001,KE,KOGER EQUITY INC,2.0,4.0,13.0,12,0.020617,16.099167,431.499590,849.902500,168.405500,29.896750,448.597000,0.401751,0.005762,0.062843,0.067902,1.044036,0.315274,52,6.502308,5.940000,6.780000,0.221436
75351,2002,KE,KOGER EQUITY INC,2.0,4.0,13.0,12,0.004067,17.192500,389.475087,736.141250,162.401500,60.075250,376.504500,0.420153,0.054752,0.083153,0.145701,0.971352,0.268914,52,5.982692,5.320000,6.690000,0.437498
75351,2003,KE,KOGER EQUITY INC,2.0,4.0,13.0,12,0.031783,17.585000,374.939744,774.653000,135.466000,27.095750,341.911250,0.515743,0.008692,0.062292,0.113978,0.923121,0.219610,53,5.170943,4.600000,5.770000,0.273188
75351,2004,KE,KOGER EQUITY INC,2.0,4.0,13.0,12,0.017975,22.712500,596.920329,926.813000,148.154250,16.564750,431.407000,0.470917,0.030039,0.052892,0.044109,0.727078,0.226732,52,5.206154,4.690000,5.720000,0.269023
75351,2005,KE,KOGER EQUITY INC,2.0,4.0,13.0,8,0.026087,24.541250,777.651861,1196.039625,167.851875,15.983500,524.363625,0.487976,0.028922,0.039182,0.035929,0.677049,0.215523,52,5.417885,5.100000,5.900000,0.239970
75592,2000,PCL,PLUM CREEK TIMBER CO INC,2.0,1.0,1.0,12,0.013975,24.604167,1682.987275,1252.588750,403.864750,130.347000,513.439000,0.543532,0.119396,0.121344,0.161550,0.304869,0.241474,52,7.718269,6.790000,8.310000,0.313048
75592,2001,PCL,PLUM CREEK TIMBER CO INC,2.0,1.0,1.0,12,0.017450,27.151667,2663.534608,1314.253500,247.450250,112.840500,511.657250,0.556895,0.136082,0.107702,0.236624,0.235584,0.203827,52,6.502308,5.940000,6.780000,0.221436
75592,2002,PCL,PLUM CREEK TIMBER CO INC,2.0,1.0,1.0,12,-0.008883,27.482500,5072.596125,3472.356250,673.603750,302.703000,1855.219500,0.455126,0.075834,0.076698,0.196218,0.380924,0.229192,52,5.982692,5.320000,6.690000,0.437498
75592,2003,PCL,PLUM CREEK TIMBER CO INC,2.0,1.0,1.0,12,0.028217,25.241667,4630.554133,4252.000000,1137.500000,265.750000,2229.250000,0.437501,0.059406,0.088175,0.123845,0.486771,0.278118,53,5.170943,4.600000,5.770000,0.273188
75592,2004,PCL,PLUM CREEK TIMBER CO INC,2.0,1.0,1.0,12,0.024283,33.210833,6086.727008,4352.750000,1305.250000,252.250000,2208.750000,0.452552,0.068885,0.107459,0.096547,0.364803,0.303108,52,5.206154,4.690000,5.720000,0.269023
75592,2005,PCL,PLUM CREEK TIMBER CO INC,2.0,1.0,1.0,12,-0.000933,36.773333,6758.289808,4420.000000,1480.750000,317.000000,2311.250000,0.430269,0.087276,0.117417,0.132024,0.342369,0.447987,52,5.417885,5.100000,5.900000,0.239970
75592,2006,PCL,PLUM CREEK TIMBER CO INC,2.0,1.0,1.0,12,0.012617,36.212500,6567.403783,4744.750000,1572.500000,320.750000,2327.250000,0.462506,0.086698,0.111967,0.156154,0.355151,0.637881,52,6.066346,5.670000,6.440000,0.195629
75592,2007,PCL,PLUM CREEK TIMBER CO INC,2.0,1.0,1.0,12,0.016292,42.093333,7372.341775,4625.500000,1611.250000,289.250000,2070.750000,0.506717,0.059364,0.104390,0.151960,0.282000,0.718526,52,6.025192,5.650000,6.430000,0.193528
75592,2008,PCL,PLUM CREEK TIMBER CO INC,2.0,1.0,1.0,12,-0.014550,42.429167,7240.488175,4587.750000,1636.000000,257.500000,1850.750000,0.549409,0.041138,0.105428,0.149761,0.259298,0.679943,53,5.617170,4.830000,6.190000,0.346135
75592,2009,PCL,PLUM CREEK TIMBER CO INC,2.0,1.0,1.0,12,0.016542,31.730833,5183.239450,4654.000000,1652.250000,298.500000,1622.250000,0.602043,0.073291,0.123066,0.148271,0.316607,0.769666,52,4.573846,4.270000,5.060000,0.176459
75592,2010,PCL,PLUM CREEK TIMBER CO INC,2.0,1.0,1.0,12,0.004475,36.345000,5897.430392,4431.250000,1264.750000,213.000000,1463.500000,0.622839,0.067828,0.110474,0.155664,0.248666,0.743881,52,4.095577,3.570000,4.520000,0.275385
75592,2011,PCL,PLUM CREEK TIMBER CO INC,2.0,1.0,1.0,12,0.003025,39.462500,6383.535317,4257.250000,1151.000000,177.500000,1358.000000,0.634287,0.062836,0.094236,0.157505,0.213636,0.752391,52,3.684231,3.210000,4.290000,0.348027
75592,2012,PCL,PLUM CREEK TIMBER CO INC,2.0,1.0,1.0,12,0.021225,41.185000,6651.058783,4287.250000,1210.750000,186.000000,1249.250000,0.658956,0.062857,0.082550,0.153732,0.188635,0.763195,52,2.934423,2.630000,3.300000,0.206059
75592,2013,PCL,PLUM CREEK TIMBER CO INC,2.0,1.0,1.0,12,0.008567,47.530000,7884.539092,4381.000000,1333.000000,214.500000,1222.500000,0.673436,0.078726,0.081067,0.160496,0.155364,0.806461,52,3.100769,2.560000,3.600000,0.354538
75592,2014,PCL,PLUM CREEK TIMBER CO INC,2.0,1.0,1.0,12,-0.002575,42.390833,7494.885367,5254.250000,1347.500000,213.000000,1654.250000,0.647020,0.052575,0.083971,0.137301,0.221239,0.796392,53,3.286038,3.080000,3.560000,0.110058
75592,2015,PCL,PLUM CREEK TIMBER CO INC,2.0,1.0,1.0,12,0.015317,42.809167,7492.614142,5157.500000,1482.750000,204.500000,1631.500000,0.640067,0.017403,0.092705,0.123378,0.219119,0.758981,52,3.087500,2.920000,3.250000,0.101109
75592,2016,PCL,PLUM CREEK TIMBER CO INC,2.0,1.0,1.0,1,-0.151100,40.510000,7052.629000,5004.000000,1550.000000,231.000000,1506.000000,0.647482,0.016187,0.111311,0.128067,0.213537,0.856899,52,2.930769,2.720000,3.550000,0.213200
75819,2000,VTR,VENTAS INC,2.0,3.0,6.0,12,0.053125,4.239583,289.512960,1045.437500,234.280750,38.834750,45.337250,0.907668,0.125417,0.095748,1.735729,0.161543,0.211701,52,7.718269,6.790000,8.310000,0.313048
75819,2001,VTR,VENTAS INC,2.0,3.0,6.0,12,0.073208,10.230000,702.988724,956.729500,232.073250,-41.388000,16.822000,0.918010,0.067324,0.084550,2.448677,0.030907,0.199136,52,6.502308,5.940000,6.780000,0.221436
75819,2002,VTR,VENTAS INC,2.0,3.0,6.0,12,0.008067,12.635833,873.149632,919.285500,201.817250,23.121500,,0.908279,0.031378,0.092199,-0.091806,,0.195368,52,5.982692,5.320000,6.690000,0.437498
75819,2003,VTR,VENTAS INC,2.0,3.0,6.0,12,0.063092,15.712500,1240.131237,857.929750,192.167250,60.919500,,0.865250,0.024699,0.144376,-0.946065,,0.146044,53,5.170943,4.600000,5.770000,0.273188
75819,2004,VTR,VENTAS INC,2.0,3.0,6.0,12,0.026100,25.657500,2144.003417,916.893000,202.876500,90.836000,99.426750,0.808932,0.044918,0.149660,1.175344,0.045859,0.152967,52,5.206154,4.690000,5.720000,0.269023
75819,2005,VTR,VENTAS INC,2.0,3.0,6.0,12,0.018292,29.326667,2775.111525,1504.483250,242.662250,99.993500,308.465750,0.744001,0.020344,0.121505,1.644351,0.106267,0.401744,52,5.417885,5.100000,5.900000,0.239970
75819,2006,VTR,VENTAS INC,2.0,3.0,6.0,12,0.028425,35.695000,3710.378225,2654.956000,344.676750,121.587250,687.942250,0.692206,0.022586,0.083279,0.428552,0.187594,0.416454,52,6.066346,5.670000,6.440000,0.195629
75819,2007,VTR,VENTAS INC,2.0,3.0,6.0,12,0.012842,41.568333,5135.457425,3754.958750,448.911500,139.937000,1085.491750,0.682741,0.022904,0.071687,0.189536,0.204121,0.582867,52,6.025192,5.650000,6.430000,0.193528
75819,2008,VTR,VENTAS INC,2.0,3.0,6.0,12,-0.000692,41.835833,5860.164092,5686.774250,794.750250,138.557750,2201.927750,0.573085,0.016461,0.071656,0.167449,0.391911,0.702383,53,5.617170,4.830000,6.190000,0.346135
75819,2009,VTR,VENTAS INC,2.0,3.0,6.0,12,0.036192,33.393333,5147.757667,5687.384750,925.120250,182.431000,2505.818750,0.520094,0.029270,0.064784,0.125943,0.516540,1.130624,52,4.573846,4.270000,5.060000,0.176459
75819,2010,VTR,VENTAS INC,2.0,3.0,6.0,12,0.019700,48.759167,7651.682183,5574.874250,940.631500,196.002750,2706.314500,0.473725,0.025015,0.075057,0.106938,0.355669,1.117579,52,4.095577,3.570000,4.520000,0.275385
75819,2011,VTR,VENTAS INC,2.0,3.0,6.0,12,0.009100,54.227500,12374.765917,6721.742250,1044.903000,205.001750,3089.957000,0.493532,0.011658,0.069995,0.105202,0.256422,1.086990,52,3.684231,3.210000,4.290000,0.348027
75819,2012,VTR,VENTAS INC,2.0,3.0,6.0,12,0.017567,61.557500,18024.512583,17472.225250,1887.570750,334.650750,9551.028250,0.377157,0.008578,0.046397,0.065899,0.532212,1.036835,52,2.934423,2.630000,3.300000,0.206059
75819,2013,VTR,VENTAS INC,2.0,3.0,6.0,12,-0.004408,66.631667,19547.328917,18731.100500,2543.881250,389.336250,9312.816500,0.435284,0.008310,0.054058,0.039839,0.480236,1.011838,52,3.100769,2.560000,3.600000,0.354538
75819,2014,VTR,VENTAS INC,2.0,3.0,6.0,12,0.023883,65.446667,19267.942917,19776.101000,2799.259500,473.349250,9025.894250,0.478636,0.007969,0.061260,0.046740,0.469967,0.462519,53,3.286038,3.080000,3.560000,0.110058
75819,2015,VTR,VENTAS INC,2.0,3.0,6.0,12,-0.002550,63.872500,21185.079667,22648.092250,2936.722250,411.134750,10186.022500,0.492190,0.009372,0.057893,0.053387,0.495521,0.258965,52,3.087500,2.920000,3.250000,0.101109
75819,2016,VTR,VENTAS INC,2.0,3.0,6.0,12,0.014558,65.447500,22582.125000,22257.665250,3290.411000,422.829000,9955.633500,0.501208,0.005862,0.060649,0.048322,0.446546,0.173111,52,2.930769,2.720000,3.550000,0.213200
75819,2017,VTR,VENTAS INC,2.0,3.0,6.0,12,0.001208,64.952500,23084.748333,23591.988000,3467.304250,656.458250,10740.169000,0.489787,0.009589,0.059514,0.054409,0.465999,-0.088667,52,3.272500,3.080000,3.500000,0.105865
75819,2018,VTR,VENTAS INC,2.0,3.0,6.0,12,0.005400,55.633333,19825.253917,23471.745250,3588.658500,1254.321500,10996.844000,0.470039,0.007148,0.060985,0.098681,0.558080,0.011490,52,4.000192,3.380000,4.360000,0.207860
75819,2019,VTR,VENTAS INC,2.0,3.0,6.0,12,0.005033,64.972500,23793.453583,22709.879000,3707.040250,526.589500,10608.678750,0.469074,0.006149,0.061262,0.075395,0.449268,0.188062,52,3.391731,3.000000,3.990000,0.299344
75819,2020,VTR,VENTAS INC,2.0,3.0,6.0,12,0.010933,41.691667,15563.230167,25175.744250,3877.182000,527.464750,10627.151000,0.515029,0.041153,0.056970,0.040882,0.714197,0.896977,53,2.604906,2.170000,3.160000,0.277853
75819,2021,VTR,VENTAS INC,2.0,3.0,6.0,12,0.008708,53.555000,20470.927917,23801.616000,3762.611000,210.124250,10120.024000,0.507676,0.016359,0.058691,0.042436,0.496748,1.118764,52,2.271923,2.100000,2.450000,0.093934
75819,2022,VTR,VENTAS INC,2.0,3.0,6.0,12,-0.002650,50.418333,20147.719542,24835.117500,3888.777500,102.603000,10841.230250,0.499670,0.007735,0.042230,0.020608,0.546593,1.107501,52,4.583846,2.430000,6.380000,1.112739
75819,2023,VTR,VENTAS INC,2.0,3.0,6.0,12,0.015642,46.228333,18535.051167,24380.819750,4200.008500,-20.546000,10154.390000,0.522576,0.007912,0.045632,-0.000845,0.550053,1.150422,52,6.111731,5.140000,7.030000,0.497037
76513,2004,CDX,CATELLUS DEVELOPMENT CORP,2.0,4.0,8.0,12,0.022536,26.555833,2733.106625,2595.099750,528.150250,200.105000,827.186500,0.526682,0.044427,0.083462,0.269814,0.305574,0.180183,52,5.206154,4.690000,5.720000,0.269023
76513,2005,CDX,CATELLUS DEVELOPMENT CORP NEW,2.0,4.0,8.0,8,0.023325,30.248750,3132.046513,2596.971875,738.683000,186.896750,786.046875,0.524032,0.051100,0.130934,0.293422,0.254358,0.194750,52,5.417885,5.100000,5.900000,0.239970
76602,2000,PSM,PUBLIC STORAGE PROPERTIES XI INC,2.0,4.0,11.0,12,0.021258,24.581250,574.668760,903.469250,131.718000,41.709250,499.898000,0.040334,0.078407,0.102279,0.073085,0.876782,0.206968,52,7.718269,6.790000,8.310000,0.313048
76602,2001,PSM,PUBLIC STORAGE PROPERTIES XI INC,2.0,4.0,11.0,12,0.014992,28.021667,630.765753,942.647000,151.808750,49.990000,505.630000,0.032779,0.048020,0.118014,0.092959,0.802549,0.065213,52,6.502308,5.940000,6.780000,0.221436
76602,2002,PSM,PUBLIC STORAGE PROPERTIES XI INC,2.0,4.0,11.0,12,0.004625,33.556667,723.124750,1145.285750,172.362500,49.971000,483.187000,0.097866,0.036035,0.122236,0.102635,0.670510,0.072557,52,5.982692,5.320000,6.690000,0.437498
76602,2003,PSM,PUBLIC STORAGE PROPERTIES XI INC,2.0,4.0,11.0,12,0.025358,35.306667,756.687379,1149.344500,194.598000,47.525750,491.242000,0.062692,0.024267,0.120517,0.111277,0.656033,0.025228,53,5.170943,4.600000,5.770000,0.273188
76602,2004,PSM,PUBLIC STORAGE PROPERTIES XI INC,2.0,4.0,11.0,12,0.012008,42.142500,916.299607,1315.750000,199.070500,46.441000,500.921000,0.082128,0.014292,0.105061,0.105513,0.549201,0.003612,52,5.206154,4.690000,5.720000,0.269023
76602,2005,PSM,PUBLIC STORAGE PROPERTIES XI INC,2.0,4.0,11.0,12,0.010175,44.201667,965.404133,1383.015750,214.976500,48.761500,504.332000,0.015136,0.044956,0.108675,0.112362,0.524349,0.097819,52,5.417885,5.100000,5.900000,0.239970
76602,2006,PSM,PUBLIC STORAGE PROPERTIES XI INC,2.0,4.0,11.0,12,0.033858,59.774167,1278.056075,1458.236500,228.663750,60.362250,496.160000,0.018135,0.112965,0.105365,0.138984,0.392706,0.314749,52,6.066346,5.670000,6.440000,0.195629
76602,2007,PSM,PUBLIC STORAGE PROPERTIES XI INC,2.0,4.0,11.0,12,-0.019533,62.188333,1326.480717,1505.317750,253.218750,64.128500,479.931250,0.038712,0.049688,0.111197,0.140775,0.367475,0.494550,52,6.025192,5.650000,6.430000,0.193528
76602,2008,PSM,PUBLIC STORAGE PROPERTIES XI INC,2.0,4.0,11.0,12,-0.006733,51.496667,1055.961063,1510.381250,277.234500,67.950500,436.150500,0.040098,0.025895,0.122639,0.146918,0.415656,0.785227,53,5.617170,4.830000,6.190000,0.346135
76602,2009,PSM,PUBLIC STORAGE PROPERTIES XI INC,2.0,4.0,11.0,12,0.017067,46.144167,1020.660077,1438.816500,284.014750,69.980750,427.603250,0.039301,0.022959,0.130930,0.163683,0.431652,0.714740,52,4.573846,4.270000,5.060000,0.176459
76602,2010,PSM,PUBLIC STORAGE PROPERTIES XI INC,2.0,4.0,11.0,12,0.014408,54.806667,1343.491675,1551.408750,272.481250,76.799750,592.674500,0.033983,0.099866,0.114034,0.146753,0.443234,0.734461,52,4.095577,3.570000,4.520000,0.275385
76602,2011,PSM,PUBLIC STORAGE PROPERTIES XI INC,2.0,4.0,11.0,12,0.003842,56.201667,1382.804317,1587.972000,281.587000,85.064000,599.399250,0.085334,0.005152,0.112982,0.138193,0.435356,0.732619,52,3.684231,3.210000,4.290000,0.348027
76602,2012,PSM,PUBLIC STORAGE PROPERTIES XI INC,2.0,4.0,11.0,12,0.016408,65.680000,1590.823967,1996.421500,306.267750,89.181250,575.910000,0.250755,0.002238,0.096027,0.154275,0.362392,0.725947,52,2.934423,2.630000,3.300000,0.206059
76602,2013,PSM,PUBLIC STORAGE PROPERTIES XI INC,2.0,4.0,11.0,12,0.016767,75.778333,1874.262842,2176.399250,346.054750,88.559000,559.365750,0.201011,0.022012,0.094318,0.160192,0.299500,0.741828,52,3.100769,2.560000,3.600000,0.354538
76602,2014,PSM,PUBLIC STORAGE PROPERTIES XI INC,2.0,4.0,11.0,12,0.009142,82.082500,2206.284950,2210.066250,365.148750,102.323250,681.143000,0.123696,0.017747,0.101519,0.149462,0.309017,0.769024,53,3.286038,3.080000,3.560000,0.110058
76602,2015,PSM,PUBLIC STORAGE PROPERTIES XI INC,2.0,4.0,11.0,12,0.011617,80.241667,2163.473917,2236.528750,376.363250,163.063750,723.371750,0.111781,0.066887,0.102013,0.200761,0.335972,0.674361,52,3.087500,2.920000,3.250000,0.101109
76602,2016,PSM,PUBLIC STORAGE PROPERTIES XI INC,2.0,4.0,11.0,12,0.027467,104.395833,2826.972508,2153.191000,376.087250,145.218500,737.868500,0.091669,0.072298,0.110479,0.203702,0.263226,0.562355,52,2.930769,2.720000,3.550000,0.213200
76602,2017,PSM,PUBLIC STORAGE PROPERTIES XI INC,2.0,4.0,11.0,12,0.008717,126.355833,3436.665642,2028.601500,390.160500,133.903750,679.724000,0.060663,0.017073,0.127269,0.175233,0.198746,0.406743,52,3.272500,3.080000,3.500000,0.105865
76602,2018,PSM,PUBLIC STORAGE PROPERTIES XI INC,2.0,4.0,11.0,12,0.007592,125.021667,3414.918142,2074.791250,403.766750,175.570750,756.865750,0.042867,0.035437,0.129490,0.196013,0.222258,0.350779,52,4.000192,3.380000,4.360000,0.207860
76602,2019,PSM,PUBLIC STORAGE PROPERTIES XI INC,2.0,4.0,11.0,12,0.022425,165.902500,4547.127867,2061.533500,418.224000,204.866000,801.930250,0.000000,0.015991,0.134373,0.252214,0.177446,0.375983,52,3.391731,3.000000,3.990000,0.299344
76602,2020,PSM,PUBLIC STORAGE PROPERTIES XI INC,2.0,4.0,11.0,12,-0.012750,134.333333,3690.237367,2068.668250,430.729500,178.797250,805.191500,0.006280,0.031704,0.141593,0.244683,0.220090,0.333927,53,2.604906,2.170000,3.160000,0.277853
76602,2021,PSM,PUBLIC STORAGE PROPERTIES XI INC,2.0,4.0,11.0,12,0.033142,158.806667,4371.569308,2066.230250,420.645500,175.451500,815.872250,0.000702,0.045537,0.135125,0.215709,0.187850,0.379486,52,2.271923,2.100000,2.450000,0.093934
76602,2022,PSM,PUBLIC STORAGE PROPERTIES XI INC,2.0,4.0,11.0,6,0.006933,176.051667,4859.438867,2125.850000,437.999000,325.286000,917.103500,0.008171,0.017833,0.141136,0.254484,0.188740,0.373465,52,4.583846,2.430000,6.380000,1.112739
77057,2000,NHI,NATIONAL HEALTH INVESTORS INC,2.0,3.0,6.0,12,-0.041550,9.838542,239.836614,792.982500,133.788250,54.589500,375.858750,0.452874,0.068586,0.091451,0.155220,1.702639,0.391599,52,7.718269,6.790000,8.310000,0.313048
77057,2001,NHI,NATIONAL HEALTH INVESTORS INC,2.0,3.0,6.0,12,0.089450,11.655833,284.053967,737.587500,144.692250,26.429000,378.976000,0.418762,0.041693,0.087466,0.112108,1.369465,0.377375,52,6.502308,5.940000,6.780000,0.221436
77057,2002,NHI,NATIONAL HEALTH INVESTORS INC,2.0,3.0,6.0,12,0.016100,15.320833,400.614181,679.159500,142.830000,3.262250,380.636500,0.348693,0.030678,0.087692,0.037303,0.956524,0.312524,52,5.982692,5.320000,6.690000,0.437498
77057,2003,NHI,NATIONAL HEALTH INVESTORS INC,2.0,3.0,6.0,12,0.047292,18.773333,501.504574,638.329000,161.605250,29.594250,385.771750,0.294906,0.057484,0.100159,0.046977,0.790360,0.337793,53,5.170943,4.600000,5.770000,0.273188
77057,2004,NHI,NATIONAL HEALTH INVESTORS INC,2.0,3.0,6.0,12,0.022433,27.775833,757.024440,622.680500,157.186750,41.229750,397.611250,0.260696,0.148633,0.108973,0.098971,0.527239,0.334809,52,5.206154,4.690000,5.720000,0.269023
77057,2005,NHI,NATIONAL HEALTH INVESTORS INC,2.0,3.0,6.0,12,-0.002575,27.190833,752.089163,609.934500,168.769500,54.568250,421.560750,0.226282,0.224160,0.102444,0.123975,0.562090,0.380703,52,5.417885,5.100000,5.900000,0.239970
77057,2006,NHI,NATIONAL HEALTH INVESTORS INC,2.0,3.0,6.0,12,0.028850,28.062500,779.977292,588.938500,149.539500,52.841250,426.207500,0.199089,0.234887,0.096284,0.129887,0.551981,0.403096,52,6.066346,5.670000,6.440000,0.195629
77057,2007,NHI,NATIONAL HEALTH INVESTORS INC,2.0,3.0,6.0,12,-0.004792,31.110000,863.386457,586.131250,101.779250,58.936750,431.415750,0.193348,0.288187,0.098879,0.146896,0.501811,0.640570,52,6.025192,5.650000,6.430000,0.193528
77057,2008,NHI,NATIONAL HEALTH INVESTORS INC,2.0,3.0,6.0,12,0.012250,29.894167,830.248917,487.508750,73.655750,80.209250,446.374750,0.019019,0.192863,0.136474,0.192912,0.542912,0.694887,53,5.617170,4.830000,6.190000,0.346135
77057,2009,NHI,NATIONAL HEALTH INVESTORS INC,2.0,3.0,6.0,12,0.035008,29.383333,811.010582,457.830750,68.736750,55.447500,433.452000,0.008266,0.200841,0.147908,0.168152,0.543377,0.637230,52,4.573846,4.270000,5.060000,0.176459
77057,2010,NHI,NATIONAL HEALTH INVESTORS INC,2.0,3.0,6.0,12,0.023192,40.575000,1122.260421,480.941250,75.218750,58.526000,436.458000,0.039292,0.067636,0.150383,0.141984,0.392391,0.621442,52,4.095577,3.570000,4.520000,0.275385
77057,2011,NHI,NATIONAL HEALTH INVESTORS INC,2.0,3.0,6.0,12,0.003942,45.470833,1260.101342,512.653000,83.970750,64.899250,444.486000,0.079724,0.023131,0.148850,0.153092,0.353495,0.601820,52,3.684231,3.210000,4.290000,0.348027
77057,2012,NHI,NATIONAL HEALTH INVESTORS INC,2.0,3.0,6.0,12,0.026183,51.315833,1426.559492,568.291000,89.924250,70.987000,445.463750,0.156727,0.021381,0.139064,0.172084,0.313289,0.590804,52,2.934423,2.630000,3.300000,0.206059
77057,2013,NHI,NATIONAL HEALTH INVESTORS INC,2.0,3.0,6.0,12,0.006025,61.178333,1748.043175,742.157250,96.328250,69.571250,453.085250,0.325449,0.017317,0.118626,0.191992,0.260235,0.624036,52,3.100769,2.560000,3.600000,0.354538
77057,2014,NHI,NATIONAL HEALTH INVESTORS INC,2.0,3.0,6.0,12,0.024992,62.974167,2100.430258,1332.315750,128.750750,85.801000,697.238750,0.426943,0.006240,0.082725,0.163495,0.332714,0.579815,53,3.286038,3.080000,3.560000,0.110058
77057,2015,NHI,NATIONAL HEALTH INVESTORS INC,2.0,3.0,6.0,12,-0.005133,64.162500,2409.824142,1875.916000,183.343750,105.303000,971.067500,0.438692,0.001940,0.071328,0.114714,0.409513,0.553326,52,3.087500,2.920000,3.250000,0.101109
77057,2016,NHI,NATIONAL HEALTH INVESTORS INC,2.0,3.0,6.0,12,0.021658,71.761667,2784.414533,2193.540500,226.998500,147.019250,1117.084750,0.449504,0.006962,0.074465,0.117335,0.403546,0.572338,52,2.930769,2.720000,3.550000,0.213200
77057,2017,NHI,NATIONAL HEALTH INVESTORS INC,2.0,3.0,6.0,12,0.005900,76.210000,3105.727442,2454.606000,251.483250,159.007000,1247.572500,0.457617,0.001852,0.073696,0.127812,0.401986,0.493899,52,3.272500,3.080000,3.500000,0.105865
77057,2018,NHI,NATIONAL HEALTH INVESTORS INC,2.0,3.0,6.0,12,0.005958,72.926667,3049.965942,2574.604250,281.103750,157.211750,1332.759250,0.450696,0.001291,0.076965,0.122515,0.438648,0.412975,52,4.000192,3.380000,4.360000,0.207860
77057,2019,NHI,NATIONAL HEALTH INVESTORS INC,2.0,3.0,6.0,12,0.011700,80.403333,3474.558550,2806.307000,296.849500,153.670750,1397.035500,0.468325,0.003913,0.078507,0.115005,0.402498,0.354689,52,3.391731,3.000000,3.990000,0.299344
77057,2020,NHI,NATIONAL HEALTH INVESTORS INC,2.0,3.0,6.0,12,0.003233,63.441667,2828.311625,3099.100250,320.612500,172.986250,1486.978500,0.483403,0.014099,0.075314,0.108771,0.537637,0.718184,53,2.604906,2.170000,3.160000,0.277853
77057,2021,NHI,NATIONAL HEALTH INVESTORS INC,2.0,3.0,6.0,12,-0.007733,63.066667,2877.064733,3130.120000,326.435500,172.208250,1526.045750,0.478176,0.019732,0.073531,0.116053,0.537787,0.830277,52,2.271923,2.100000,2.450000,0.093934
77057,2022,NHI,NATIONAL HEALTH INVESTORS INC,2.0,3.0,6.0,12,0.000758,57.791667,2609.734842,2785.211750,292.259500,101.626500,1479.413250,0.437935,0.015799,0.073160,0.094283,0.569891,0.815514,52,4.583846,2.430000,6.380000,1.112739
77057,2023,NHI,NATIONAL HEALTH INVESTORS INC,2.0,3.0,6.0,12,0.013008,53.105000,2304.632467,2511.983500,289.155250,85.125250,1278.263000,0.455129,0.008766,0.072337,0.061405,0.555774,0.837848,52,6.111731,5.140000,7.030000,0.497037
77129,2000,KIM,KIMCO REALTY CORP,2.0,9.0,17.0,12,0.028700,39.848958,2443.516842,3022.306250,464.097750,180.717250,1526.486250,0.414743,0.009810,0.077916,0.096453,0.628828,0.140601,52,7.718269,6.790000,8.310000,0.313048
77129,2001,KIM,KIMCO REALTY CORP,2.0,9.0,17.0,12,0.014567,44.781667,2940.094283,3189.636500,496.085250,209.495250,1634.953750,0.413395,0.013400,0.081858,0.116145,0.557187,0.056000,52,6.502308,5.940000,6.780000,0.221436
77129,2002,KIM,KIMCO REALTY CORP,2.0,9.0,17.0,12,0.000692,31.584167,3257.825292,3407.113500,538.244250,229.154000,1799.448250,0.401383,0.013368,0.085291,0.123203,0.553964,0.058560,52,5.982692,5.320000,6.690000,0.437498
77129,2003,KIM,KIMCO REALTY CORP,2.0,9.0,17.0,12,0.037033,38.809167,4160.235200,3838.220250,549.401500,244.879000,1868.617000,0.429061,0.012524,0.072871,0.127342,0.455006,0.059263,53,5.170943,4.600000,5.770000,0.273188
77129,2004,KIM,KIMCO REALTY CORP,2.0,9.0,17.0,12,0.027667,49.782500,5539.050742,4419.103750,603.249500,253.901750,2097.643000,0.440454,0.015457,0.071994,0.137807,0.381002,0.054036,52,5.206154,4.690000,5.720000,0.269023
77129,2005,KIM,KIMCO REALTY CORP,2.0,9.0,17.0,12,0.013325,46.158333,6695.732508,4738.789750,661.446750,284.931750,2218.375250,0.439628,0.017008,0.077617,0.137610,0.332784,0.131403,52,5.417885,5.100000,5.900000,0.239970
77129,2006,KIM,KIMCO REALTY CORP,2.0,9.0,17.0,12,0.032892,40.045833,9561.566708,5960.192500,740.551000,324.510000,2580.811250,0.464357,0.017581,0.071331,0.144259,0.270282,0.321837,52,6.066346,5.670000,6.440000,0.195629
77129,2007,KIM,KIMCO REALTY CORP,2.0,9.0,17.0,12,-0.010950,43.650833,11021.276750,7900.891750,907.546750,359.418750,3265.274750,0.466732,0.021503,0.064188,0.137699,0.301968,0.453602,52,6.025192,5.650000,6.430000,0.193528
77129,2008,KIM,KIMCO REALTY CORP,2.0,9.0,17.0,12,-0.030583,32.245833,8261.925333,9255.508250,1054.115500,353.405250,3624.103750,0.483765,0.010892,0.067411,0.119351,0.489499,0.783762,53,5.617170,4.830000,6.190000,0.346135
77129,2009,KIM,KIMCO REALTY CORP,2.0,9.0,17.0,12,0.007483,11.544167,4055.380000,9471.281250,1065.596750,178.550250,3977.259500,0.468477,0.015852,0.057395,0.084066,1.064086,1.569713,52,4.573846,4.270000,5.060000,0.176459
77129,2010,KIM,KIMCO REALTY CORP,2.0,9.0,17.0,12,0.030617,15.258958,6160.756417,9898.929000,927.343250,16.935000,4602.106750,0.433992,0.013562,0.042504,0.025725,0.754248,1.614343,52,4.095577,3.570000,4.520000,0.275385
77129,2011,KIM,KIMCO REALTY CORP,2.0,9.0,17.0,12,-0.001808,17.895000,7278.510275,9812.055250,998.061000,121.801500,4736.525250,0.413422,0.014661,0.046820,0.016549,0.657294,1.581949,52,3.684231,3.210000,4.290000,0.348027
77129,2012,KIM,KIMCO REALTY CORP,2.0,9.0,17.0,12,0.019075,19.207500,7820.733158,9762.925750,1033.370750,164.711750,4710.733000,0.415019,0.023366,0.049592,0.033109,0.601997,1.579023,52,2.934423,2.630000,3.300000,0.206059
77129,2013,KIM,KIMCO REALTY CORP,2.0,9.0,17.0,12,0.006950,21.409167,8755.873867,9976.772250,1061.610250,205.608000,4623.911000,0.434261,0.022319,0.047834,0.047606,0.530745,1.648778,52,3.100769,2.560000,3.600000,0.354538
77129,2014,KIM,KIMCO REALTY CORP,2.0,9.0,17.0,12,0.024900,23.099167,9488.498458,9910.194500,1161.365000,290.534750,4414.929000,0.446652,0.025491,0.060717,0.053020,0.467008,1.228800,53,3.286038,3.080000,3.560000,0.110058
77129,2015,KIM,KIMCO REALTY CORP,2.0,9.0,17.0,12,0.009767,25.240833,10419.786750,10945.032750,1256.951250,488.710750,4632.757250,0.469012,0.016185,0.056729,0.073054,0.444905,1.014542,52,3.087500,2.920000,3.250000,0.101109
77129,2016,KIM,KIMCO REALTY CORP,2.0,9.0,17.0,12,0.000250,28.234167,11845.796042,11349.987000,1639.401250,751.434500,4923.353250,0.467510,0.020486,0.042149,0.140358,0.418451,0.743517,52,2.930769,2.720000,3.550000,0.213200
77129,2017,KIM,KIMCO REALTY CORP,2.0,9.0,17.0,12,-0.020292,20.132500,8568.002217,11310.860250,1453.479000,407.093750,5055.079000,0.454817,0.013793,0.050805,0.115872,0.595341,0.390758,52,3.272500,3.080000,3.500000,0.105865
77129,2018,KIM,KIMCO REALTY CORP,2.0,9.0,17.0,12,-0.009942,15.821667,6695.719367,11532.563000,1329.091000,463.590250,5106.493250,0.459306,0.019979,0.055779,0.076109,0.764686,0.308147,52,4.000192,3.380000,4.360000,0.207860
77129,2019,KIM,KIMCO REALTY CORP,2.0,9.0,17.0,12,0.035992,19.060833,8043.945650,11054.931000,1268.693000,466.928500,5068.493000,0.446095,0.012383,0.055972,0.087353,0.632711,0.514018,52,3.391731,3.000000,3.990000,0.299344
77129,2020,KIM,KIMCO REALTY CORP,2.0,9.0,17.0,12,-0.001708,12.920000,5585.929708,11237.025500,1236.384250,553.972500,4914.037500,0.490750,0.020357,0.050773,0.088122,0.913805,1.064102,53,2.604906,2.170000,3.160000,0.277853
77129,2021,KIM,KIMCO REALTY CORP,2.0,9.0,17.0,12,0.046367,20.857500,10729.853933,11599.328750,1150.042250,844.001250,5494.197250,0.466535,0.023761,0.051434,0.139272,0.541707,1.445739,52,2.271923,2.100000,2.450000,0.093934
77129,2022,KIM,KIMCO REALTY CORP,2.0,9.0,17.0,12,-0.005125,22.360000,13816.458000,18447.717250,1543.628500,864.577750,9781.070250,0.411991,0.020104,0.035171,0.124097,0.714073,1.376522,52,4.583846,2.430000,6.380000,1.112739
77129,2023,KIM,KIMCO REALTY CORP,2.0,9.0,17.0,12,0.006883,19.604167,12143.130750,17907.659250,1861.268750,241.603250,9503.849500,0.406663,0.015888,0.053032,0.043249,0.785820,1.351295,52,6.111731,5.140000,7.030000,0.497037
77239,2000,RLIN,ROYALE INVESTMENTS INC,2.0,4.0,13.0,12,0.030408,8.984375,163.320910,712.297250,85.246250,15.436500,183.727000,0.555330,0.004640,0.046596,0.057400,1.137015,0.496700,52,7.718269,6.790000,8.310000,0.313048
77239,2001,RLIN,ROYALE INVESTMENTS INC,2.0,4.0,13.0,12,0.021942,10.494167,213.036900,812.555250,109.903750,15.760250,197.971000,0.583436,0.010321,0.043644,0.078291,0.932213,0.282443,52,6.502308,5.940000,6.780000,0.221436
77239,2002,RLIN,ROYALE INVESTMENTS INC,2.0,4.0,13.0,12,0.019975,13.551667,309.608896,988.408000,129.583500,19.753500,248.134250,0.578281,0.011600,0.051891,0.076592,0.811108,0.275470,52,5.982692,5.320000,6.690000,0.437498
77239,2003,RLIN,ROYALE INVESTMENTS INC,2.0,4.0,13.0,12,0.038992,17.272500,479.217285,1155.128500,157.037000,22.662000,277.262000,0.619086,0.015213,0.053985,0.078578,0.597684,0.203987,53,5.170943,4.600000,5.770000,0.273188
77239,2004,RLIN,ROYALE INVESTMENTS INC,2.0,4.0,13.0,12,0.034700,25.041667,835.464303,1388.688250,211.879750,30.153750,398.074500,0.567094,0.016044,0.051983,0.073657,0.477352,0.139283,52,5.206154,4.690000,5.720000,0.269023
77239,2005,RLIN,ROYALE INVESTMENTS INC,2.0,4.0,13.0,12,0.020742,31.015000,1163.678588,1768.026750,251.679000,36.425750,477.688000,0.598556,0.014218,0.051415,0.069966,0.416296,0.182759,52,5.417885,5.100000,5.900000,0.239970
77239,2006,RLIN,ROYALE INVESTMENTS INC,2.0,4.0,13.0,12,0.033892,44.627500,1844.389092,2121.016250,326.836750,33.618750,558.584250,0.619995,0.016082,0.045633,0.068658,0.302457,0.414826,52,6.066346,5.670000,6.440000,0.195629
77239,2007,RLIN,ROYALE INVESTMENTS INC,2.0,4.0,13.0,12,-0.033008,42.874167,1980.218350,2611.243750,363.528000,31.770750,717.910250,0.609916,0.019685,0.044067,0.070512,0.372014,0.595228,52,6.025192,5.650000,6.430000,0.193528
77239,2008,RLIN,ROYALE INVESTMENTS INC,2.0,4.0,13.0,12,0.006150,34.637500,1688.366133,2948.772500,416.070750,34.853750,766.458000,0.625290,0.014321,0.047741,0.055090,0.459904,0.899729,53,5.617170,4.830000,6.190000,0.346135
77239,2009,RLIN,ROYALE INVESTMENTS INC,2.0,4.0,13.0,12,0.023758,31.453333,1772.996433,3137.140000,630.848500,54.408750,918.519000,0.591692,0.009190,0.062331,0.054291,0.532303,0.834215,52,4.573846,4.270000,5.060000,0.176459
77239,2010,RLIN,ROYALE INVESTMENTS INC,2.0,4.0,13.0,12,0.000692,37.002500,2183.993100,3369.076000,732.636500,51.660000,971.475500,0.611140,0.008259,0.051856,0.058175,0.446905,0.815070,52,4.095577,3.570000,4.520000,0.275385
77239,2011,RLIN,ROYALE INVESTMENTS INC,2.0,4.0,13.0,12,-0.031800,29.691667,2049.570217,3828.982000,553.558000,21.035500,1112.235000,0.619829,0.008932,0.041311,0.043180,0.570888,0.771427,52,3.684231,3.210000,4.290000,0.348027
77239,2012,RLIN,ROYALE INVESTMENTS INC,2.0,4.0,13.0,12,0.019025,23.685833,1760.895142,3836.339750,534.692000,-46.380500,1035.866250,0.616104,0.009695,0.042558,-0.045935,0.595423,0.845605,52,2.934423,2.630000,3.300000,0.206059
77239,2013,RLIN,ROYALE INVESTMENTS INC,2.0,4.0,13.0,12,0.001483,25.167500,2151.801592,3659.037250,517.775500,-10.498250,1029.040000,0.563131,0.008690,0.048931,-0.031324,0.481388,0.885779,52,3.100769,2.560000,3.600000,0.354538
77239,2014,RLIN,ROYALE INVESTMENTS INC,2.0,4.0,13.0,12,0.019292,27.213333,2406.982508,3675.234250,541.571500,38.331000,1144.489750,0.550307,0.015288,0.046366,0.054935,0.476727,1.008797,53,3.286038,3.080000,3.560000,0.110058
77239,2015,RLIN,ROYALE INVESTMENTS INC,2.0,4.0,13.0,12,-0.016317,24.724167,2322.050300,3759.630250,602.286500,50.009250,1224.496500,0.538561,0.008794,0.052395,0.051938,0.537344,0.989297,52,3.087500,2.920000,3.250000,0.101109
77239,2016,RLIN,ROYALE INVESTMENTS INC,2.0,4.0,13.0,12,0.035192,27.298333,2582.405017,3901.846250,616.400500,145.444000,1300.901000,0.540380,0.011055,0.052320,0.090697,0.508784,0.939033,52,2.930769,2.720000,3.550000,0.213200
77239,2017,RLIN,ROYALE INVESTMENTS INC,2.0,4.0,13.0,12,-0.002117,32.621667,3229.137708,3682.333000,580.939500,43.429500,1324.847250,0.517673,0.035006,0.063164,0.060158,0.411288,0.677701,52,3.272500,3.080000,3.500000,0.105865
77239,2018,RLIN,ROYALE INVESTMENTS INC,2.0,4.0,13.0,12,-0.021158,27.015000,2784.090650,3586.714000,621.878750,71.402000,1398.626750,0.520872,0.004608,0.059535,0.033028,0.506433,0.667386,52,4.000192,3.380000,4.360000,0.207860
77239,2019,RLIN,ROYALE INVESTMENTS INC,2.0,4.0,13.0,12,0.032875,27.905000,3106.772200,3721.424750,596.144250,94.145000,1609.059500,0.492500,0.006096,0.052523,0.047673,0.519373,0.880509,52,3.391731,3.000000,3.990000,0.299344
77239,2020,RLIN,ROYALE INVESTMENTS INC,2.0,4.0,13.0,12,-0.001225,25.329167,2840.692083,3943.901000,636.210000,166.024750,1644.243500,0.497789,0.015264,0.059166,0.085603,0.582165,0.835870,53,2.604906,2.170000,3.160000,0.277853
77239,2021,RLIN,ROYALE INVESTMENTS INC,2.0,4.0,13.0,12,0.010158,27.298333,3065.404642,4090.548000,625.402750,76.447750,1632.661250,0.531873,0.006033,0.056594,0.081769,0.533318,0.808945,52,2.271923,2.100000,2.450000,0.093934
77239,2022,RLIN,ROYALE INVESTMENTS INC,2.0,4.0,13.0,12,0.000325,26.509167,2979.513408,4182.702250,696.375750,106.955000,1642.044750,0.530987,0.005083,0.062160,0.051941,0.552720,0.801790,52,4.583846,2.430000,6.380000,1.112739
77239,2023,RLIN,ROYALE INVESTMENTS INC,2.0,4.0,13.0,12,0.004842,24.584167,2765.559717,4237.735500,733.419500,157.977250,1700.019000,0.526657,0.003902,0.061498,0.079579,0.617103,0.838519,52,6.111731,5.140000,7.030000,0.497037
77857,2000,OHI,OMEGA HEALTHCARE INVESTORS INC,2.0,3.0,6.0,12,-0.067617,5.630208,112.627220,1035.112500,160.141750,21.901750,356.553250,0.536897,0.007688,0.070044,0.112555,3.292636,-0.001875,52,7.718269,6.790000,8.310000,0.313048
77857,2001,OHI,OMEGA HEALTHCARE INVESTORS INC,2.0,3.0,6.0,12,0.075083,3.216667,64.460064,945.406750,273.562250,-60.803250,258.669500,0.470103,0.007757,0.015912,-0.089119,4.504860,0.437067,52,6.502308,5.940000,6.780000,0.221436
77857,2002,OHI,OMEGA HEALTHCARE INVESTORS INC,2.0,3.0,6.0,12,-0.023150,5.281667,176.462382,893.618000,241.721250,-14.130750,259.724750,0.432105,0.021931,0.025567,-0.121170,1.724584,0.538419,52,5.982692,5.320000,6.690000,0.437498
77857,2003,OHI,OMEGA HEALTHCARE INVESTORS INC,2.0,3.0,6.0,12,0.099583,5.405833,200.900626,806.121000,127.843500,-5.608000,264.093750,0.381738,0.028665,0.055406,-0.061074,1.632653,0.632904,53,5.170943,4.600000,5.770000,0.273188
77857,2004,OHI,OMEGA HEALTHCARE INVESTORS INC,2.0,3.0,6.0,12,0.028200,10.556667,481.469867,752.875250,86.877500,18.989250,221.568000,0.408382,0.023775,0.068256,0.037178,0.466751,0.805835,52,5.206154,4.690000,5.720000,0.269023
77857,2005,OHI,OMEGA HEALTHCARE INVESTORS INC,2.0,3.0,6.0,12,0.013008,12.315000,638.881304,811.915750,89.689000,22.479500,245.754500,0.476137,0.007910,0.073218,0.079844,0.386367,1.127764,52,5.417885,5.100000,5.900000,0.239970
77857,2006,OHI,OMEGA HEALTHCARE INVESTORS INC,2.0,3.0,6.0,12,0.036275,14.489167,848.367388,967.800750,109.759250,37.607250,306.952500,0.534347,0.004772,0.078917,0.096524,0.365927,1.066146,52,6.066346,5.670000,6.440000,0.195629
77857,2007,OHI,OMEGA HEALTHCARE INVESTORS INC,2.0,3.0,6.0,12,0.000492,16.288333,1077.130297,1175.708250,140.763750,58.906750,377.248750,0.550436,0.003879,0.053276,0.143716,0.351072,1.233694,52,6.025192,5.650000,6.430000,0.193528
77857,2008,OHI,OMEGA HEALTHCARE INVESTORS INC,2.0,3.0,6.0,12,0.011042,16.807500,1238.963675,1215.912250,159.464000,65.750750,494.426000,0.475327,0.004269,0.072890,0.153423,0.403331,1.200034,53,5.617170,4.830000,6.190000,0.346135
77857,2009,OHI,OMEGA HEALTHCARE INVESTORS INC,2.0,3.0,6.0,12,0.026600,15.949167,1328.834975,1354.260500,197.091250,82.818500,680.146750,0.394822,0.008042,0.071833,0.128891,0.518394,0.801927,52,4.573846,4.270000,5.060000,0.176459
77857,2010,OHI,OMEGA HEALTHCARE INVESTORS INC,2.0,3.0,6.0,12,0.018667,20.784167,1935.463392,1757.314250,202.735250,78.919750,777.950500,0.449599,0.017893,0.083688,0.111209,0.403479,0.731592,52,4.095577,3.570000,4.520000,0.275385
77857,2011,OHI,OMEGA HEALTHCARE INVESTORS INC,2.0,3.0,6.0,12,-0.003283,20.217500,2050.592267,2274.117750,260.442250,48.391750,901.362750,0.527687,0.011082,0.068973,0.083273,0.444392,0.725682,52,3.684231,3.210000,4.290000,0.348027
77857,2012,OHI,OMEGA HEALTHCARE INVESTORS INC,2.0,3.0,6.0,12,0.024950,22.349167,2405.899558,2469.910500,300.771000,68.219000,898.721750,0.584843,0.014301,0.072437,0.062119,0.375732,0.734085,52,2.934423,2.630000,3.300000,0.206059
77857,2013,OHI,OMEGA HEALTHCARE INVESTORS INC,2.0,3.0,6.0,12,0.026717,30.503333,3576.190533,2931.470500,359.106250,127.680000,1068.824750,0.587014,0.015778,0.073104,0.094570,0.300948,0.758428,52,3.100769,2.560000,3.600000,0.354538
77857,2014,OHI,OMEGA HEALTHCARE INVESTORS INC,2.0,3.0,6.0,12,0.029075,35.816667,4516.875842,3486.319500,428.111000,177.494500,1307.310750,0.584898,0.018003,0.082957,0.127135,0.289996,0.742742,53,3.286038,3.080000,3.560000,0.110058
77857,2015,OHI,OMEGA HEALTHCARE INVESTORS INC,2.0,3.0,6.0,12,-0.002317,36.672500,6242.322650,5047.710750,524.714250,211.167250,2076.270250,0.553947,0.045309,0.074887,0.147432,0.330064,0.714333,52,3.087500,2.920000,3.250000,0.101109
77857,2016,OHI,OMEGA HEALTHCARE INVESTORS INC,2.0,3.0,6.0,12,-0.001583,33.117500,6309.285425,8458.610500,771.500750,246.518500,3733.495750,0.478098,0.003741,0.056474,0.100854,0.593839,0.613005,52,2.930769,2.720000,3.550000,0.213200
77857,2017,OHI,OMEGA HEALTHCARE INVESTORS INC,2.0,3.0,6.0,12,-0.002983,31.138333,6135.629325,8930.098750,907.044750,364.254500,3855.474750,0.490776,0.006659,0.068345,0.080419,0.631103,0.424685,52,3.272500,3.080000,3.500000,0.105865
77857,2018,OHI,OMEGA HEALTHCARE INVESTORS INC,2.0,3.0,6.0,12,0.030942,30.761667,6135.133100,8757.679750,904.322750,109.093500,3572.971500,0.522615,0.006384,0.063441,0.056043,0.592119,0.408640,52,4.000192,3.380000,4.360000,0.207860
77857,2019,OHI,OMEGA HEALTHCARE INVESTORS INC,2.0,3.0,6.0,12,0.023917,39.099167,8323.082450,8712.831750,886.132250,273.016250,3577.421250,0.525754,0.002815,0.060262,0.059456,0.432257,0.453228,52,3.391731,3.000000,3.990000,0.299344
77857,2020,OHI,OMEGA HEALTHCARE INVESTORS INC,2.0,3.0,6.0,12,0.003367,32.645833,7378.656717,9629.283250,956.163750,358.440000,4012.860000,0.532701,0.011866,0.060058,0.082180,0.553184,0.793846,53,2.604906,2.170000,3.160000,0.277853
77857,2021,OHI,OMEGA HEALTHCARE INVESTORS INC,2.0,3.0,6.0,12,-0.009392,33.963333,7986.816817,9619.473500,909.352750,190.198500,3898.041750,0.546373,0.009579,0.074531,0.058561,0.493625,0.897498,52,2.271923,2.100000,2.450000,0.093934
77857,2022,OHI,OMEGA HEALTHCARE INVESTORS INC,2.0,3.0,6.0,12,0.008058,29.784167,7027.527742,9738.544250,1060.832500,439.815750,3908.285750,0.551487,0.020118,0.072209,0.079503,0.558399,0.883523,52,4.583846,2.430000,6.380000,1.112739
77857,2023,OHI,OMEGA HEALTHCARE INVESTORS INC,2.0,3.0,6.0,12,0.016458,30.274167,7235.168617,9393.776750,897.314000,339.619750,3610.614000,0.563318,0.027802,0.065505,0.113444,0.503715,0.846322,52,6.111731,5.140000,7.030000,0.497037
78089,2000,TCO,TAUBMAN CENTERS INC,2.0,9.0,15.0,12,0.010767,11.041667,583.018978,1603.718500,309.785000,24.839000,393.018500,0.574122,0.017017,0.085675,0.041775,0.677267,0.109254,52,7.718269,6.790000,8.310000,0.313048
78089,2001,TCO,TAUBMAN CENTERS INC,2.0,9.0,15.0,12,0.033183,13.074167,662.830809,1924.279500,417.227500,109.372750,404.564000,0.627914,0.010267,0.063170,0.144140,0.615011,0.104070,52,6.502308,5.940000,6.780000,0.221436
78089,2002,TCO,TAUBMAN CENTERS INC,2.0,9.0,15.0,12,0.014458,15.125000,771.700617,2111.995750,357.222000,9.407000,343.547250,0.674348,0.016706,0.057816,0.097686,0.446071,0.147830,52,5.982692,5.320000,6.690000,0.437498
78089,2003,TCO,TAUBMAN CENTERS INC,2.0,9.0,15.0,12,0.025225,18.933333,952.576482,2201.193000,397.906000,-1.102750,310.137250,0.689435,0.012020,0.060890,0.029986,0.326865,0.220566,53,5.170943,4.600000,5.770000,0.273188
78089,2004,TCO,TAUBMAN CENTERS INC,2.0,9.0,15.0,12,0.039958,24.970000,1228.027367,2219.766500,426.344500,-5.641000,251.669250,0.697001,0.011092,0.060034,0.084743,0.203860,0.272497,52,5.206154,4.690000,5.720000,0.269023
78089,2005,TCO,TAUBMAN CENTERS INC,2.0,9.0,15.0,12,0.017208,31.826667,1601.308683,2549.156000,476.594000,13.237500,242.420250,0.760645,0.012216,0.056387,0.070994,0.151622,0.370929,52,5.417885,5.100000,5.900000,0.239970
78089,2006,TCO,TAUBMAN CENTERS INC,2.0,9.0,15.0,12,0.035767,42.777500,2247.740275,2810.244250,533.790000,60.161750,179.717000,0.778074,0.037246,0.066023,0.144000,0.081667,0.557266,52,6.066346,5.670000,6.440000,0.195629
78089,2007,TCO,TAUBMAN CENTERS INC,2.0,9.0,15.0,12,0.002192,54.368333,2888.464608,2870.823000,614.136750,57.734250,95.204250,0.831353,0.009656,0.078127,0.333972,0.032893,0.635510,52,6.025192,5.650000,6.430000,0.193528
78089,2008,TCO,TAUBMAN CENTERS INC,2.0,9.0,15.0,12,-0.039858,44.927500,2372.514158,3163.655750,671.633500,57.033250,,0.868033,0.012179,0.080703,-2.147316,,0.840108,53,5.617170,4.830000,6.190000,0.346135
78089,2009,TCO,TAUBMAN CENTERS INC,2.0,9.0,15.0,12,0.048725,26.925000,1431.598937,3008.506000,705.645750,-35.869000,,0.928066,0.016961,0.086486,-1.446508,,1.314668,52,4.573846,4.270000,5.060000,0.176459
78089,2010,TCO,TAUBMAN CENTERS INC,2.0,9.0,15.0,12,0.035975,42.026667,2291.326517,2586.812250,680.228750,-84.227750,,1.039803,0.005931,0.094396,0.248424,,1.399324,52,4.095577,3.570000,4.520000,0.275385
78089,2011,TCO,TAUBMAN CENTERS INC,2.0,9.0,15.0,12,0.022917,57.735833,3288.302017,2526.893250,688.139500,60.612750,,1.034289,0.009653,0.102785,-0.029956,,1.382689,52,3.684231,3.210000,4.290000,0.348027
78089,2012,TCO,TAUBMAN CENTERS INC,2.0,9.0,15.0,12,0.022792,75.450000,4511.997992,3011.882000,711.391750,92.457250,,0.953190,0.033587,0.094167,-0.587643,,1.362033,52,2.934423,2.630000,3.300000,0.206059
78089,2013,TCO,TAUBMAN CENTERS INC,2.0,9.0,15.0,12,-0.013750,73.345833,4655.370100,3273.387250,797.180000,111.355250,,0.866643,0.016765,0.102904,-0.607424,,1.369303,52,3.100769,2.560000,3.600000,0.354538
78089,2014,TCO,TAUBMAN CENTERS INC,2.0,9.0,15.0,12,0.023008,73.708333,4664.810742,3518.061000,813.055250,299.844000,209.897500,0.756494,0.034525,0.099986,-0.805651,0.043796,1.071854,53,3.286038,3.080000,3.560000,0.110058
78089,2015,TCO,TAUBMAN CENTERS INC,2.0,9.0,15.0,12,0.005717,73.783333,4546.265083,3292.201250,723.841250,617.747000,235.402000,0.633655,0.045789,0.110024,1.171625,0.052161,0.744444,52,3.087500,2.920000,3.250000,0.101109
78089,2016,TCO,TAUBMAN CENTERS INC,2.0,9.0,15.0,12,0.000708,73.114167,4412.419067,3643.525750,629.775000,236.015500,103.464750,0.762306,0.052036,0.088523,1.844521,0.023566,0.594879,52,2.930769,2.720000,3.550000,0.213200
78089,2017,TCO,TAUBMAN CENTERS INC,2.0,9.0,15.0,12,-0.003100,60.001667,3638.550408,4032.167750,681.186000,120.583500,65.827500,0.812076,0.013391,0.076161,1.544702,0.018053,0.293802,52,3.272500,3.080000,3.500000,0.105865
78089,2018,TCO,TAUBMAN CENTERS INC,2.0,9.0,15.0,12,-0.024217,57.190000,3486.850100,4232.683500,700.681250,81.827000,16.023667,0.851960,0.025813,0.062914,2.813409,0.004520,0.363541,52,4.000192,3.380000,4.360000,0.207860
78089,2019,TCO,TAUBMAN CENTERS INC,2.0,9.0,15.0,12,-0.023442,42.525000,2600.980200,4404.079250,711.369750,81.374500,,0.894214,0.027627,0.066376,0.961384,,0.611092,52,3.391731,3.000000,3.990000,0.299344
78089,2020,TCO,TAUBMAN CENTERS INC,2.0,9.0,15.0,11,0.064127,39.000909,2400.176791,4592.804455,701.410727,231.684091,60.128000,0.880489,0.042441,0.052990,-12.481124,0.026493,0.197961,53,2.604906,2.170000,3.160000,0.277853
78927,2000,SITC,SITE CENTERS CORP,2.0,9.0,17.0,12,0.016108,13.625000,788.773903,2302.974750,290.848500,94.642000,536.228750,0.491625,0.001293,0.066001,0.147131,0.688127,0.095928,52,7.718269,6.790000,8.310000,0.313048
78927,2001,SITC,SITE CENTERS CORP,2.0,9.0,17.0,12,0.038983,16.907500,931.166002,2382.537750,312.852000,94.571250,477.852750,0.535087,0.001936,0.064846,0.188920,0.521555,0.069411,52,6.502308,5.940000,6.780000,0.221436
78927,2002,SITC,SITE CENTERS CORP,2.0,9.0,17.0,12,0.018108,21.803333,1386.967317,2548.730250,343.801250,91.734250,555.396500,0.512591,0.006678,0.068273,0.189145,0.401177,0.096256,52,5.982692,5.320000,6.690000,0.437498
78927,2003,SITC,SITE CENTERS CORP,2.0,9.0,17.0,12,0.041775,27.859167,2308.452925,3345.167250,401.403000,116.387000,826.357500,0.544093,0.005394,0.070232,0.165299,0.358738,0.093773,53,5.170943,4.600000,5.770000,0.273188
78927,2004,SITC,SITE CENTERS CORP,2.0,9.0,17.0,12,0.030383,38.001667,3693.623667,4403.848750,525.252250,234.984500,1200.684750,0.538732,0.010896,0.062593,0.196108,0.324977,0.093203,52,5.206154,4.690000,5.720000,0.269023
78927,2005,SITC,SITE CENTERS CORP,2.0,9.0,17.0,12,0.010417,44.557500,4798.005183,6169.183000,645.747500,281.965000,1804.287250,0.539583,0.006567,0.051086,0.177865,0.376482,0.233594,52,5.417885,5.100000,5.900000,0.239970
78927,2006,SITC,SITE CENTERS CORP,2.0,9.0,17.0,12,0.029075,55.166667,6090.322425,6953.942000,768.799500,244.215750,1876.146000,0.570732,0.005481,0.050969,0.149171,0.311176,0.385807,52,6.066346,5.670000,6.440000,0.195629
78927,2007,SITC,SITE CENTERS CORP,2.0,9.0,17.0,12,-0.033133,55.452500,6850.268608,8427.392750,859.081250,246.298500,2288.067500,0.581868,0.005886,0.044282,0.145617,0.353322,0.588429,52,6.025192,5.650000,6.430000,0.193528
78927,2008,SITC,SITE CENTERS CORP,2.0,9.0,17.0,12,-0.109192,29.915000,3597.155523,9107.644750,967.019250,227.703750,2465.191750,0.612711,0.010288,0.043321,0.124806,1.226144,1.039722,53,5.617170,4.830000,6.190000,0.346135
78927,2009,SITC,SITE CENTERS CORP,2.0,9.0,17.0,12,0.108625,6.205000,1007.030317,8979.971500,899.963500,-14.997250,2198.073750,0.644332,0.015782,0.044173,0.031240,3.138446,2.227489,52,4.573846,4.270000,5.060000,0.176459
78927,2010,SITC,SITE CENTERS CORP,2.0,9.0,17.0,12,0.043517,11.452500,2846.647158,8311.380250,805.697000,-260.045000,2456.742500,0.592639,0.011693,0.029160,-0.101448,0.893350,2.408806,52,4.095577,3.570000,4.520000,0.275385
78927,2011,SITC,SITE CENTERS CORP,2.0,9.0,17.0,12,-0.007100,13.315833,3624.761775,7773.390750,784.922000,-92.325250,2652.811500,0.552546,0.003341,0.034753,-0.112439,0.739554,2.377176,52,3.684231,3.210000,4.290000,0.348027
78927,2012,SITC,SITE CENTERS CORP,2.0,9.0,17.0,12,0.024900,14.822500,4333.584500,7517.081250,781.337500,-47.051500,2700.051750,0.550879,0.005945,0.035065,-0.037785,0.626209,2.283073,52,2.934423,2.630000,3.300000,0.206059
78927,2013,SITC,SITE CENTERS CORP,2.0,9.0,17.0,12,0.002533,16.695833,5558.109600,8049.996500,820.839500,17.968250,2920.443500,0.541150,0.006458,0.038403,-0.007602,0.527811,2.320843,52,3.100769,2.560000,3.600000,0.354538
78927,2014,SITC,SITE CENTERS CORP,2.0,9.0,17.0,12,0.018650,17.350000,6238.131492,9321.055750,901.818000,17.553500,3328.735000,0.548918,0.020098,0.042543,-0.005359,0.533432,1.599756,53,3.286038,3.080000,3.560000,0.110058
78927,2015,SITC,SITE CENTERS CORP,2.0,9.0,17.0,12,-0.002292,17.020833,6150.994908,9401.070750,1020.913750,-87.478000,3272.978500,0.558097,0.007285,0.043946,0.018791,0.533957,1.144460,52,3.087500,2.920000,3.250000,0.101109
78927,2016,SITC,SITE CENTERS CORP,2.0,9.0,17.0,12,-0.002742,17.195000,6282.402658,9002.445000,1062.422750,46.718000,3078.899250,0.564616,0.004340,0.048710,0.000730,0.492987,0.853688,52,2.930769,2.720000,3.550000,0.213200
78927,2017,SITC,SITE CENTERS CORP,2.0,9.0,17.0,12,-0.030600,10.326667,3792.166650,8320.384500,1038.292750,22.174500,2825.700250,0.557125,0.018576,0.055873,0.002440,0.777011,0.631107,52,3.272500,3.080000,3.500000,0.105865
78927,2018,SITC,SITE CENTERS CORP,2.0,9.0,17.0,12,-0.013375,11.717500,2632.409975,7106.401250,943.972750,-186.931250,2356.469250,0.534882,0.010324,0.055042,-0.050929,0.902975,0.609109,52,4.000192,3.380000,4.360000,0.207860
78927,2019,SITC,SITE CENTERS CORP,2.0,9.0,17.0,12,0.026842,13.879167,2558.815550,4271.297000,688.426250,64.835750,1503.540750,0.468931,0.002912,0.060893,0.000640,0.591163,0.785373,52,3.391731,3.000000,3.990000,0.299344
78927,2020,SITC,SITE CENTERS CORP,2.0,9.0,17.0,12,0.011083,8.193333,1584.398708,4171.773750,530.782250,133.709250,1600.937500,0.477252,0.039630,0.060685,0.066387,1.090452,1.342806,53,2.604906,2.170000,3.160000,0.277853
78927,2021,SITC,SITE CENTERS CORP,2.0,9.0,17.0,12,0.042575,14.746667,3073.767300,4070.496000,484.267000,39.501000,1732.392250,0.457530,0.023542,0.053494,0.038267,0.570388,1.754902,52,2.271923,2.100000,2.450000,0.093934
78927,2022,SITC,SITE CENTERS CORP,2.0,9.0,17.0,12,-0.004142,14.172500,3016.356725,4068.560750,568.794750,118.459750,1871.720750,0.445248,0.010391,0.068284,0.048350,0.629752,1.665005,52,4.583846,2.430000,6.380000,1.112739
78927,2023,SITC,SITE CENTERS CORP,2.0,9.0,17.0,12,0.006367,12.915833,2711.412025,4089.043500,591.234750,163.332500,1890.596000,0.443658,0.006071,0.062915,0.079439,0.699741,1.561421,52,6.111731,5.140000,7.030000,0.497037
78931,2000,CRE,CARRAMERICA REALTY CORP,2.0,4.0,13.0,12,0.039517,26.588542,1781.416517,3477.836000,548.334500,139.914000,1583.967500,0.454422,0.014896,0.048590,0.078584,0.905724,0.315780,52,7.718269,6.790000,8.310000,0.313048
78931,2001,CRE,CARRAMERICA REALTY CORP,2.0,4.0,13.0,12,0.003158,29.595833,1875.548067,2998.625000,563.269750,144.204500,1496.925250,0.399371,0.008934,0.072812,0.098959,0.798292,0.143227,52,6.502308,5.940000,6.780000,0.221436
78931,2002,CRE,CARRAMERICA REALTY CORP,2.0,4.0,13.0,12,-0.008000,28.265000,1491.451792,2775.147750,537.559250,75.774750,1158.917500,0.479224,0.002685,0.098225,0.084573,0.787894,0.168835,52,5.982692,5.320000,6.690000,0.437498
78931,2003,CRE,CARRAMERICA REALTY CORP,2.0,4.0,13.0,12,0.021292,27.631667,1441.274283,2803.259750,525.057000,73.973500,808.448500,0.581080,0.001204,0.078320,0.113756,0.570725,0.175775,53,5.170943,4.600000,5.770000,0.273188
78931,2004,CRE,CARRAMERICA REALTY CORP,2.0,4.0,13.0,12,0.015917,31.673333,1706.260917,2856.568000,500.683000,54.841250,713.896250,0.594062,0.002230,0.059982,0.121511,0.419498,0.140844,52,5.206154,4.690000,5.720000,0.269023
78931,2005,CRE,CARRAMERICA REALTY CORP,2.0,4.0,13.0,12,0.010542,34.223333,1915.274625,3031.072000,480.755750,97.989500,756.620500,0.620197,0.013600,0.053419,0.118251,0.396336,0.241981,52,5.417885,5.100000,5.900000,0.239970
78931,2006,CRE,CARRAMERICA REALTY CORP,2.0,4.0,13.0,6,0.048150,42.751667,2517.157567,3156.726000,476.846500,124.220500,872.627000,0.598135,0.003550,0.046478,0.135848,0.348681,0.491132,52,6.066346,5.670000,6.440000,0.195629
78947,2000,MHC,MANUFACTURED HOME COMMUNITIES IN,2.0,8.0,10.0,12,0.021825,24.578125,547.360842,1156.627500,216.013000,29.209250,223.145500,0.606141,0.013904,0.059311,0.115462,0.408444,0.192833,52,7.718269,6.790000,8.310000,0.313048
78947,2001,MHC,MANUFACTURED HOME COMMUNITIES IN,2.0,8.0,10.0,12,0.011625,28.725833,609.030291,1104.667250,221.174000,33.799250,171.634250,0.644512,0.003570,0.061770,0.165595,0.282693,0.013010,52,6.502308,5.940000,6.780000,0.221436
78947,2002,MHC,MANUFACTURED HOME COMMUNITIES IN,2.0,8.0,10.0,12,0.001358,32.288333,703.088169,1100.376500,230.452500,28.698250,174.100500,0.641904,0.005357,0.073718,0.186036,0.248433,-0.032651,52,5.982692,5.320000,6.690000,0.437498
78947,2003,MHC,MANUFACTURED HOME COMMUNITIES IN,2.0,8.0,10.0,12,0.024650,34.562500,770.258541,1155.761500,260.439000,27.090000,177.864750,0.649725,0.010950,0.069659,0.196015,0.233410,-0.032398,53,5.170943,4.600000,5.770000,0.273188
78947,2004,MHC,MANUFACTURED HOME COMMUNITIES IN,2.0,8.0,10.0,12,0.015325,33.569167,766.827863,1476.633000,281.767500,15.997250,60.330000,0.772799,0.063320,0.052110,2.803357,0.077652,-0.009970,52,5.206154,4.690000,5.720000,0.269023
78947,2005,MHC,MANUFACTURED HOME COMMUNITIES IN,2.0,8.0,10.0,12,0.019908,40.400833,935.625592,1848.952000,356.847250,5.791750,40.303250,0.853003,0.003820,0.027811,2.015081,0.043535,0.052993,52,5.417885,5.100000,5.900000,0.239970
78947,2006,MHC,MANUFACTURED HOME COMMUNITIES IN,2.0,8.0,10.0,12,0.018692,46.965833,1105.360992,2001.442250,396.186500,-0.937250,40.892250,0.836028,0.001353,0.044256,0.010825,0.037037,0.290311,52,6.066346,5.670000,6.440000,0.195629
78947,2007,MHC,MANUFACTURED HOME COMMUNITIES IN,2.0,8.0,10.0,12,-0.012017,51.214167,1237.556917,2045.287000,466.552000,13.186250,54.821250,0.828218,0.000280,0.052599,0.176013,0.044868,0.505469,52,6.025192,5.650000,6.430000,0.193528
78947,2008,MHC,MANUFACTURED HOME COMMUNITIES IN,2.0,8.0,10.0,12,-0.007408,45.626667,1122.416633,2034.449500,441.985000,22.353500,76.377250,0.809538,0.002858,0.060062,0.411046,0.069153,0.709966,53,5.617170,4.830000,6.190000,0.346135
78947,2009,MHC,MANUFACTURED HOME COMMUNITIES IN,2.0,8.0,10.0,12,0.027983,41.240833,1167.733096,2122.681750,472.095000,19.293750,115.467000,0.772441,0.033254,0.058072,0.324190,0.095491,0.744823,52,4.573846,4.270000,5.060000,0.176459
78947,2010,MHC,MANUFACTURED HOME COMMUNITIES IN,2.0,8.0,10.0,12,0.012100,52.779167,1614.908333,2174.661500,505.037750,29.190500,222.010000,0.708509,0.072342,0.069134,0.187658,0.137878,0.724286,52,4.095577,3.570000,4.520000,0.275385
78947,2011,MHC,MANUFACTURED HOME COMMUNITIES IN,2.0,8.0,10.0,12,0.018075,62.084167,2207.914158,2139.243000,515.488000,42.423750,309.191250,0.657803,0.037927,0.077165,0.163384,0.137268,0.701759,52,3.684231,3.210000,4.290000,0.348027
78947,2012,MHC,MANUFACTURED HOME COMMUNITIES IN,2.0,8.0,10.0,12,0.003717,68.351667,2824.150792,3445.031250,608.615500,33.828250,699.350000,0.648704,0.038210,0.052447,0.099784,0.247806,0.649941,52,2.934423,2.630000,3.300000,0.206059
78947,2013,MHC,MANUFACTURED HOME COMMUNITIES IN,2.0,8.0,10.0,12,0.010133,56.352500,3100.965308,3460.761500,697.841750,68.812250,728.178750,0.659468,0.031903,0.070010,0.076973,0.235504,0.621403,52,3.100769,2.560000,3.600000,0.354538
78947,2014,MHC,MANUFACTURED HOME COMMUNITIES IN,2.0,8.0,10.0,12,0.033542,44.381667,3711.716975,3407.438750,736.979250,71.978000,762.643500,0.641836,0.018416,0.076947,0.129503,0.206848,0.502190,53,3.286038,3.080000,3.560000,0.110058
78947,2015,MHC,MANUFACTURED HOME COMMUNITIES IN,2.0,8.0,10.0,12,0.024842,57.123333,4811.926408,3453.447250,787.189500,122.831000,776.069250,0.636786,0.026815,0.087429,0.160185,0.162049,0.387941,52,3.087500,2.920000,3.250000,0.101109
78947,2016,MHC,MANUFACTURED HOME COMMUNITIES IN,2.0,8.0,10.0,12,0.009950,73.747500,6263.575675,3441.037750,830.982250,150.723500,810.406750,0.619291,0.024836,0.099753,0.171796,0.129911,0.215706,52,2.930769,2.720000,3.550000,0.213200
78947,2017,MHC,MANUFACTURED HOME COMMUNITIES IN,2.0,8.0,10.0,12,0.020175,84.300833,7335.044050,3476.442250,879.070500,176.801000,885.493750,0.596673,0.019140,0.103557,0.189461,0.121134,0.018458,52,3.272500,3.080000,3.500000,0.105865
78947,2018,MHC,MANUFACTURED HOME COMMUNITIES IN,2.0,8.0,10.0,12,0.009700,92.194167,8213.049425,3631.537750,926.471250,197.758250,1012.733250,0.609156,0.015756,0.106988,0.194443,0.123481,-0.050120,52,4.000192,3.380000,4.360000,0.207860
78947,2019,MHC,MANUFACTURED HOME COMMUNITIES IN,2.0,8.0,10.0,12,0.033733,107.958333,11391.909000,3951.050000,985.278000,237.930500,1164.552500,0.588493,0.026118,0.105126,0.190362,0.103008,0.092907,52,3.391731,3.000000,3.990000,0.299344
78947,2020,MHC,MANUFACTURED HOME COMMUNITIES IN,2.0,8.0,10.0,12,-0.004500,63.391667,11547.375625,4192.346000,1046.970000,254.672250,1245.747750,0.585216,0.017080,0.105371,0.209272,0.108380,0.273398,53,2.604906,2.170000,3.160000,0.277853
78947,2021,MHC,MANUFACTURED HOME COMMUNITIES IN,2.0,8.0,10.0,12,0.030750,75.095000,13752.141542,4572.276000,1124.573500,228.759000,1233.967250,0.612145,0.015164,0.108535,0.201002,0.091231,0.296679,52,2.271923,2.100000,2.450000,0.093934
78947,2022,MHC,MANUFACTURED HOME COMMUNITIES IN,2.0,8.0,10.0,12,-0.021900,71.190000,13241.653792,5238.531000,1330.498500,271.200500,1392.375750,0.618033,0.011607,0.113272,0.185299,0.106070,0.387834,52,4.583846,2.430000,6.380000,1.112739
78947,2023,MHC,MANUFACTURED HOME COMMUNITIES IN,2.0,8.0,10.0,12,0.011308,67.972500,12659.761917,5500.816250,1455.439500,282.841000,1441.564000,0.619700,0.005075,0.088855,0.192153,0.114063,0.480635,52,6.111731,5.140000,7.030000,0.497037
79129,2010,GGP,G G P INC,2.0,9.0,17.0,10,0.026833,15.113000,6758.525890,28067.552900,3083.565500,-975.471600,1751.188800,0.417708,0.021429,0.029858,0.014965,0.325066,2.301911,52,4.095577,3.570000,4.520000,0.275385
79129,2011,GGP,G G P INC,2.0,9.0,17.0,12,0.004608,15.202500,14537.933417,30644.078250,2745.000500,-879.677250,7701.885250,0.576347,0.026477,-0.003291,-0.142867,0.535711,2.281637,52,3.684231,3.210000,4.290000,0.348027
79129,2012,GGP,G G P INC,2.0,9.0,17.0,12,0.029117,18.228333,17096.642917,28726.690250,2535.027250,-369.429000,8553.411500,0.586844,0.017913,0.012220,-0.081062,0.506002,2.224798,52,2.934423,2.630000,3.300000,0.206059
79129,2013,GGP,G G P INC,2.0,9.0,17.0,12,0.005167,20.243333,19050.491667,26946.060000,2562.704750,-385.617750,8075.836000,0.599850,0.023524,0.027849,-0.052213,0.424954,2.151974,52,3.100769,2.560000,3.600000,0.354538
79129,2014,GGP,G G P INC,2.0,9.0,17.0,12,0.031525,23.900833,21170.524917,25584.089500,2576.421500,278.529750,7625.768750,0.625835,0.017806,0.037429,-0.003859,0.363512,1.948751,53,3.286038,3.080000,3.560000,0.110058
79129,2015,GGP,G G P INC,2.0,9.0,17.0,12,0.002117,27.520833,24355.148583,24414.885000,2685.989750,739.820750,7662.345750,0.616523,0.010145,0.039565,0.068781,0.316087,0.945488,52,3.087500,2.920000,3.250000,0.101109
79129,2016,GGP,G G P INC,2.0,9.0,17.0,12,-0.001792,27.830833,24595.685917,23755.787000,2827.238750,1098.388750,8028.145750,0.596456,0.009841,0.044005,0.137554,0.328164,0.712272,52,2.930769,2.720000,3.550000,0.213200
79129,2017,GGP,G G P INC,2.0,9.0,17.0,12,0.000450,22.567500,20197.104750,22547.708500,2628.508000,1220.430500,8362.206750,0.563307,0.018443,0.049596,0.160879,0.416737,0.368500,52,3.272500,3.080000,3.500000,0.105865
79129,2018,GGP,G G P INC,2.0,9.0,17.0,12,-0.017525,20.085833,12747.950658,23266.691000,2564.861750,636.426500,8327.739250,0.568924,0.011315,0.055852,0.108783,1.697987,0.500420,52,4.000192,3.380000,4.360000,0.207860
79129,2019,GGP,G G P INC,2.0,9.0,17.0,12,0.019233,19.279583,1621.364967,18998.905750,2604.254500,3982.135750,2713.749000,0.709914,0.014379,0.024993,0.760675,1.694197,0.734369,52,3.391731,3.000000,3.990000,0.299344
79129,2020,GGP,G G P INC,2.0,9.0,17.0,12,0.010183,12.845417,662.080797,21276.148750,1774.767500,277.620000,2512.771500,0.751193,0.012774,0.016287,0.608660,4.099806,1.175896,53,2.604906,2.170000,3.160000,0.277853
79129,2021,GGP,G G P INC,2.0,9.0,17.0,6,0.044450,18.069167,697.308308,21965.842500,1468.513500,-255.545000,2517.404000,0.751751,0.014472,0.001673,0.077166,3.615629,1.230333,52,2.271923,2.100000,2.450000,0.093934
79233,2000,HR,HEALTHCARE REALTY TRUST INC,2.0,3.0,6.0,12,0.040350,18.546875,744.373452,1611.392250,187.306250,84.775750,995.808500,0.353515,0.002717,0.058017,0.065875,1.347345,0.312078,52,7.718269,6.790000,8.310000,0.313048
79233,2001,HR,HEALTHCARE REALTY TRUST INC,2.0,3.0,6.0,12,0.031567,25.300833,1029.288312,1593.078750,195.681750,81.066500,986.841500,0.344954,0.007951,0.071314,0.081396,0.964586,0.224778,52,6.502308,5.940000,6.780000,0.221436
79233,2002,HR,HEALTHCARE REALTY TRUST INC,2.0,3.0,6.0,12,0.010742,30.473333,1276.189475,1553.675250,194.615000,79.665250,986.211750,0.329795,0.002532,0.063035,0.079032,0.774130,0.207727,52,5.982692,5.320000,6.690000,0.437498
79233,2003,HR,HEALTHCARE REALTY TRUST INC,2.0,3.0,6.0,12,0.025950,30.598333,1294.360708,1486.645500,193.439750,70.918500,907.213250,0.367647,0.002774,0.074876,0.077909,0.711035,0.218857,53,5.170943,4.600000,5.770000,0.273188
79233,2004,HR,HEALTHCARE REALTY TRUST INC,2.0,3.0,6.0,12,0.018925,39.011667,1754.855833,1596.999000,194.128250,62.269000,898.171500,0.412693,0.010392,0.059692,0.077740,0.515707,0.207037,52,5.206154,4.690000,5.720000,0.269023
79233,2005,HR,HEALTHCARE REALTY TRUST INC,2.0,3.0,6.0,12,-0.009642,37.654167,1797.244692,1758.065000,229.481500,44.472250,984.009250,0.410092,0.002100,0.071421,0.065594,0.549234,0.326462,52,5.417885,5.100000,5.900000,0.239970
79233,2006,HR,HEALTHCARE REALTY TRUST INC,2.0,3.0,6.0,12,0.022308,36.698333,1754.221567,1743.843250,245.518250,32.165000,903.514000,0.447135,0.002703,0.061183,0.057266,0.518754,0.518487,52,6.066346,5.670000,6.440000,0.195629
79233,2007,HR,HEALTHCARE REALTY TRUST INC,2.0,3.0,6.0,12,-0.017000,30.428333,1478.454000,1643.675750,227.933500,21.489750,718.259000,0.488470,0.001509,0.063227,0.052111,0.489562,0.764471,52,6.025192,5.650000,6.430000,0.193528
79233,2008,HR,HEALTHCARE REALTY TRUST INC,2.0,3.0,6.0,12,0.007258,25.788333,1369.073917,1494.933750,203.212500,14.082500,628.644250,0.527378,0.006781,0.060850,0.075481,0.464562,0.848125,53,5.617170,4.830000,6.190000,0.346135
79233,2009,HR,HEALTHCARE REALTY TRUST INC,2.0,3.0,6.0,12,0.007117,18.554167,1100.165888,1783.840500,221.661750,19.359500,794.472500,0.489475,0.003684,0.059866,0.070197,0.738545,0.791160,52,4.573846,4.270000,5.060000,0.176459
79233,2010,HR,HEALTHCARE REALTY TRUST INC,2.0,3.0,6.0,12,0.005192,22.534167,1408.883167,1919.619000,253.588000,24.154500,793.366250,0.532150,0.003438,0.055516,0.059737,0.565199,0.777325,52,4.095577,3.570000,4.520000,0.275385
79233,2011,HR,HEALTHCARE REALTY TRUST INC,2.0,3.0,6.0,12,-0.003633,20.127500,1463.466592,2277.516250,264.099250,-0.543250,894.393750,0.558667,0.015558,0.034337,0.032759,0.615272,0.764493,52,3.684231,3.210000,4.290000,0.348027
79233,2012,HR,HEALTHCARE REALTY TRUST INC,2.0,3.0,6.0,12,0.027150,22.846667,1849.206242,2496.143250,295.025750,0.310250,994.826500,0.556627,0.001851,0.040238,0.003948,0.543413,0.757614,52,2.934423,2.630000,3.300000,0.206059
79233,2013,HR,HEALTHCARE REALTY TRUST INC,2.0,3.0,6.0,12,-0.003792,25.113333,2316.560350,2565.847000,311.150750,-4.433250,1146.027750,0.508462,0.010533,0.043131,0.002755,0.497820,0.767978,52,3.100769,2.560000,3.600000,0.354538
79233,2014,HR,HEALTHCARE REALTY TRUST INC,2.0,3.0,6.0,12,0.025900,25.006667,2422.568450,2711.439750,338.579750,-3.275000,1234.908250,0.497914,0.003998,0.045283,0.005290,0.511511,0.674519,53,3.286038,3.080000,3.560000,0.110058
79233,2015,HR,HEALTHCARE REALTY TRUST INC,2.0,3.0,6.0,12,0.008550,26.062500,2606.449892,2756.965250,374.240000,34.794000,1224.543750,0.511445,0.002176,0.047882,0.017561,0.473005,0.600145,52,3.087500,2.920000,3.250000,0.101109
79233,2016,HR,HEALTHCARE REALTY TRUST INC,2.0,3.0,6.0,12,0.010175,31.905833,3524.491400,2820.522750,391.217500,56.962000,1278.723000,0.500508,0.002113,0.056788,0.043474,0.367450,0.410062,52,2.930769,2.720000,3.550000,0.213200
79233,2017,HR,HEALTHCARE REALTY TRUST INC,2.0,3.0,6.0,12,0.008208,32.577500,3898.281025,3007.525500,413.258500,92.057750,1646.894000,0.414345,0.015234,0.052701,0.053470,0.423219,0.108213,52,3.272500,3.080000,3.500000,0.105865
79233,2018,HR,HEALTHCARE REALTY TRUST INC,2.0,3.0,6.0,12,-0.004492,28.792500,3604.278325,3184.349750,430.292750,37.318750,1796.687250,0.399690,0.017016,0.058263,0.029090,0.499838,0.124466,52,4.000192,3.380000,4.360000,0.207860
79233,2019,HR,HEALTHCARE REALTY TRUST INC,2.0,3.0,6.0,12,0.017550,32.544167,4206.913242,3295.850000,450.645000,45.949000,1758.029250,0.431036,0.002836,0.061785,0.029085,0.418475,0.309969,52,3.391731,3.000000,3.990000,0.299344
79233,2020,HR,HEALTHCARE REALTY TRUST INC,2.0,3.0,6.0,12,-0.003908,30.236667,4089.178808,3633.653750,475.643750,53.930500,1873.489750,0.446345,0.010713,0.060144,0.028965,0.460866,0.427637,53,2.604906,2.170000,3.160000,0.277853
79233,2021,HR,HEALTHCARE REALTY TRUST INC,2.0,3.0,6.0,12,0.010067,30.800000,4404.111067,3835.623750,503.405250,79.712500,1985.778500,0.444866,0.015271,0.122655,0.030208,0.451334,0.453516,52,2.271923,2.100000,2.450000,0.093934
79233,2022,HR,HEALTHCARE REALTY TRUST INC,2.0,3.0,6.0,6,-0.018200,27.988333,4213.506500,4164.059000,528.996000,47.924000,2150.224500,0.447544,0.003513,0.055422,0.035963,0.511595,0.457620,52,4.583846,2.430000,6.380000,1.112739
79238,2000,SKT,TANGER FACTORY OUTLET CENTERS IN,2.0,9.0,17.0,12,0.019925,21.526042,169.576257,480.861250,104.814250,13.789250,104.158500,0.672383,0.000563,0.084347,0.127593,0.617176,0.156065,52,7.718269,6.790000,8.310000,0.313048
79238,2001,SKT,TANGER FACTORY OUTLET CENTERS IN,2.0,9.0,17.0,12,0.002625,21.554167,170.783732,486.320750,108.751500,5.285500,88.164750,0.719447,0.000650,0.077458,0.087950,0.516546,0.121171,52,6.502308,5.940000,6.780000,0.221436
79238,2002,SKT,TANGER FACTORY OUTLET CENTERS IN,2.0,9.0,17.0,12,0.042583,27.575833,230.262592,473.770750,108.990500,6.159500,74.477750,0.759202,0.000594,0.088408,0.074094,0.329823,0.155436,52,5.982692,5.320000,6.690000,0.437498
79238,2003,SKT,TANGER FACTORY OUTLET CENTERS IN,2.0,9.0,17.0,12,0.030200,34.652500,350.264254,475.515500,112.788250,8.919250,89.859500,0.717926,0.000888,0.090531,0.109645,0.267790,0.153329,53,5.170943,4.600000,5.770000,0.273188
79238,2004,SKT,TANGER FACTORY OUTLET CENTERS IN,2.0,9.0,17.0,12,0.029075,41.506667,590.510555,851.173000,132.472250,10.971500,151.996750,0.577508,0.007589,0.067991,0.095372,0.258742,0.102442,52,5.206154,4.690000,5.720000,0.269023
79238,2005,SKT,TANGER FACTORY OUTLET CENTERS IN,2.0,9.0,17.0,12,0.012933,25.933333,737.205233,935.452500,191.675250,5.927750,153.392750,0.529560,0.010874,0.087589,0.057486,0.212529,0.250437,52,5.417885,5.100000,5.900000,0.239970
79238,2006,SKT,TANGER FACTORY OUTLET CENTERS IN,2.0,9.0,17.0,12,0.030650,34.488333,1066.814146,994.760500,201.560000,11.412500,202.171500,0.600283,0.008665,0.082500,0.033427,0.190953,0.413758,52,6.066346,5.670000,6.440000,0.195629
79238,2007,SKT,TANGER FACTORY OUTLET CENTERS IN,2.0,9.0,17.0,12,0.002650,39.595000,1237.290867,1038.800250,214.989500,24.041250,196.007250,0.654409,0.007958,0.086349,0.119856,0.159001,0.556801,52,6.025192,5.650000,6.430000,0.193528
79238,2008,SKT,TANGER FACTORY OUTLET CENTERS IN,2.0,9.0,17.0,12,0.005883,38.144167,1203.076750,1071.623000,231.948500,28.212250,171.337000,0.674839,0.001930,0.089696,0.173542,0.143060,0.718524,53,5.617170,4.830000,6.190000,0.346135
79238,2009,SKT,TANGER FACTORY OUTLET CENTERS IN,2.0,9.0,17.0,12,0.010250,34.473333,1243.591720,1161.643500,249.660000,42.815000,197.103750,0.676891,0.003666,0.091817,0.175186,0.158839,0.595911,52,4.573846,4.270000,5.060000,0.176459
79238,2010,SKT,TANGER FACTORY OUTLET CENTERS IN,2.0,9.0,17.0,12,0.026658,44.406667,1795.991150,1175.875250,269.833500,43.827250,381.788500,0.500723,0.003044,0.105595,0.163614,0.214315,0.505563,52,4.095577,3.570000,4.520000,0.275385
79238,2011,SKT,TANGER FACTORY OUTLET CENTERS IN,2.0,9.0,17.0,12,0.014650,27.356667,2292.015725,1250.081500,278.705500,38.247750,363.985750,0.584040,0.005295,0.098789,0.116807,0.159479,0.456021,52,3.684231,3.210000,4.290000,0.348027
79238,2012,SKT,TANGER FACTORY OUTLET CENTERS IN,2.0,9.0,17.0,12,0.015542,31.626667,2925.422258,1623.209500,320.189000,44.636500,471.616000,0.632058,0.005250,0.087496,0.095432,0.161747,0.427930,52,2.934423,2.630000,3.300000,0.206059
79238,2013,SKT,TANGER FACTORY OUTLET CENTERS IN,2.0,9.0,17.0,12,-0.002358,33.985000,3205.712800,1666.302750,356.679250,57.001500,480.984500,0.653942,0.004206,0.096476,0.104723,0.150434,0.424553,52,3.100769,2.560000,3.600000,0.354538
79238,2014,SKT,TANGER FACTORY OUTLET CENTERS IN,2.0,9.0,17.0,12,0.014992,35.029167,3349.261242,2026.732000,403.478500,106.666000,520.724500,0.667624,0.006890,0.092736,0.166090,0.155684,0.324300,53,3.286038,3.080000,3.560000,0.110058
79238,2015,SKT,TANGER FACTORY OUTLET CENTERS IN,2.0,9.0,17.0,12,-0.005775,33.910833,3248.276683,2138.868500,430.483000,86.465250,504.849750,0.685910,0.006933,0.092755,0.172710,0.155824,0.289875,52,3.087500,2.920000,3.250000,0.101109
79238,2016,SKT,TANGER FACTORY OUTLET CENTERS IN,2.0,9.0,17.0,12,0.012600,36.444167,3499.872450,2281.866000,453.941250,197.105500,575.035000,0.677346,0.027476,0.096647,0.276281,0.165163,0.320971,52,2.930769,2.720000,3.550000,0.213200
79238,2017,SKT,TANGER FACTORY OUTLET CENTERS IN,2.0,9.0,17.0,12,-0.018183,27.717500,2650.931292,2539.099000,480.997500,201.345000,657.865500,0.673566,0.005562,0.093532,0.321635,0.252838,0.408232,52,3.272500,3.080000,3.500000,0.105865
79238,2018,SKT,TANGER FACTORY OUTLET CENTERS IN,2.0,9.0,17.0,12,-0.015325,22.779167,2146.357683,2519.001500,493.203000,64.792250,567.525250,0.702508,0.002233,0.099322,0.188656,0.265207,0.534712,52,4.000192,3.380000,4.360000,0.207860
79238,2019,SKT,TANGER FACTORY OUTLET CENTERS IN,2.0,9.0,17.0,12,-0.016775,17.343333,1625.091742,2376.027750,496.354250,64.038000,486.796500,0.716926,0.002366,0.103837,0.101753,0.306241,0.712958,52,3.391731,3.000000,3.990000,0.299344
79238,2020,SKT,TANGER FACTORY OUTLET CENTERS IN,2.0,9.0,17.0,12,0.021658,8.013333,747.207586,2491.282250,464.274000,42.008750,387.473500,0.763449,0.089114,0.082702,0.156182,0.566986,1.619145,53,2.604906,2.170000,3.160000,0.277853
79238,2021,SKT,TANGER FACTORY OUTLET CENTERS IN,2.0,9.0,17.0,12,0.071383,17.184167,1727.611792,2191.377250,397.895250,-17.482000,408.710250,0.730773,0.046894,0.083436,0.022513,0.236659,2.188341,52,2.271923,2.100000,2.450000,0.093934
79238,2022,SKT,TANGER FACTORY OUTLET CENTERS IN,2.0,9.0,17.0,12,0.006567,16.625833,1734.049433,2149.005500,440.695250,18.461500,478.864250,0.692841,0.075764,0.099450,-0.033148,0.278714,2.056995,52,4.583846,2.430000,6.380000,1.112739
79238,2023,SKT,TANGER FACTORY OUTLET CENTERS IN,2.0,9.0,17.0,12,0.041900,22.014167,2311.584692,2189.173500,456.263750,83.329250,488.871750,0.688519,0.103733,0.097613,0.105317,0.214492,1.915321,52,6.111731,5.140000,7.030000,0.497037
79332,2000,KPT,KONOVER PROPERTY TRUST INC,2.0,9.0,17.0,12,-0.016617,4.880208,151.685269,712.647000,86.776750,-6.243250,303.327750,0.501960,0.022932,0.044123,-0.009770,2.024650,0.655633,52,7.718269,6.790000,8.310000,0.313048
79332,2001,KPT,KONOVER PROPERTY TRUST INC,2.0,9.0,17.0,12,-0.073750,2.795000,87.548456,675.474750,81.569250,-60.605500,225.778500,0.594548,0.028548,0.028567,-0.091639,2.852317,0.431362,52,6.502308,5.940000,6.780000,0.221436
79332,2002,KPT,KONOVER PROPERTY TRUST INC,2.0,9.0,17.0,10,0.034740,1.910000,60.705985,385.296200,66.802600,-120.528600,124.251800,0.583206,0.063148,0.000516,-0.595859,2.066040,0.452780,52,5.982692,5.320000,6.690000,0.437498
79449,2000,PPS,POST PROPERTIES INC,2.0,8.0,2.0,12,0.008050,40.442708,1587.783600,2385.292500,353.718000,106.582750,1061.385000,0.424248,0.005541,0.066019,0.092824,0.674292,0.114659,52,7.718269,6.790000,8.310000,0.313048
79449,2001,PPS,POST PROPERTIES INC,2.0,8.0,2.0,12,0.003225,36.470833,1405.686842,2554.259000,396.987750,101.756250,1028.787500,0.474598,0.004712,0.071859,0.098138,0.733535,0.131361,52,6.502308,5.940000,6.780000,0.221436
79449,2002,PPS,POST PROPERTIES INC,2.0,8.0,2.0,12,-0.022217,29.289167,1080.212023,2530.496750,360.758750,77.689000,865.282750,0.524626,0.003319,0.061576,0.096970,0.815305,0.139038,52,5.982692,5.320000,6.690000,0.437498
79449,2003,PPS,POST PROPERTIES INC,2.0,8.0,2.0,12,0.019525,26.377500,989.283508,2445.725000,301.248750,12.864000,784.429500,0.555307,0.002591,0.047666,0.082684,0.798053,0.183256,53,5.170943,4.600000,5.770000,0.273188
79449,2004,PPS,POST PROPERTIES INC,2.0,8.0,2.0,12,0.024783,29.982500,1190.759625,2209.668250,290.508500,-14.523500,756.485750,0.533853,0.009954,0.043941,0.040729,0.637299,0.190023,52,5.206154,4.690000,5.720000,0.269023
79449,2005,PPS,POST PROPERTIES INC,2.0,8.0,2.0,12,0.017467,35.994167,1447.048450,2066.688750,288.827500,-18.931500,771.268250,0.544674,0.002823,0.035670,0.072708,0.538127,0.281350,52,5.417885,5.100000,5.900000,0.239970
79449,2006,PPS,POST PROPERTIES INC,2.0,8.0,2.0,12,0.015300,45.639167,1950.329842,2031.019750,291.135750,5.654500,872.041500,0.496293,0.006050,0.042451,0.140634,0.448484,0.339170,52,6.066346,5.670000,6.440000,0.195629
79449,2007,PPS,POST PROPERTIES INC,2.0,8.0,2.0,12,-0.015200,44.120833,1924.826575,2106.030750,291.725750,41.062750,940.877000,0.478473,0.004772,0.044351,0.129022,0.500217,0.454732,52,6.025192,5.650000,6.430000,0.193528
79449,2008,PPS,POST PROPERTIES INC,2.0,8.0,2.0,12,-0.048075,30.885000,1360.491111,2228.297750,292.538000,75.090750,1001.340500,0.472371,0.008539,0.040956,0.142687,0.815367,0.607627,53,5.617170,4.830000,6.190000,0.346135
79449,2009,PPS,POST PROPERTIES INC,2.0,8.0,2.0,12,0.031917,14.835000,680.954012,2226.528750,264.460500,-82.505000,951.565000,0.486584,0.014712,0.039376,0.065234,1.493524,1.165276,52,4.573846,4.270000,5.060000,0.176459
79449,2010,PPS,POST PROPERTIES INC,2.0,8.0,2.0,12,0.058925,26.024167,1266.217328,2192.459750,221.661500,-91.409500,978.834500,0.463591,0.022525,0.031615,-0.005502,0.809429,1.277276,52,4.095577,3.570000,4.520000,0.275385
79449,2011,PPS,POST PROPERTIES INC,2.0,8.0,2.0,12,0.020517,40.205833,2013.815317,2108.311750,307.259750,2.686250,935.740750,0.488091,0.010753,0.037410,-0.005521,0.467190,1.334196,52,3.684231,3.210000,4.290000,0.348027
79449,2012,PPS,POST PROPERTIES INC,2.0,8.0,2.0,12,0.013433,48.319167,2602.075517,2164.595000,313.547500,37.613000,1048.568250,0.451393,0.021792,0.048681,0.011183,0.403798,1.276304,52,2.934423,2.630000,3.300000,0.206059
79449,2013,PPS,POST PROPERTIES INC,2.0,8.0,2.0,12,-0.005258,46.722500,2545.426625,2353.114500,340.301000,79.902250,1116.177250,0.461131,0.041910,0.056613,0.053859,0.439687,1.241291,52,3.100769,2.560000,3.600000,0.354538
79449,2014,PPS,POST PROPERTIES INC,2.0,8.0,2.0,12,0.025117,52.769167,2868.867733,2351.787250,367.746000,83.927000,1140.336250,0.453976,0.026508,0.063857,0.087161,0.399054,0.925386,53,3.286038,3.080000,3.560000,0.110058
79449,2015,PPS,POST PROPERTIES INC,2.0,8.0,2.0,12,0.003650,57.612500,3137.724000,2314.756750,380.052750,209.908250,1274.241500,0.385392,0.060551,0.072243,0.137529,0.406349,0.574838,52,3.087500,2.920000,3.250000,0.101109
79449,2016,PPS,POST PROPERTIES INC,2.0,8.0,2.0,11,0.011400,61.686364,3304.888682,2276.739818,388.215364,80.729909,1213.212455,0.397464,0.013517,0.075978,0.111461,0.368618,0.315970,52,2.930769,2.720000,3.550000,0.213200
79524,2000,RFSI,R F S HOTEL INVESTORS INC,2.0,5.0,9.0,12,0.031258,12.151042,299.009502,692.201250,89.630000,23.622250,348.979500,0.417981,0.003127,0.092531,0.095183,1.174745,0.352887,52,7.718269,6.790000,8.310000,0.313048
79524,2001,RFSI,R F S HOTEL INVESTORS INC,2.0,5.0,9.0,12,0.002650,13.262500,330.747201,689.999750,136.900250,17.569000,318.629500,0.438489,0.017961,0.065007,0.091901,0.979116,0.331603,52,6.502308,5.940000,6.780000,0.221436
79524,2002,RFSI,R F S HOTEL INVESTORS INC,2.0,5.0,9.0,12,0.006658,12.813333,360.836986,670.642250,213.230250,1.376750,298.438000,0.448341,0.014136,0.041079,0.009280,0.837385,0.465801,52,5.982692,5.320000,6.690000,0.437498
79524,2003,RFSI,R F S HOTEL INVESTORS INC,2.0,5.0,9.0,6,0.028533,10.851667,313.396932,649.702000,199.876000,-0.613500,306.299500,0.450548,0.007521,0.054954,-0.041437,0.992009,0.521767,53,5.170943,4.600000,5.770000,0.273188
79542,2000,XEL,EXCEL REALTY TRUST INC,2.0,9.0,17.0,12,-0.001392,13.937500,1225.838425,2953.599100,397.579100,132.278400,1603.470400,0.416331,0.005461,0.057242,0.092779,1.316154,0.013212,52,7.718269,6.790000,8.310000,0.313048
79542,2001,XEL,EXCEL REALTY TRUST INC,2.0,9.0,17.0,12,0.041458,16.718333,1459.463675,2892.826500,368.240750,108.893000,1549.220500,0.420597,0.002951,0.064160,0.084812,1.069133,0.045813,52,6.502308,5.940000,6.780000,0.221436
79542,2002,XEL,EXCEL REALTY TRUST INC,2.0,9.0,17.0,12,0.008242,19.345000,1843.784758,2981.294250,335.095500,79.390500,1546.522750,0.423261,0.015390,0.067498,0.074050,0.840358,0.062614,52,5.982692,5.320000,6.690000,0.437498
79542,2003,XEL,EXCEL REALTY TRUST INC,2.0,9.0,17.0,12,0.028292,21.690000,2108.822092,3459.104250,414.811000,38.089250,1578.142500,0.489536,0.009973,0.072093,0.074615,0.754479,0.039666,53,5.170943,4.600000,5.770000,0.273188
79542,2004,XEL,EXCEL REALTY TRUST INC,2.0,9.0,17.0,12,0.015450,25.194167,2527.049700,3615.340500,483.012250,102.429000,1604.293000,0.503811,0.007715,0.061217,0.079786,0.637438,0.049508,52,5.206154,4.690000,5.720000,0.269023
79542,2005,XEL,EXCEL REALTY TRUST INC,2.0,9.0,17.0,12,0.002250,25.065833,2589.698658,3869.945000,498.115750,126.755750,1638.786000,0.521854,0.008480,0.061344,0.081530,0.635043,0.199028,52,5.417885,5.100000,5.900000,0.239970
79542,2006,XEL,EXCEL REALTY TRUST INC,2.0,9.0,17.0,12,0.018258,26.160000,2729.881300,3362.708250,480.676000,278.664750,1476.345250,0.488814,0.008693,0.065226,0.153841,0.542278,0.300224,52,6.066346,5.670000,6.440000,0.195629
79542,2007,XEL,EXCEL REALTY TRUST INC,2.0,9.0,17.0,3,0.072100,31.846667,3296.904633,3459.451000,457.635000,110.865000,1446.948000,0.514797,0.009635,0.060609,0.205397,0.440608,0.342494,52,6.025192,5.650000,6.430000,0.193528
79548,2000,TEE,NATIONAL GOLF PROPERTIES INC,2.0,1.0,1.0,12,0.012083,20.625000,268.378001,780.011500,114.244500,16.483750,125.518750,0.579342,0.003229,0.089781,0.135309,0.468657,0.337205,52,7.718269,6.790000,8.310000,0.313048
79548,2001,TEE,NATIONAL GOLF PROPERTIES INC,2.0,1.0,1.0,12,-0.046358,19.875000,258.423547,767.626750,125.948750,19.809250,120.073000,0.592861,0.001975,0.100032,0.152220,0.533466,0.397063,52,6.502308,5.940000,6.780000,0.221436
79548,2002,TEE,NATIONAL GOLF PROPERTIES INC,2.0,1.0,1.0,12,0.047742,9.650000,126.626070,740.633250,118.644250,-1.265250,109.604250,0.596726,0.058147,0.093053,0.064343,0.906448,0.369585,52,5.982692,5.320000,6.690000,0.437498
79548,2003,TEE,NATIONAL GOLF PROPERTIES INC,2.0,1.0,1.0,1,-0.046800,11.200000,146.944000,690.683000,99.443000,-21.083000,113.492000,0.537332,0.107572,0.061685,-0.003612,0.772349,0.238065,53,5.170943,4.600000,5.770000,0.273188
79558,2000,BFS,SAUL CENTERS INC,2.0,9.0,17.0,12,0.033842,15.859375,214.540277,306.109750,74.430000,12.999250,,1.028670,0.009823,0.111350,-0.345487,,0.215325,52,7.718269,6.790000,8.310000,0.313048
79558,2001,BFS,SAUL CENTERS INC,2.0,9.0,17.0,12,0.019025,19.021667,269.269220,335.390250,80.048250,14.630500,,1.025615,0.007994,0.093684,-0.436877,,0.071541,52,6.502308,5.940000,6.780000,0.221436
79558,2002,BFS,SAUL CENTERS INC,2.0,9.0,17.0,12,0.016167,23.218333,344.732419,351.148750,87.326500,18.213250,,1.011013,0.004600,0.092300,-0.606518,,0.054750,52,5.982692,5.320000,6.690000,0.437498
79558,2003,BFS,SAUL CENTERS INC,2.0,9.0,17.0,12,0.021575,25.605000,398.716740,388.582000,93.938750,18.496000,,0.976754,0.002981,0.095319,-1.159350,,0.029388,53,5.170943,4.600000,5.770000,0.273188
79558,2004,BFS,SAUL CENTERS INC,2.0,9.0,17.0,12,0.033075,31.328333,506.195459,480.872750,99.879750,20.594500,,0.811466,0.033041,0.077775,-2.140184,,0.049656,52,5.206154,4.690000,5.720000,0.269023
79558,2005,BFS,SAUL CENTERS INC,2.0,9.0,17.0,12,0.000758,35.158333,585.649122,582.683000,114.681000,26.344500,3.270000,0.771556,0.040956,0.089307,14.748569,0.005395,0.141623,52,5.417885,5.100000,5.900000,0.239970
79558,2006,BFS,SAUL CENTERS INC,2.0,9.0,17.0,12,0.042892,43.798333,746.791787,642.388750,128.542750,29.591500,11.552250,0.762075,0.018538,0.091962,12.806804,0.015585,0.393516,52,6.066346,5.670000,6.440000,0.195629
79558,2007,BFS,SAUL CENTERS INC,2.0,9.0,17.0,12,0.002492,52.073333,915.052881,699.679500,139.636500,33.304500,32.759750,0.743474,0.012683,0.092484,1.660968,0.036180,0.537773,52,6.025192,5.650000,6.430000,0.193528
79558,2008,BFS,SAUL CENTERS INC,2.0,9.0,17.0,12,-0.015933,45.933333,816.176473,786.065250,151.634250,37.050750,47.365250,0.699992,0.023891,0.091261,0.863234,0.058816,0.696011,53,5.617170,4.830000,6.190000,0.346135
79558,2009,BFS,SAUL CENTERS INC,2.0,9.0,17.0,12,-0.000658,30.375000,542.773171,871.791000,160.198500,39.006000,44.568250,0.671068,0.027511,0.083137,0.821385,0.083214,0.876132,52,4.573846,4.270000,5.060000,0.176459
79558,2010,BFS,SAUL CENTERS INC,2.0,9.0,17.0,12,0.035933,40.785000,743.845191,933.191000,162.869750,36.968500,46.721000,0.687344,0.022174,0.072669,0.834730,0.062978,0.809612,52,4.095577,3.570000,4.520000,0.275385
79558,2011,BFS,SAUL CENTERS INC,2.0,9.0,17.0,12,-0.020050,39.649167,744.185699,1014.911500,163.629750,32.305750,60.759500,0.702730,0.019523,0.058094,0.690834,0.082978,0.767501,52,3.684231,3.210000,4.290000,0.348027
79558,2012,BFS,SAUL CENTERS INC,2.0,9.0,17.0,12,0.019392,41.225833,806.854767,1193.910000,176.467500,27.480000,72.132500,0.695462,0.015047,0.053516,0.473849,0.089618,0.744693,52,2.934423,2.630000,3.300000,0.206059
79558,2013,BFS,SAUL CENTERS INC,2.0,9.0,17.0,12,0.012208,45.225000,912.140667,1198.424500,191.220750,27.499250,84.941000,0.690495,0.013980,0.060831,0.378287,0.093210,0.790389,52,3.100769,2.560000,3.600000,0.354538
79558,2014,BFS,SAUL CENTERS INC,2.0,9.0,17.0,12,0.019475,49.516667,1023.083863,1207.468000,199.781750,34.931000,99.374750,0.679231,0.013678,0.063212,0.343625,0.097362,0.594177,53,3.286038,3.080000,3.560000,0.110058
79558,2015,BFS,SAUL CENTERS INC,2.0,9.0,17.0,12,-0.004650,52.831667,1112.393400,1268.542250,205.039250,45.338500,114.401500,0.672061,0.009656,0.070140,0.376384,0.103116,0.534468,52,3.087500,2.920000,3.250000,0.101109
79558,2016,BFS,SAUL CENTERS INC,2.0,9.0,17.0,12,0.026200,59.547500,1265.202675,1299.546250,211.336250,43.707750,125.584250,0.666892,0.008705,0.070225,0.374678,0.100210,0.529054,52,2.930769,2.720000,3.550000,0.213200
79558,2017,BFS,SAUL CENTERS INC,2.0,9.0,17.0,12,-0.003008,61.130000,1323.673892,1373.672250,218.314500,45.824000,140.741000,0.673267,0.007309,0.066747,0.334178,0.106443,0.561590,52,3.272500,3.080000,3.500000,0.105865
79558,2018,BFS,SAUL CENTERS INC,2.0,9.0,17.0,12,-0.014908,51.877500,1154.133942,1430.452250,225.599250,47.933000,153.733250,0.673168,0.006246,0.068819,0.318526,0.133917,0.664050,52,4.000192,3.380000,4.360000,0.207860
79558,2019,BFS,SAUL CENTERS INC,2.0,9.0,17.0,12,0.014608,53.596667,1225.489992,1537.154250,229.593500,50.979000,177.696000,0.668051,0.007336,0.073288,0.297863,0.145129,0.883929,52,3.391731,3.000000,3.990000,0.299344
79558,2020,BFS,SAUL CENTERS INC,2.0,9.0,17.0,12,-0.030000,32.778333,761.137329,1649.145000,229.509250,50.268250,189.039500,0.667744,0.024787,0.066189,0.278557,0.257017,0.910319,53,2.604906,2.170000,3.160000,0.277853
79558,2021,BFS,SAUL CENTERS INC,2.0,9.0,17.0,12,0.050392,43.577500,1026.372331,1699.545500,227.496750,40.834250,218.844500,0.680181,0.016391,0.052716,0.244799,0.214288,0.982858,52,2.271923,2.100000,2.450000,0.093934
79558,2022,BFS,SAUL CENTERS INC,2.0,9.0,17.0,12,-0.013292,46.224167,1102.339503,1756.074750,240.526750,49.303000,229.822500,0.653815,0.007121,0.067037,0.222104,0.210212,0.938445,52,4.583846,2.430000,6.380000,1.112739
79558,2023,BFS,SAUL CENTERS INC,2.0,9.0,17.0,12,0.004008,37.514167,897.543660,1854.504750,246.776250,50.394000,214.312500,0.670506,0.006317,0.065144,0.227505,0.239577,0.952387,52,6.111731,5.140000,7.030000,0.497037
79753,2000,URB,URBAN SHOPPING CENTERS INC,2.0,9.0,15.0,10,0.068860,34.762500,615.002161,1832.036800,258.290500,31.334700,273.636700,0.593755,0.004932,0.061533,0.092032,0.460859,0.153047,52,7.718269,6.790000,8.310000,0.313048
79755,2000,CAX,COMMERCIAL ASSETS INC DEL,2.0,8.0,10.0,7,0.026757,5.008929,52.030464,97.873714,6.449714,2.676000,74.345714,0.213327,0.191469,0.032554,0.041550,1.430250,0.280081,52,7.718269,6.790000,8.310000,0.313048
79770,2000,LXP,L X P INDUSTRIAL TRUST,2.0,2.0,4.0,12,0.032358,11.119792,190.497191,656.707750,77.547000,21.605750,175.782750,0.579930,0.010759,0.061433,0.106705,0.924792,0.244805,52,7.718269,6.790000,8.310000,0.313048
79770,2001,LXP,L X P INDUSTRIAL TRUST,2.0,2.0,4.0,12,0.032083,14.052500,272.652947,669.178000,80.346750,21.764000,176.546500,0.591393,0.009466,0.059894,0.123531,0.665003,0.225527,52,6.502308,5.940000,6.780000,0.221436
79770,2002,LXP,L X P INDUSTRIAL TRUST,2.0,2.0,4.0,12,0.009675,15.797500,426.026018,781.281250,85.389750,22.467000,265.836000,0.547786,0.020224,0.059594,0.091805,0.626915,0.179885,52,5.982692,5.320000,6.690000,0.437498
79770,2003,LXP,L X P INDUSTRIAL TRUST,2.0,2.0,4.0,12,0.026575,18.076667,633.042098,932.798500,101.380500,27.640000,349.803000,0.529371,0.029610,0.061856,0.081816,0.563136,0.116344,53,5.170943,4.600000,5.770000,0.273188
79770,2004,LXP,L X P INDUSTRIAL TRUST,2.0,2.0,4.0,12,0.016550,20.966667,973.212536,1314.640000,121.503750,31.617500,550.150000,0.460956,0.041086,0.062006,0.077267,0.561358,0.081337,52,5.206154,4.690000,5.720000,0.269023
79770,2005,LXP,L X P INDUSTRIAL TRUST,2.0,2.0,4.0,12,0.001083,22.548333,1135.830667,1778.973500,154.030500,36.831500,636.329750,0.482289,0.065920,0.051624,0.068693,0.561989,0.168503,52,5.417885,5.100000,5.900000,0.239970
79770,2006,LXP,L X P INDUSTRIAL TRUST,2.0,2.0,4.0,12,0.013233,21.317500,1126.456350,2169.164250,196.764750,19.677000,664.024250,0.536174,0.026524,0.051914,0.057884,0.590122,0.192015,52,6.066346,5.670000,6.440000,0.195629
79770,2007,LXP,L X P INDUSTRIAL TRUST,2.0,2.0,4.0,12,-0.016900,19.752500,1308.899911,4266.970000,237.591500,-1.602500,764.599250,0.512939,0.026796,0.039017,0.025554,0.595317,0.292777,52,6.025192,5.650000,6.430000,0.193528
79770,2008,LXP,L X P INDUSTRIAL TRUST,2.0,2.0,4.0,12,-0.050050,12.655000,824.125443,4987.768250,451.975250,0.256500,599.357250,0.576269,0.050047,0.056834,0.083320,0.792160,0.683350,53,5.617170,4.830000,6.190000,0.346135
79770,2009,LXP,L X P INDUSTRIAL TRUST,2.0,2.0,4.0,12,0.057625,4.224167,463.377796,4038.150250,337.077750,-46.055000,884.833500,0.585095,0.023530,0.052607,0.061654,1.988709,1.501150,52,4.573846,4.270000,5.060000,0.176459
79770,2010,LXP,L X P INDUSTRIAL TRUST,2.0,2.0,4.0,12,0.029733,6.795833,896.858503,3582.777250,274.601500,-99.070500,903.050250,0.577612,0.026577,0.043800,-0.135810,1.025731,1.718025,52,4.095577,3.570000,4.520000,0.275385
79770,2011,LXP,L X P INDUSTRIAL TRUST,2.0,2.0,4.0,12,0.003900,8.424167,1265.568842,3295.580250,347.005750,-8.266250,917.934750,0.540938,0.028233,0.049335,-0.119603,0.732864,1.715709,52,3.684231,3.210000,4.290000,0.348027
79770,2012,LXP,L X P INDUSTRIAL TRUST,2.0,2.0,4.0,12,0.034542,9.119167,1465.776275,3076.573250,347.590000,-20.578250,843.306250,0.551022,0.028098,0.058304,-0.068948,0.583415,1.711607,52,2.934423,2.630000,3.300000,0.206059
79770,2013,LXP,L X P INDUSTRIAL TRUST,2.0,2.0,4.0,12,0.004525,11.584167,2458.902250,3445.983750,353.314500,175.752000,1171.951250,0.534320,0.028033,0.050854,0.060008,0.477298,1.754570,52,3.100769,2.560000,3.600000,0.354538
79770,2014,LXP,L X P INDUSTRIAL TRUST,2.0,2.0,4.0,12,0.012600,10.900000,2512.031533,3715.997250,378.204500,-9.731250,1379.045500,0.547746,0.028727,0.055791,0.071352,0.549716,1.412941,53,3.286038,3.080000,3.560000,0.110058
79770,2015,LXP,L X P INDUSTRIAL TRUST,2.0,2.0,4.0,12,-0.018417,9.100000,2140.691783,3813.118750,426.321500,62.977000,1392.685750,0.557835,0.034714,0.056882,0.039501,0.658182,1.093095,52,3.087500,2.920000,3.250000,0.101109
79770,2016,LXP,L X P INDUSTRIAL TRUST,2.0,2.0,4.0,12,0.032867,9.603333,2266.338517,3758.413250,438.523500,112.666000,1348.912000,0.566735,0.026482,0.064594,0.076283,0.605435,1.053371,52,2.930769,2.720000,3.550000,0.213200
79770,2017,LXP,L X P INDUSTRIAL TRUST,2.0,2.0,4.0,12,-0.002483,10.170000,2439.742708,3426.231500,424.111250,84.539750,1299.999000,0.541498,0.048842,0.068368,0.077527,0.533548,0.823913,52,3.272500,3.080000,3.500000,0.105865
79770,2018,LXP,L X P INDUSTRIAL TRUST,2.0,2.0,4.0,12,-0.003833,8.453333,2025.285425,3509.090750,395.120000,51.481750,1190.066750,0.589800,0.037820,0.065162,0.071270,0.589382,0.858295,52,4.000192,3.380000,4.360000,0.207860
79770,2019,LXP,L X P INDUSTRIAL TRUST,2.0,2.0,4.0,12,0.026575,9.891667,2371.197575,3023.221500,384.495750,256.203250,1247.119750,0.506412,0.066096,0.070072,0.136336,0.530722,0.860331,52,3.391731,3.000000,3.990000,0.299344
79770,2020,LXP,L X P INDUSTRIAL TRUST,2.0,2.0,4.0,12,0.005225,10.522500,2827.648658,3225.458250,330.635750,258.901000,1613.498000,0.428967,0.034196,0.059814,0.178021,0.572489,0.589916,53,2.604906,2.170000,3.160000,0.277853
79770,2021,LXP,L X P INDUSTRIAL TRUST,2.0,2.0,4.0,12,0.037125,12.776667,3559.785192,3566.640750,335.789750,203.412250,1873.479750,0.394714,0.058480,0.058483,0.129368,0.533835,0.399156,52,2.271923,2.100000,2.450000,0.093934
79770,2022,LXP,L X P INDUSTRIAL TRUST,2.0,2.0,4.0,12,-0.029425,11.795833,3340.011492,3951.500250,343.489750,320.115000,2117.660250,0.395543,0.028091,0.053782,0.142303,0.660912,0.467178,52,4.583846,2.430000,6.380000,1.112739
79770,2023,LXP,L X P INDUSTRIAL TRUST,2.0,2.0,4.0,12,0.007775,9.765000,2840.899467,4008.156250,337.214250,157.672750,2186.101000,0.385189,0.009357,0.048823,0.101961,0.775961,0.566132,52,6.111731,5.140000,7.030000,0.497037
79777,2000,CBL,C B L & ASSOCIATES PPTYS INC,2.0,9.0,15.0,12,0.026633,23.484375,584.424030,2032.930500,327.489500,56.209250,414.297750,0.673123,0.005551,0.056758,0.116440,0.713232,0.040161,52,7.718269,6.790000,8.310000,0.313048
79777,2001,CBL,C B L & ASSOCIATES PPTYS INC,2.0,9.0,15.0,12,0.026025,29.049167,737.394668,2741.924000,387.186750,64.778750,468.809500,0.679225,0.005019,0.049794,0.142354,0.636001,0.117235,52,6.502308,5.940000,6.780000,0.221436
79777,2002,CBL,C B L & ASSOCIATES PPTYS INC,2.0,9.0,15.0,12,0.026525,37.418333,1059.480980,3427.082750,556.240250,73.595250,589.289000,0.661527,0.005921,0.049030,0.131038,0.557792,0.175271,52,5.982692,5.320000,6.690000,0.437498
79777,2003,CBL,C B L & ASSOCIATES PPTYS INC,2.0,9.0,15.0,12,0.034617,46.733333,1404.318867,3781.403750,611.471750,86.691500,708.861750,0.634194,0.005330,0.069272,0.115439,0.511060,0.191470,53,5.170943,4.600000,5.770000,0.273188
79777,2004,CBL,C B L & ASSOCIATES PPTYS INC,2.0,9.0,15.0,12,0.032683,60.852500,1870.903117,4357.847500,677.029500,133.992500,797.032250,0.645916,0.010974,0.068401,0.148156,0.428383,0.276715,52,5.206154,4.690000,5.720000,0.269023
79777,2005,CBL,C B L & ASSOCIATES PPTYS INC,2.0,9.0,15.0,12,0.008892,55.259167,2502.781708,5156.535000,806.424000,126.871750,915.605250,0.654475,0.007246,0.065179,0.138751,0.367335,0.408832,52,5.417885,5.100000,5.900000,0.239970
79777,2006,CBL,C B L & ASSOCIATES PPTYS INC,2.0,9.0,15.0,12,0.012325,41.307500,2662.338692,6165.667000,935.570000,156.939500,994.264250,0.678998,0.005985,0.063420,0.135508,0.371900,0.561139,52,6.066346,5.670000,6.440000,0.195629
79777,2007,CBL,C B L & ASSOCIATES PPTYS INC,2.0,9.0,15.0,12,-0.040267,37.267500,2444.408967,6570.528000,1013.817750,104.149750,947.380250,0.711062,0.006341,0.060763,0.125780,0.405158,0.681001,52,6.025192,5.650000,6.430000,0.193528
79777,2008,CBL,C B L & ASSOCIATES PPTYS INC,2.0,9.0,15.0,12,-0.038992,19.010000,1258.203269,7760.473000,1071.354000,77.451250,829.247500,0.735053,0.010396,0.058856,0.101622,0.958815,1.221020,53,5.617170,4.830000,6.190000,0.346135
79777,2009,CBL,C B L & ASSOCIATES PPTYS INC,2.0,9.0,15.0,12,0.170500,6.765833,786.272542,8007.412750,1142.534000,31.283250,825.480000,0.746225,0.009417,0.054292,0.063568,1.698005,3.189408,52,4.573846,4.270000,5.060000,0.176459
79777,2010,CBL,C B L & ASSOCIATES PPTYS INC,2.0,9.0,15.0,12,0.060975,13.827500,1908.705783,7746.927750,1090.409750,3.434750,1103.121750,0.716695,0.008780,0.054150,0.008762,0.591863,3.494195,52,4.095577,3.570000,4.520000,0.275385
79777,2011,CBL,C B L & ASSOCIATES PPTYS INC,2.0,9.0,15.0,12,0.004583,16.455833,2425.502058,7506.243000,1073.563750,60.508500,1121.109250,0.699787,0.007822,0.057265,0.022295,0.480705,3.416586,52,3.684231,3.210000,4.290000,0.348027
79777,2012,CBL,C B L & ASSOCIATES PPTYS INC,2.0,9.0,15.0,12,0.030742,19.840000,3063.470800,6921.910500,1053.529500,99.250000,1110.655500,0.681091,0.010639,0.065793,0.081763,0.363223,3.307843,52,2.934423,2.630000,3.300000,0.206059
79777,2013,CBL,C B L & ASSOCIATES PPTYS INC,2.0,9.0,15.0,12,-0.007817,21.106667,3490.588400,7001.193000,1032.651750,145.722500,1184.125750,0.669594,0.011350,0.065458,0.101954,0.345891,3.417228,52,3.100769,2.560000,3.600000,0.354538
79777,2014,CBL,C B L & ASSOCIATES PPTYS INC,2.0,9.0,15.0,12,0.011617,18.510000,3150.776092,6764.499750,1066.190750,123.803250,1256.554250,0.714639,0.011296,0.071258,0.076647,0.400214,2.157109,53,3.286038,3.080000,3.560000,0.110058
79777,2015,CBL,C B L & ASSOCIATES PPTYS INC,2.0,9.0,15.0,12,-0.029833,16.440833,2802.284508,6623.703250,1080.051750,198.675000,1230.590750,0.713921,0.007243,0.071505,0.116159,0.454766,1.487718,52,3.087500,2.920000,3.250000,0.101109
79777,2016,CBL,C B L & ASSOCIATES PPTYS INC,2.0,9.0,15.0,12,0.010783,11.462500,1957.159350,6459.947500,1109.806500,130.190250,1140.238500,0.725915,0.005794,0.075815,0.111848,0.579976,1.376024,52,2.930769,2.720000,3.550000,0.213200
79777,2017,CBL,C B L & ASSOCIATES PPTYS INC,2.0,9.0,15.0,12,-0.041225,8.341667,1426.707172,6053.360750,1103.983000,141.750000,1052.796000,0.733796,0.006055,0.078102,0.115598,0.770099,1.200434,52,3.272500,3.080000,3.500000,0.105865
79777,2018,CBL,C B L & ASSOCIATES PPTYS INC,2.0,9.0,15.0,12,-0.064108,4.241667,731.045812,5683.285750,943.746000,96.127250,977.175500,0.740249,0.009628,0.075853,0.120512,1.509073,1.415107,52,4.000192,3.380000,4.360000,0.207860
79777,2019,CBL,C B L & ASSOCIATES PPTYS INC,2.0,9.0,15.0,10,0.011710,1.450000,251.166337,5262.307900,862.714500,-71.390200,819.464500,0.757462,0.009686,0.066731,-0.006460,3.354644,1.847155,52,3.391731,3.000000,3.990000,0.299344
79778,2000,CPG,CHELSEA PROPERTY GROUP INC,2.0,9.0,17.0,12,0.028175,32.822917,522.877752,804.077250,164.356750,36.504500,261.326000,0.441711,0.014910,0.112778,0.112260,0.506053,0.173725,52,7.718269,6.790000,8.310000,0.313048
79778,2001,CPG,CHELSEA PROPERTY GROUP INC,2.0,9.0,17.0,12,0.030883,45.085833,754.390443,898.648250,187.197000,45.407750,256.491500,0.506613,0.038924,0.115274,0.155939,0.344413,0.039201,52,6.502308,5.940000,6.780000,0.221436
79778,2002,CPG,CHELSEA PROPERTY GROUP INC,2.0,9.0,17.0,12,0.031883,40.111667,1196.233327,1127.853750,222.656750,53.332000,324.138000,0.536797,0.026522,0.106476,0.154392,0.272875,0.045693,52,5.982692,5.320000,6.690000,0.437498
79778,2003,CPG,CHELSEA PROPERTY GROUP INC,2.0,9.0,17.0,12,0.046992,43.635833,1862.168100,1664.208500,291.948500,55.749000,432.477250,0.602094,0.014084,0.085866,0.117830,0.233628,0.018792,53,5.170943,4.600000,5.770000,0.273188
79778,2004,CPG,CHELSEA PROPERTY GROUP INC,2.0,9.0,17.0,9,0.030667,60.942222,2678.643567,1969.454333,376.141333,86.441333,508.119333,0.611094,0.013830,0.091925,0.141648,0.191064,0.006153,52,5.206154,4.690000,5.720000,0.269023
79782,2000,REG,REGENCY CENTERS CORP,2.0,9.0,17.0,12,0.023283,21.877600,1248.849775,2670.797750,308.049750,87.863000,1219.027750,0.378705,0.013403,0.056182,0.081497,0.981812,0.219426,52,7.718269,6.790000,8.310000,0.313048
79782,2001,REG,REGENCY CENTERS CORP,2.0,9.0,17.0,12,0.020483,25.267500,1450.942208,2968.700250,368.749250,88.783750,1190.213750,0.424532,0.017028,0.062544,0.073794,0.821751,0.131647,52,6.502308,5.940000,6.780000,0.221436
79782,2002,REG,REGENCY CENTERS CORP,2.0,9.0,17.0,12,0.018917,30.270000,1754.643092,3079.074250,372.850250,89.151500,1181.410000,0.448076,0.013230,0.062264,0.080238,0.674750,0.104772,52,5.982692,5.320000,6.690000,0.437498
79782,2003,REG,REGENCY CENTERS CORP,2.0,9.0,17.0,12,0.022775,35.308333,2077.901958,3064.936000,366.726500,80.255500,1157.592250,0.460508,0.014475,0.059390,0.088644,0.561528,0.073775,53,5.170943,4.600000,5.770000,0.273188
79782,2004,REG,REGENCY CENTERS CORP,2.0,9.0,17.0,12,0.034958,45.228333,2771.309458,3108.326250,365.987000,104.990750,1194.244000,0.476047,0.010069,0.072504,0.101284,0.437010,0.056449,52,5.206154,4.690000,5.720000,0.269023
79782,2005,REG,REGENCY CENTERS CORP,2.0,9.0,17.0,12,0.010408,55.323333,3539.489392,3288.538500,385.193750,114.115250,1291.730500,0.470745,0.017334,0.056460,0.106421,0.367556,0.136152,52,5.417885,5.100000,5.900000,0.239970
79782,2006,REG,REGENCY CENTERS CORP,2.0,9.0,17.0,12,0.027742,67.704167,4640.180692,3601.006000,390.860750,108.200250,1528.453750,0.439144,0.013795,0.057152,0.106412,0.331407,0.270471,52,6.066346,5.670000,6.440000,0.195629
79782,2007,REG,REGENCY CENTERS CORP,2.0,9.0,17.0,12,-0.010633,75.113333,5210.893892,3785.592250,422.745500,157.623500,1579.306500,0.443407,0.010290,0.059292,0.125527,0.306633,0.450931,52,6.025192,5.650000,6.430000,0.193528
79782,2008,REG,REGENCY CENTERS CORP,2.0,9.0,17.0,12,-0.007042,57.720833,4030.252808,4177.019500,467.333250,157.970250,1576.806000,0.494333,0.007350,0.054103,0.132148,0.408177,0.879575,53,5.617170,4.830000,6.190000,0.346135
79782,2009,REG,REGENCY CENTERS CORP,2.0,9.0,17.0,12,-0.006133,33.466667,2627.318908,4197.293250,494.367000,105.910500,1511.957750,0.512441,0.011753,0.052198,0.109091,0.590337,1.221493,52,4.573846,4.270000,5.060000,0.176459
79782,2010,REG,REGENCY CENTERS CORP,2.0,9.0,17.0,12,0.021958,38.053333,3156.037700,4025.328000,477.234500,-45.049500,1564.758750,0.490179,0.030887,0.047494,0.026550,0.498027,1.202096,52,4.095577,3.570000,4.520000,0.275385
79782,2011,REG,REGENCY CENTERS CORP,2.0,9.0,17.0,12,-0.002950,42.202500,3674.616875,3994.696000,474.383750,12.780750,1522.210500,0.500086,0.009108,0.038039,-0.004644,0.417512,1.204254,52,3.684231,3.210000,4.290000,0.348027
79782,2012,REG,REGENCY CENTERS CORP,2.0,9.0,17.0,12,0.023050,46.041667,4144.117333,4028.358500,503.459000,37.811000,1519.869750,0.503892,0.006288,0.052754,0.023052,0.368113,1.206443,52,2.934423,2.630000,3.300000,0.206059
79782,2013,REG,REGENCY CENTERS CORP,2.0,9.0,17.0,12,0.003250,50.560000,4626.906342,3853.180500,536.886750,40.971000,1454.128500,0.492154,0.012812,0.064179,0.024693,0.315242,1.226564,52,3.100769,2.560000,3.600000,0.354538
79782,2014,REG,REGENCY CENTERS CORP,2.0,9.0,17.0,12,0.030883,55.230833,5109.593333,3972.347750,530.591500,85.187500,1490.570750,0.487610,0.022407,0.065605,0.065220,0.294026,1.067313,53,3.286038,3.080000,3.560000,0.110058
79782,2015,REG,REGENCY CENTERS CORP,2.0,9.0,17.0,12,0.009708,64.668333,6091.047933,4135.480750,570.762750,177.508500,1550.550500,0.485329,0.025529,0.067185,0.110224,0.255326,0.925265,52,3.087500,2.920000,3.250000,0.101109
79782,2016,REG,REGENCY CENTERS CORP,2.0,9.0,17.0,12,0.004633,75.222500,7618.536158,4236.484000,604.534250,175.966250,1711.640500,0.455430,0.014539,0.066937,0.099990,0.225885,0.625264,52,2.930769,2.720000,3.550000,0.213200
79782,2017,REG,REGENCY CENTERS CORP,2.0,9.0,17.0,12,0.003950,65.355833,10350.726133,7818.877500,716.697750,120.456750,4445.520250,0.337590,0.011411,0.044481,0.078609,0.420971,0.257797,52,3.272500,3.080000,3.500000,0.105865
79782,2018,REG,REGENCY CENTERS CORP,2.0,9.0,17.0,12,-0.009525,61.586667,10437.404667,11170.012000,1048.113500,206.676000,6594.978750,0.330956,0.005557,0.046341,0.045670,0.633263,0.224581,52,4.000192,3.380000,4.360000,0.207860
79782,2019,REG,REGENCY CENTERS CORP,2.0,9.0,17.0,12,0.009892,66.140000,11064.534667,10991.621500,1173.940250,270.550500,6390.400000,0.346725,0.006160,0.054430,0.033677,0.577867,0.362461,52,3.391731,3.000000,3.990000,0.299344
79782,2020,REG,REGENCY CENTERS CORP,2.0,9.0,17.0,12,-0.012108,44.668333,7544.885658,11314.955750,1168.541500,183.024000,6199.373000,0.384328,0.035575,0.053077,0.038703,0.840716,0.744654,53,2.604906,2.170000,3.160000,0.277853
79782,2021,REG,REGENCY CENTERS CORP,2.0,9.0,17.0,12,0.047217,63.955000,10873.449250,10797.424250,1069.636000,117.445000,5990.304250,0.372453,0.027813,0.049716,0.020431,0.559996,1.027753,52,2.271923,2.100000,2.450000,0.093934
79782,2022,REG,REGENCY CENTERS CORP,2.0,9.0,17.0,12,-0.008725,64.490833,11029.033375,10847.111250,1226.550750,413.680500,6091.363000,0.363864,0.018486,0.060320,0.038045,0.556151,1.026693,52,4.583846,2.430000,6.380000,1.112739
79782,2023,REG,REGENCY CENTERS CORP,2.0,9.0,17.0,12,0.011017,62.282500,10985.567417,10848.170500,1289.582250,422.537000,6077.600500,0.363935,0.008543,0.061594,0.071141,0.555394,1.037097,52,6.111731,5.140000,7.030000,0.497037
79890,2001,REA,AMERICAN REAL ESTATE INVT CORP,2.0,4.0,8.0,5,0.006440,12.918000,215.520696,844.173600,121.597400,5.330800,209.388600,0.559707,0.015672,0.050002,0.043546,0.972448,0.237870,52,6.502308,5.940000,6.780000,0.221436
79890,2002,REA,AMERICAN REAL ESTATE INVT CORP,2.0,4.0,8.0,12,0.029658,15.492500,297.729159,827.598500,106.732000,21.647500,262.530750,0.530456,0.012579,0.056110,0.061132,0.896001,0.201704,52,5.982692,5.320000,6.690000,0.437498
79890,2003,REA,AMERICAN REAL ESTATE INVT CORP,2.0,4.0,8.0,12,0.028700,18.795000,423.459567,774.328000,95.891500,-6.324250,265.971250,0.474880,0.003279,0.062208,0.011445,0.635741,0.110928,53,5.170943,4.600000,5.770000,0.273188
79890,2004,REA,AMERICAN REAL ESTATE INVT CORP,2.0,4.0,8.0,7,0.021471,23.204286,684.214300,948.938000,96.234429,21.770857,343.591714,0.516909,0.002381,0.052433,-0.005378,0.502995,0.132946,52,5.206154,4.690000,5.720000,0.269023
79893,2000,AEC,ASSOCIATED ESTATES REALTY CORP,2.0,8.0,2.0,12,0.020317,7.911458,158.418937,859.814000,158.839000,16.715500,166.721750,0.664367,0.038020,0.042328,0.111980,1.062378,0.354650,52,7.718269,6.790000,8.310000,0.313048
79893,2001,AEC,ASSOCIATED ESTATES REALTY CORP,2.0,8.0,2.0,12,0.023333,9.232500,179.813220,817.139500,160.856750,8.476000,134.717500,0.693957,0.023080,0.039163,0.074861,0.753917,0.323966,52,6.502308,5.940000,6.780000,0.221436
79893,2002,AEC,ASSOCIATED ESTATES REALTY CORP,2.0,8.0,2.0,12,-0.010125,8.690000,169.004709,772.980750,163.230000,3.160250,113.855750,0.713256,0.028356,0.034023,0.039417,0.691039,0.314352,52,5.982692,5.320000,6.690000,0.437498
79893,2003,AEC,ASSOCIATED ESTATES REALTY CORP,2.0,8.0,2.0,12,0.017833,6.345833,123.545676,734.915250,159.583250,-9.488000,90.606000,0.742715,0.021146,0.036903,0.026783,0.743312,0.361347,53,5.170943,4.600000,5.770000,0.273188
79893,2004,AEC,ASSOCIATED ESTATES REALTY CORP,2.0,8.0,2.0,12,0.036842,8.920000,174.885783,704.565250,154.424500,-10.228250,64.739250,0.769816,0.022077,0.045679,-0.091156,0.374337,0.351078,52,5.206154,4.690000,5.720000,0.269023
79893,2005,AEC,ASSOCIATED ESTATES REALTY CORP,2.0,8.0,2.0,12,-0.001475,9.503333,185.637759,735.196250,149.742750,-8.563500,46.576500,0.783713,0.038496,0.040753,-0.030465,0.250570,0.326204,52,5.417885,5.100000,5.900000,0.239970
79893,2006,AEC,ASSOCIATED ESTATES REALTY CORP,2.0,8.0,2.0,12,0.041200,12.995000,224.789936,690.184000,141.315250,-15.944750,43.299750,0.798031,0.029544,0.035269,0.442354,0.195901,0.412060,52,6.066346,5.670000,6.440000,0.195629
79893,2007,AEC,ASSOCIATED ESTATES REALTY CORP,2.0,8.0,2.0,12,-0.019733,13.880833,238.461691,657.912250,136.601500,-23.620000,51.208000,0.775702,0.027830,0.026394,0.587535,0.223307,0.505621,52,6.025192,5.650000,6.430000,0.193528
79893,2008,AEC,ASSOCIATED ESTATES REALTY CORP,2.0,8.0,2.0,12,0.016267,11.133333,182.696745,691.384000,135.055000,-13.121750,52.960750,0.786538,0.022602,0.041154,0.379808,0.299464,0.559784,53,5.617170,4.830000,6.190000,0.346135
79893,2009,AEC,ASSOCIATED ESTATES REALTY CORP,2.0,8.0,2.0,12,0.038133,7.522500,125.492807,691.814750,134.000500,-9.832500,58.865750,0.790504,0.015650,0.040191,0.474665,0.498167,0.821164,52,4.573846,4.270000,5.060000,0.176459
79893,2010,AEC,ASSOCIATED ESTATES REALTY CORP,2.0,8.0,2.0,12,0.031175,13.681667,415.480015,674.221000,131.260500,-9.835500,105.233250,0.739755,0.017290,0.043533,0.317504,0.238945,0.901851,52,4.095577,3.570000,4.520000,0.275385
79893,2011,AEC,ASSOCIATED ESTATES REALTY CORP,2.0,8.0,2.0,12,0.009475,16.422500,684.610946,890.713750,153.061000,-9.645250,282.082750,0.636865,0.013465,0.040936,0.031183,0.411263,0.874923,52,3.684231,3.210000,4.290000,0.348027
79893,2012,AEC,ASSOCIATED ESTATES REALTY CORP,2.0,8.0,2.0,12,0.006208,15.600000,723.616202,1026.981250,167.286750,-9.917750,334.884000,0.630422,0.011530,0.054682,-0.001316,0.462743,0.855681,52,2.934423,2.630000,3.300000,0.206059
79893,2013,AEC,ASSOCIATED ESTATES REALTY CORP,2.0,8.0,2.0,12,0.005258,16.159167,857.850140,1162.127250,165.541250,1.118000,403.412000,0.607413,0.012059,0.061424,0.051427,0.474567,0.847780,52,3.100769,2.560000,3.600000,0.354538
79893,2014,AEC,ASSOCIATED ESTATES REALTY CORP,2.0,8.0,2.0,12,0.037225,18.411667,1060.593370,1387.216500,184.444500,41.465750,540.618250,0.566244,0.012111,0.052630,0.096999,0.509985,0.767516,53,3.286038,3.080000,3.560000,0.110058
79893,2015,AEC,ASSOCIATED ESTATES REALTY CORP,2.0,8.0,2.0,7,0.033900,26.858571,1553.885671,1455.585571,194.218571,124.305429,635.254000,0.516231,0.024828,0.051773,0.143964,0.410812,0.605454,52,3.087500,2.920000,3.250000,0.101109
79897,2000,CPJ,CHATEAU COMMUNITIES INC,2.0,8.0,10.0,12,0.021083,27.078125,770.320120,987.668000,191.042500,34.854000,353.272000,0.473853,0.000847,0.078816,0.086175,0.460203,0.140133,52,7.718269,6.790000,8.310000,0.313048
79897,2001,CPJ,CHATEAU COMMUNITIES INC,2.0,8.0,10.0,12,0.005125,30.413333,872.026748,1026.449250,205.146250,37.091750,334.363000,0.515675,0.002288,0.086445,0.105493,0.383594,0.079257,52,6.502308,5.940000,6.780000,0.221436
79897,2002,CPJ,CHATEAU COMMUNITIES INC,2.0,8.0,10.0,12,-0.015117,27.340000,796.036602,1580.959250,242.807250,24.421000,339.630250,0.652702,0.000594,0.059168,0.091270,0.431362,0.085907,52,5.982692,5.320000,6.690000,0.437498
79897,2003,CPJ,CHATEAU COMMUNITIES INC,2.0,8.0,10.0,9,0.045067,25.592222,756.810073,1515.052667,267.879667,7.299333,302.220333,0.666986,0.002025,0.055159,0.065303,0.417256,0.171920,53,5.170943,4.600000,5.770000,0.273188
79919,2000,SPK,SPIEKER PROPERTIES INC,2.0,4.0,13.0,12,0.033367,48.484375,3163.257825,4301.123750,654.968750,225.531500,1427.251750,0.469401,0.005866,0.076744,0.139210,0.457133,0.144362,52,7.718269,6.790000,8.310000,0.313048
79919,2001,SPK,SPIEKER PROPERTIES INC,2.0,4.0,13.0,6,0.032817,56.063333,3716.262267,4514.886500,735.640500,329.453500,1544.195000,0.457573,0.006037,0.083216,0.164098,0.416261,0.170500,52,6.502308,5.940000,6.780000,0.221436
80084,2001,GLR,G & L REALTY CORP,2.0,3.0,6.0,2,0.006650,12.685000,29.606790,205.126000,56.190000,4.832000,41.136000,0.771375,0.045328,0.055337,0.028824,1.390268,0.229215,52,6.502308,5.940000,6.780000,0.221436
80090,2000,CTA,CENTER TRUST INC,2.0,9.0,0.0,12,-0.040842,6.286458,166.299727,958.805000,144.247250,21.385750,227.863250,0.717103,0.012017,0.027136,0.053747,1.414279,0.235936,52,7.718269,6.790000,8.310000,0.313048
80090,2001,CTA,CENTER TRUST INC,2.0,9.0,0.0,12,0.010000,4.364167,118.597442,724.172250,129.623500,16.391250,211.267250,0.654763,0.009500,0.027901,0.059531,1.826736,0.520321,52,6.502308,5.940000,6.780000,0.221436
80090,2002,CTA,CENTER TRUST INC,2.0,9.0,0.0,12,0.062792,6.015833,167.280274,635.148000,101.024500,2.496750,205.909750,0.630516,0.008962,0.039450,0.001385,1.280198,0.591556,52,5.982692,5.320000,6.690000,0.437498
80100,2000,SPG,SIMON PROPERTY GROUP INC NEW,2.0,9.0,15.0,12,0.013917,23.760417,4056.851950,14053.306250,1965.785500,213.237500,2673.799000,0.621941,0.009278,0.059993,0.069875,0.660558,0.092044,52,7.718269,6.790000,8.310000,0.313048
80100,2001,SPG,SIMON PROPERTY GROUP INC NEW,2.0,9.0,15.0,12,0.024583,27.615000,4715.208700,13826.709250,2092.940750,226.137250,2482.209500,0.632832,0.011803,0.072851,0.082995,0.528652,0.093339,52,6.502308,5.940000,6.780000,0.221436
80100,2002,SPG,SIMON PROPERTY GROUP INC NEW,2.0,9.0,15.0,12,0.018533,33.967500,5994.090875,13912.619250,2123.403000,243.710500,2347.368250,0.647473,0.015962,0.077040,0.086547,0.393758,0.119705,52,5.982692,5.320000,6.690000,0.437498
80100,2003,SPG,SIMON PROPERTY GROUP INC NEW,2.0,9.0,15.0,12,0.031675,40.337500,7534.828592,14871.393750,2237.975000,377.783500,2627.490250,0.648905,0.023200,0.072826,0.128404,0.354553,0.086676,53,5.170943,4.600000,5.770000,0.273188
80100,2004,SPG,SIMON PROPERTY GROUP INC NEW,2.0,9.0,15.0,12,0.035383,55.203333,11527.469417,15678.103750,2415.801000,326.725250,2822.602250,0.666761,0.030311,0.069039,0.138748,0.248021,0.136285,52,5.206154,4.690000,5.720000,0.269023
80100,2005,SPG,SIMON PROPERTY GROUP INC NEW,2.0,9.0,15.0,12,0.019292,70.384167,15622.694417,20271.197500,2765.330500,349.510250,3285.369250,0.671511,0.021145,0.062785,0.107597,0.211135,0.262049,52,5.417885,5.100000,5.900000,0.239970
80100,2006,SPG,SIMON PROPERTY GROUP INC NEW,2.0,9.0,15.0,12,0.027108,87.975833,19497.204667,21100.939750,3270.799750,364.837250,3185.570500,0.671892,0.016446,0.059788,0.125913,0.164689,0.362803,52,6.066346,5.670000,6.440000,0.195629
80100,2007,SPG,SIMON PROPERTY GROUP INC NEW,2.0,9.0,15.0,12,-0.006808,102.147492,22794.373000,22428.981500,3471.938000,523.352750,3028.815500,0.703973,0.022108,0.058544,0.167693,0.134084,0.463498,52,6.025192,5.650000,6.430000,0.193528
80100,2008,SPG,SIMON PROPERTY GROUP INC NEW,2.0,9.0,15.0,12,-0.026067,83.947500,18918.309500,23609.228500,3696.764500,536.135750,2767.547500,0.737264,0.019319,0.060623,0.177639,0.153685,0.841584,53,5.617170,4.830000,6.190000,0.346135
80100,2009,SPG,SIMON PROPERTY GROUP INC NEW,2.0,9.0,15.0,12,0.052358,56.361667,15376.941000,23871.207250,3822.457000,443.490500,3108.426250,0.746590,0.050971,0.073237,0.178025,0.213902,1.327926,52,4.573846,4.270000,5.060000,0.176459
80100,2010,SPG,SIMON PROPERTY GROUP INC NEW,2.0,9.0,15.0,12,0.022725,87.950833,25645.543417,25206.690000,3832.461500,315.295500,4419.901000,0.716545,0.131439,0.067779,0.116161,0.173805,1.372661,52,4.095577,3.570000,4.520000,0.275385
80100,2011,SPG,SIMON PROPERTY GROUP INC NEW,2.0,9.0,15.0,12,0.026100,116.432500,34168.501917,24687.252750,4086.046250,683.072750,4761.037250,0.700186,0.032734,0.071459,0.104433,0.140042,1.308774,52,3.684231,3.210000,4.290000,0.348027
80100,2012,SPG,SIMON PROPERTY GROUP INC NEW,2.0,9.0,15.0,12,0.020208,150.769167,45906.749917,29049.045000,4469.186250,1224.127750,5284.813250,0.702334,0.025026,0.072805,0.183552,0.114939,1.248849,52,2.934423,2.630000,3.300000,0.206059
80100,2013,SPG,SIMON PROPERTY GROUP INC NEW,2.0,9.0,15.0,12,0.000583,157.542500,48917.469500,32116.460500,4936.378750,1263.601000,5814.679250,0.707908,0.027691,0.076941,0.235386,0.119169,1.241942,52,3.100769,2.560000,3.600000,0.354538
80100,2014,SPG,SIMON PROPERTY GROUP INC NEW,2.0,9.0,15.0,12,0.023175,169.235833,52733.219750,32194.499000,5001.908000,1259.826250,5653.232250,0.709896,0.042788,0.084471,0.234503,0.107635,0.780519,53,3.286038,3.080000,3.560000,0.110058
80100,2015,SPG,SIMON PROPERTY GROUP INC NEW,2.0,9.0,15.0,12,0.009908,187.747500,58584.862250,29994.351000,5162.561500,1501.755500,4918.955750,0.715247,0.023582,0.092688,0.257457,0.084222,0.484799,52,3.087500,2.920000,3.250000,0.101109
80100,2016,SPG,SIMON PROPERTY GROUP INC NEW,2.0,9.0,15.0,12,-0.003158,199.350833,62613.111750,31069.296250,5592.612750,1797.449500,4520.383000,0.732498,0.026118,0.099343,0.357034,0.072651,0.455458,52,2.930769,2.720000,3.550000,0.213200
80100,2017,SPG,SIMON PROPERTY GROUP INC NEW,2.0,9.0,15.0,12,0.001700,165.554167,51939.277000,31171.121750,5781.071750,1818.383250,4150.882250,0.742980,0.019026,0.109400,0.423385,0.080012,0.340445,52,3.272500,3.080000,3.500000,0.105865
80100,2018,SPG,SIMON PROPERTY GROUP INC NEW,2.0,9.0,15.0,12,0.003142,169.264167,53009.011167,31287.762250,5974.061000,2016.503250,3519.832000,0.760617,0.024333,0.115308,0.491472,0.066821,0.395950,52,4.000192,3.380000,4.360000,0.207860
80100,2019,SPG,SIMON PROPERTY GROUP INC NEW,2.0,9.0,15.0,12,-0.004825,163.223333,50654.047917,30835.151250,6087.700000,2355.628500,3161.248500,0.766481,0.017230,0.120999,0.660222,0.062604,0.476086,52,3.391731,3.000000,3.990000,0.299344
80100,2020,SPG,SIMON PROPERTY GROUP INC NEW,2.0,9.0,15.0,12,-0.010600,77.456667,24025.616000,33305.785000,5987.055500,2036.521750,2310.730750,0.808068,0.083882,0.106191,0.805982,0.103597,1.176304,53,2.604906,2.170000,3.160000,0.277853
80100,2021,SPG,SIMON PROPERTY GROUP INC NEW,2.0,9.0,15.0,12,0.059350,129.205000,42442.323750,33921.945250,4978.023500,1267.130250,2730.599500,0.784066,0.031880,0.077818,0.569044,0.063877,1.496781,52,2.271923,2.100000,2.450000,0.093934
80100,2022,SPG,SIMON PROPERTY GROUP INC NEW,2.0,9.0,15.0,12,-0.014600,115.846667,38001.648250,33563.495250,5837.713000,2151.948250,3225.389250,0.767087,0.015120,0.107946,0.549961,0.086450,1.474257,52,4.583846,2.430000,6.380000,1.112739
80100,2023,SPG,SIMON PROPERTY GROUP INC NEW,2.0,9.0,15.0,12,0.025083,118.334167,38680.429000,32980.857250,5917.582250,2106.897000,2967.803250,0.774270,0.024347,0.114624,0.685339,0.077345,1.462768,52,6.111731,5.140000,7.030000,0.497037
80102,2000,SUI,SUN COMMUNITIES INC,2.0,8.0,10.0,12,0.010467,31.447917,549.912283,920.988750,136.132250,28.254500,336.938250,0.451140,0.012716,0.064875,0.082096,0.613966,0.021966,52,7.718269,6.790000,8.310000,0.313048
80102,2001,SUI,SUN COMMUNITIES INC,2.0,8.0,10.0,12,0.014525,34.919167,611.619815,960.998500,147.939000,35.557250,334.153500,0.474018,0.017108,0.065204,0.093618,0.547758,0.008851,52,6.502308,5.940000,6.780000,0.221436
80102,2002,SUI,SUN COMMUNITIES INC,2.0,8.0,10.0,12,0.004400,38.220000,683.872079,1014.932000,153.977000,32.029000,332.361250,0.501463,0.005929,0.061786,0.101290,0.487807,0.023652,52,5.982692,5.320000,6.690000,0.437498
80102,2003,SUI,SUN COMMUNITIES INC,2.0,8.0,10.0,12,0.010942,37.830000,692.769775,1156.539500,153.165500,14.445250,320.764250,0.569282,0.002085,0.045615,0.067676,0.464891,0.038019,53,5.170943,4.600000,5.770000,0.273188
80102,2004,SUI,SUN COMMUNITIES INC,2.0,8.0,10.0,12,0.010433,38.938333,737.937362,1252.278750,189.055500,-0.857500,308.374250,0.655760,0.033412,0.045924,0.060078,0.418540,0.035397,52,5.206154,4.690000,5.720000,0.269023
80102,2005,SUI,SUN COMMUNITIES INC,2.0,8.0,10.0,12,-0.013917,34.164167,624.808145,1348.470250,203.141750,-32.352250,199.935000,0.786100,0.034348,0.045925,-0.081232,0.320174,0.120886,52,5.417885,5.100000,5.900000,0.239970
80102,2006,SUI,SUN COMMUNITIES INC,2.0,8.0,10.0,12,0.009925,33.144167,600.035111,1324.444750,213.599000,-6.460000,141.468000,0.854894,0.003950,0.049211,-0.101832,0.235689,0.252968,52,6.066346,5.670000,6.440000,0.195629
80102,2007,SUI,SUN COMMUNITIES INC,2.0,8.0,10.0,12,-0.025350,28.804167,525.546602,1284.088500,215.547500,-20.559500,79.239750,0.905372,0.002798,0.044653,-0.199762,0.150169,0.407571,52,6.025192,5.650000,6.430000,0.193528
80102,2008,SUI,SUN COMMUNITIES INC,2.0,8.0,10.0,12,-0.012192,17.835833,327.655678,1240.284250,225.258500,-21.434000,22.688250,0.958101,0.003729,0.038036,-0.592633,0.070159,0.712745,53,5.617170,4.830000,6.190000,0.346135
80102,2009,SUI,SUN COMMUNITIES INC,2.0,8.0,10.0,12,0.058875,15.505833,288.590268,1204.674500,239.791250,-26.346750,21.047000,1.018547,0.005018,0.040760,0.006090,0.106999,1.248505,52,4.573846,4.270000,5.060000,0.176459
80102,2010,SUI,SUN COMMUNITIES INC,2.0,8.0,10.0,12,0.058275,27.875833,536.462890,1177.830750,255.120500,-8.826250,,1.062666,0.004938,0.048449,0.274758,,1.456305,52,4.095577,3.570000,4.520000,0.275385
80102,2011,SUI,SUN COMMUNITIES INC,2.0,8.0,10.0,12,0.016517,36.777500,783.280572,1202.405750,265.658750,-2.575000,,1.060544,0.004625,0.048648,0.039072,,1.442077,52,3.684231,3.210000,4.290000,0.348027
80102,2012,SUI,SUN COMMUNITIES INC,2.0,8.0,10.0,12,0.013767,42.585000,1169.819742,1379.233000,299.476500,1.504500,13.023000,0.972289,0.005595,0.049119,0.015022,0.010522,1.377452,52,2.934423,2.630000,3.300000,0.206059
80102,2013,SUI,SUN COMMUNITIES INC,2.0,8.0,10.0,12,0.012058,45.975833,1606.093925,1771.477750,353.333000,6.691750,295.131500,0.775109,0.019475,0.050789,0.021708,0.185526,1.359862,52,3.100769,2.560000,3.600000,0.354538
80102,2014,SUI,SUN COMMUNITIES INC,2.0,8.0,10.0,12,0.035075,51.317500,2192.310500,2047.034750,423.593250,18.189750,473.122750,0.706001,0.004401,0.061239,0.038505,0.217613,1.067124,53,3.286038,3.080000,3.560000,0.110058
80102,2015,SUI,SUN COMMUNITIES INC,2.0,8.0,10.0,12,0.015400,66.160000,3600.097883,3311.494750,512.705500,35.060000,1015.498000,0.593127,0.043620,0.042315,0.036901,0.281684,0.605126,52,3.087500,2.920000,3.250000,0.101109
80102,2016,SUI,SUN COMMUNITIES INC,2.0,8.0,10.0,12,0.013483,73.327500,4853.428917,4672.807750,684.734250,123.756750,1615.496750,0.568140,0.036373,0.041185,0.075609,0.329875,0.400986,52,2.930769,2.720000,3.550000,0.213200
80102,2017,SUI,SUN COMMUNITIES INC,2.0,8.0,10.0,12,0.019100,86.705000,6702.208567,5964.160500,863.332000,60.669500,2403.940500,0.518973,0.014272,0.041298,0.051178,0.360103,0.094215,52,3.272500,3.080000,3.500000,0.105865
80102,2018,SUI,SUN COMMUNITIES INC,2.0,8.0,10.0,12,0.010592,97.011667,7989.411433,6227.948500,996.861750,75.407000,2634.694250,0.504647,0.009074,0.044633,0.020981,0.332389,-0.018750,52,4.000192,3.380000,4.360000,0.207860
80102,2019,SUI,SUN COMMUNITIES INC,2.0,8.0,10.0,12,0.036025,135.505000,12200.788917,6921.124500,1144.799750,114.114500,3218.352500,0.459926,0.009967,0.054547,0.031708,0.269097,0.123852,52,3.391731,3.000000,3.990000,0.299344
80102,2020,SUI,SUN COMMUNITIES INC,2.0,8.0,10.0,12,0.006033,142.947500,14075.687167,7939.405000,1267.445500,135.883500,3847.994000,0.445408,0.026203,0.061353,0.039053,0.274525,0.332524,53,2.604906,2.170000,3.160000,0.277853
80102,2021,SUI,SUN COMMUNITIES INC,2.0,8.0,10.0,12,0.031150,177.333333,20178.025667,10759.375500,1521.116750,170.253250,5607.879500,0.397158,0.010764,0.057635,0.031518,0.278103,0.349224,52,2.271923,2.100000,2.450000,0.093934
80102,2022,SUI,SUN COMMUNITIES INC,2.0,8.0,10.0,12,-0.028200,160.171667,19265.652750,14097.345000,2342.629500,357.607500,6827.673750,0.422950,0.007809,0.054192,0.043403,0.357744,0.421136,52,4.583846,2.430000,6.380000,1.112739
80102,2023,SUI,SUN COMMUNITIES INC,2.0,8.0,10.0,12,-0.000733,131.849167,16388.007500,17123.500000,3002.799500,150.832500,7981.825000,0.432966,0.005076,0.042087,0.041988,0.490895,0.515822,52,6.111731,5.140000,7.030000,0.497037
80176,2000,FSN,FRANKLIN SELECT REALTY TRUST,2.0,4.0,13.0,2,0.049050,7.468750,91.492188,131.750000,15.961000,2.656000,91.109000,0.200820,0.118694,0.056349,0.053491,0.995969,-0.430206,52,7.718269,6.790000,8.310000,0.313048
80182,2000,JPR,J P REALTY INC,2.0,9.0,15.0,12,0.011725,17.427083,285.607588,771.620500,133.016500,25.207250,180.025250,0.555645,0.008597,0.068920,0.137337,0.631591,0.173586,52,7.718269,6.790000,8.310000,0.313048
80182,2001,JPR,J P REALTY INC,2.0,9.0,15.0,12,0.044758,21.537500,349.453822,785.540250,142.916250,23.650500,163.314000,0.582771,0.005173,0.077239,0.141082,0.471738,0.283079,52,6.502308,5.940000,6.780000,0.221436
80182,2002,JPR,J P REALTY INC,2.0,9.0,15.0,6,0.023100,25.650000,418.046135,793.473500,144.254000,25.236500,160.291000,0.594095,0.010125,0.080264,0.147432,0.384358,0.300934,52,5.982692,5.320000,6.690000,0.437498
80183,2000,MAA,MID AMERICA APT COMMUNITIES INC,2.0,8.0,2.0,12,0.008783,23.052083,410.483607,1304.711000,225.391250,33.200250,424.603250,0.571597,0.023289,0.058865,0.063778,1.037787,0.338847,52,7.718269,6.790000,8.310000,0.313048
80183,2001,MAA,MID AMERICA APT COMMUNITIES INC,2.0,8.0,2.0,12,0.021533,24.491667,427.223109,1299.003500,225.661250,28.100750,382.849500,0.604286,0.023881,0.055219,0.070203,0.899718,0.293699,52,6.502308,5.940000,6.780000,0.221436
80183,2002,MAA,MID AMERICA APT COMMUNITIES INC,2.0,8.0,2.0,12,0.001883,25.485833,447.613507,1260.141750,228.439250,29.322500,346.961000,0.620400,0.018811,0.069415,0.070902,0.778724,0.266116,52,5.982692,5.320000,6.690000,0.437498
80183,2003,MAA,MID AMERICA APT COMMUNITIES INC,2.0,8.0,2.0,12,0.034675,27.981667,516.156705,1254.347750,232.393000,17.337750,291.032000,0.654858,0.015858,0.065221,0.058062,0.575573,0.260569,53,5.170943,4.600000,5.770000,0.273188
80183,2004,MAA,MID AMERICA APT COMMUNITIES INC,2.0,8.0,2.0,12,0.024542,37.281667,755.487707,1414.153500,242.682750,18.533500,313.962500,0.682248,0.017519,0.060482,0.052522,0.414821,0.238800,52,5.206154,4.690000,5.720000,0.269023
80183,2005,MAA,MID AMERICA APT COMMUNITIES INC,2.0,8.0,2.0,12,0.019842,43.267500,941.234416,1513.646500,271.196000,19.350000,310.068500,0.710555,0.009523,0.060537,0.064451,0.329813,0.287025,52,5.417885,5.100000,5.900000,0.239970
80183,2006,MAA,MID AMERICA APT COMMUNITIES INC,2.0,8.0,2.0,12,0.018733,56.581667,1323.426033,1598.447000,299.587750,20.190500,335.791000,0.717503,0.010874,0.062407,0.061164,0.252540,0.367631,52,6.066346,5.670000,6.440000,0.195629
80183,2007,MAA,MID AMERICA APT COMMUNITIES INC,2.0,8.0,2.0,12,-0.017083,52.033333,1315.807583,1741.087500,330.488000,22.908250,404.846500,0.686934,0.005962,0.055535,0.049908,0.312685,0.543632,52,6.025192,5.650000,6.430000,0.193528
80183,2008,MAA,MID AMERICA APT COMMUNITIES INC,2.0,8.0,2.0,12,-0.000783,47.488333,1264.126337,1803.766500,353.789500,28.010000,381.010750,0.698352,0.007552,0.072331,0.077561,0.313636,0.685789,53,5.617170,4.830000,6.190000,0.346135
80183,2009,MAA,MID AMERICA APT COMMUNITIES INC,2.0,8.0,2.0,12,0.033967,38.616667,1094.827979,1935.234750,370.664500,30.014750,391.998250,0.693068,0.014478,0.071409,0.084337,0.375206,0.832116,52,4.573846,4.270000,5.060000,0.176459
80183,2010,MAA,MID AMERICA APT COMMUNITIES INC,2.0,8.0,2.0,12,0.028117,55.761667,1743.915208,1963.183250,380.410000,30.853000,405.085000,0.693584,0.011599,0.069514,0.081006,0.233993,0.845031,52,4.095577,3.570000,4.520000,0.275385
80183,2011,MAA,MID AMERICA APT COMMUNITIES INC,2.0,8.0,2.0,12,0.004083,65.045833,2382.741158,2220.291750,401.187500,28.491750,550.399500,0.681078,0.024237,0.063751,0.069497,0.231704,0.824035,52,3.684231,3.210000,4.290000,0.348027
80183,2012,MAA,MID AMERICA APT COMMUNITIES INC,2.0,8.0,2.0,12,0.006733,65.945000,2696.991808,2517.248250,441.365000,37.662250,761.686250,0.632787,0.018288,0.070663,0.063562,0.282412,0.784993,52,2.934423,2.630000,3.300000,0.206059
80183,2013,MAA,MID AMERICA APT COMMUNITIES INC,2.0,8.0,2.0,12,-0.000767,65.619167,3295.978325,2784.032000,489.329500,61.778250,930.177000,0.607351,0.004945,0.079408,0.095470,0.294441,0.767355,52,3.100769,2.560000,3.600000,0.354538
80183,2014,MAA,MID AMERICA APT COMMUNITIES INC,2.0,8.0,2.0,12,0.022017,70.199167,5320.584583,5859.741500,694.505000,43.342250,2436.382500,0.536139,0.033913,0.054378,0.070771,0.453570,0.579361,53,3.286038,3.080000,3.560000,0.110058
80183,2015,MAA,MID AMERICA APT COMMUNITIES INC,2.0,8.0,2.0,12,0.021133,79.852500,6016.625267,6814.284250,1004.656500,182.072750,2918.081750,0.509087,0.012112,0.057254,0.046151,0.487053,0.403471,52,3.087500,2.920000,3.250000,0.101109
80183,2016,MAA,MID AMERICA APT COMMUNITIES INC,2.0,8.0,2.0,12,0.011117,97.280833,7654.500617,6858.106000,1048.533500,298.452750,2980.588000,0.502552,0.010890,0.066667,0.086111,0.395920,0.243001,52,2.930769,2.720000,3.550000,0.213200
80183,2017,MAA,MID AMERICA APT COMMUNITIES INC,2.0,8.0,2.0,12,0.005583,102.347500,11625.501958,10394.908000,1199.429500,213.161000,5498.286000,0.419380,0.007491,0.051786,0.065605,0.471502,0.072212,52,3.272500,3.080000,3.500000,0.105865
80183,2018,MAA,MID AMERICA APT COMMUNITIES INC,2.0,8.0,2.0,12,0.000508,96.634167,11027.603000,11472.306250,1526.245250,313.793000,6289.255750,0.393181,0.007836,0.058415,0.044022,0.572236,0.146569,52,4.000192,3.380000,4.360000,0.207860
80183,2019,MAA,MID AMERICA APT COMMUNITIES INC,2.0,8.0,2.0,12,0.030475,119.752500,13685.264667,11330.340000,1584.794000,246.289000,6116.854000,0.401316,0.005472,0.064342,0.042724,0.451701,0.232824,52,3.391731,3.000000,3.990000,0.299344
80183,2020,MAA,MID AMERICA APT COMMUNITIES INC,2.0,8.0,2.0,12,0.002475,119.515833,13751.169917,11191.373500,1658.454000,321.514500,5998.462750,0.402516,0.004418,0.069840,0.049112,0.438947,0.458837,53,2.604906,2.170000,3.160000,0.277853
80183,2021,MAA,MID AMERICA APT COMMUNITIES INC,2.0,8.0,2.0,12,0.054592,175.867500,20221.083833,11189.498250,1699.204000,312.150250,5864.519750,0.409425,0.003340,0.073076,0.049623,0.298924,0.515482,52,2.271923,2.100000,2.450000,0.093934
80183,2022,MAA,MID AMERICA APT COMMUNITIES INC,2.0,8.0,2.0,12,-0.027508,179.906667,20922.061083,11254.697500,1852.071750,538.576750,5933.829750,0.405032,0.010350,0.080885,0.070292,0.287600,0.563702,52,4.583846,2.430000,6.380000,1.112739
80183,2023,MAA,MID AMERICA APT COMMUNITIES INC,2.0,8.0,2.0,12,-0.007925,144.267500,16813.708958,11330.718250,1995.736250,631.741500,6069.430250,0.393635,0.009568,0.095490,0.099206,0.365015,0.606337,52,6.111731,5.140000,7.030000,0.497037
80209,2000,PAG,PACIFIC GULF PROPERTIES INC,2.0,4.0,8.0,12,0.033608,22.432292,466.679099,894.095000,126.129500,45.994500,412.942750,0.471295,0.003911,0.063923,0.119388,1.046049,0.341822,52,7.718269,6.790000,8.310000,0.313048
80209,2001,PAG,PACIFIC GULF PROPERTIES INC,2.0,4.0,8.0,7,-0.002029,5.685714,135.627617,522.140286,124.295429,164.063429,265.458714,0.390386,0.096960,0.180919,0.594853,1.985114,0.314562,52,6.502308,5.940000,6.780000,0.221436
80210,2004,RYN,RAYONIER INC NEW,2.0,1.0,1.0,12,0.025591,44.280833,2192.838842,1868.547000,1121.214000,89.953000,853.531250,0.330895,0.031538,0.131903,0.072797,0.391359,0.467336,52,5.206154,4.690000,5.720000,0.269023
80210,2005,RYN,RAYONIER INC NEW,2.0,1.0,1.0,12,0.022000,48.711667,2698.790050,1932.394000,1157.063250,134.785500,852.740000,0.339240,0.046269,0.144331,0.144207,0.318964,0.517728,52,5.417885,5.100000,5.900000,0.239970
80210,2006,RYN,RAYONIER INC NEW,2.0,1.0,1.0,12,0.007733,40.854167,3122.764525,1847.391250,1179.394500,191.713000,889.322000,0.306169,0.074015,0.141414,0.202625,0.286041,0.677642,52,6.066346,5.670000,6.440000,0.195629
80210,2007,RYN,RAYONIER INC NEW,2.0,1.0,1.0,12,0.016450,44.946667,3488.370558,1940.409750,1226.461000,176.159250,930.386000,0.328618,0.033369,0.153363,0.198412,0.267292,0.668188,52,6.025192,5.650000,6.430000,0.193528
80210,2008,RYN,RAYONIER INC NEW,2.0,1.0,1.0,12,-0.022942,41.429167,3253.254842,2061.876000,1198.440750,180.429250,987.540500,0.346264,0.053843,0.168936,0.183841,0.309608,0.737385,53,5.617170,4.830000,6.190000,0.346135
80210,2009,RYN,RAYONIER INC NEW,2.0,1.0,1.0,12,0.034775,37.046667,2932.539792,2116.212500,1231.599750,160.135750,965.969000,0.362044,0.027658,0.149623,0.170008,0.338046,0.874294,52,4.573846,4.270000,5.060000,0.176459
80210,2010,RYN,RAYONIER INC NEW,2.0,1.0,1.0,12,0.023700,47.395833,3801.037283,2307.657250,1206.024250,297.181250,1147.046000,0.328805,0.077989,0.160239,0.227629,0.303007,0.915773,52,4.095577,3.570000,4.520000,0.275385
80210,2011,RYN,RAYONIER INC NEW,2.0,1.0,1.0,12,0.025933,54.260833,5096.999233,2360.618500,1348.927000,232.428250,1264.381000,0.309908,0.146714,0.202854,0.215026,0.248729,0.916606,52,3.684231,3.210000,4.290000,0.348027
80210,2012,RYN,RAYONIER INC NEW,2.0,1.0,1.0,12,0.016017,46.994167,5765.293658,2668.632250,1457.458000,276.243000,1349.967000,0.342089,0.081907,0.154882,0.194126,0.234924,0.893655,52,2.934423,2.630000,3.300000,0.206059
80210,2013,RYN,RAYONIER INC NEW,2.0,1.0,1.0,12,-0.012217,53.512500,6722.152667,3266.788750,1336.247750,245.359750,1491.111750,0.390851,0.084156,0.139122,0.199970,0.225141,0.882568,52,3.100769,2.560000,3.600000,0.354538
80210,2014,RYN,RAYONIER INC NEW,2.0,1.0,1.0,12,-0.001175,37.805833,4782.065092,3444.606500,985.411250,157.828500,1633.935500,0.391890,0.069542,0.153884,0.211344,0.355153,0.806991,53,3.286038,3.080000,3.560000,0.110058
80210,2015,RYN,RAYONIER INC NEW,2.0,1.0,1.0,12,-0.014608,24.944167,3146.530800,2427.386250,613.032750,64.008500,1472.186000,0.307304,0.059003,0.128518,0.132212,0.470727,0.704429,52,3.087500,2.920000,3.250000,0.101109
80210,2016,RYN,RAYONIER INC NEW,2.0,1.0,1.0,12,0.019408,25.472500,3130.250625,2399.509750,581.142750,71.932000,1298.359250,0.368522,0.033167,0.071031,0.048714,0.417676,0.692882,52,2.930769,2.720000,3.550000,0.213200
80210,2017,RYN,RAYONIER INC NEW,2.0,1.0,1.0,12,0.017617,29.173333,3731.248625,2807.215500,782.117000,191.232500,1478.797500,0.380424,0.048644,0.076775,0.102529,0.396340,0.656236,52,3.272500,3.080000,3.500000,0.105865
80210,2018,RYN,RAYONIER INC NEW,2.0,1.0,1.0,12,-0.006400,34.129167,4413.244633,2874.908500,830.369250,150.757750,1607.321500,0.349914,0.036194,0.095134,0.117071,0.367397,0.629606,52,4.000192,3.380000,4.360000,0.207860
80210,2019,RYN,RAYONIER INC NEW,2.0,1.0,1.0,12,0.020017,29.673333,3842.675067,2842.035500,813.430500,105.508000,1563.241750,0.360547,0.051049,0.104640,0.077229,0.408192,0.843316,52,3.391731,3.000000,3.990000,0.299344
80210,2020,RYN,RAYONIER INC NEW,2.0,1.0,1.0,12,-0.002367,26.621667,3570.547283,3046.272750,744.894250,51.879000,1425.050750,0.398031,0.029308,0.065390,0.051299,0.403493,0.802848,53,2.604906,2.170000,3.160000,0.277853
80210,2021,RYN,RAYONIER INC NEW,2.0,1.0,1.0,12,0.030483,35.972500,5035.441992,3791.146250,842.581000,44.883750,1529.107500,0.392909,0.036263,0.059631,0.031778,0.304944,0.717349,52,2.271923,2.100000,2.450000,0.093934
80210,2022,RYN,RAYONIER INC NEW,2.0,1.0,1.0,12,-0.010708,37.078333,5408.314975,3603.393750,1099.504250,153.906500,1799.083750,0.390873,0.096465,0.090073,0.060707,0.336118,0.709286,52,4.583846,2.430000,6.380000,1.112739
80210,2023,RYN,RAYONIER INC NEW,2.0,1.0,1.0,12,0.009217,31.343333,4633.527600,3682.755750,882.371000,89.194750,1853.124500,0.417599,0.039020,0.071804,0.069359,0.403284,0.800320,52,6.111731,5.140000,7.030000,0.497037
80212,2000,SMT,SUMMIT PROPERTIES INC,2.0,8.0,2.0,12,0.039750,22.057292,587.750093,1220.722500,176.978000,50.186000,323.433500,0.539673,0.022360,0.046339,0.146965,0.556098,0.218793,52,7.718269,6.790000,8.310000,0.313048
80212,2001,SMT,SUMMIT PROPERTIES INC,2.0,8.0,2.0,12,0.004525,24.785833,662.024212,1327.239500,188.937000,63.295250,335.637250,0.570687,0.018511,0.053735,0.168245,0.508235,0.038176,52,6.502308,5.940000,6.780000,0.221436
80212,2002,SMT,SUMMIT PROPERTIES INC,2.0,8.0,2.0,12,-0.019142,21.209167,578.410127,1310.661250,167.213000,46.147000,344.136250,0.564461,0.012964,0.052765,0.172919,0.600479,0.065133,52,5.982692,5.320000,6.690000,0.437498
80212,2003,SMT,SUMMIT PROPERTIES INC,2.0,8.0,2.0,12,0.031217,20.784167,625.697535,1332.889250,135.572750,23.675750,379.299500,0.538329,0.024544,0.039718,0.202146,0.623575,0.089016,53,5.170943,4.600000,5.770000,0.273188
80212,2004,SMT,SUMMIT PROPERTIES INC,2.0,8.0,2.0,12,0.032417,26.280833,838.980113,1375.815000,131.639000,-2.605750,448.575500,0.551579,0.003064,0.040829,0.116856,0.541101,0.031547,52,5.206154,4.690000,5.720000,0.269023
80212,2005,SMT,SUMMIT PROPERTIES INC,2.0,8.0,2.0,2,-0.013150,30.925000,974.671750,1532.887000,142.148000,2.488000,558.356000,0.516486,0.001963,0.045597,0.035309,0.573031,0.061483,52,5.417885,5.100000,5.900000,0.239970
80213,2000,WDN,WALDEN RESIDENTIAL PPTYS INC,2.0,8.0,2.0,2,0.032750,22.781250,583.815100,1497.438000,280.160000,29.229000,554.233000,0.519300,0.016483,0.044712,0.044745,0.949474,0.203115,52,7.718269,6.790000,8.310000,0.313048
80241,2000,ENNS,EQUITY INNS INC,2.0,5.0,9.0,12,0.008358,6.427083,236.390103,828.639000,111.389000,21.387250,333.941250,0.460926,0.000300,0.084595,0.086099,1.413527,0.443870,52,7.718269,6.790000,8.310000,0.313048
80241,2001,ENNS,EQUITY INNS INC,2.0,5.0,9.0,12,0.020392,8.088333,297.823804,800.959250,137.296000,17.560750,306.044250,0.472813,0.004210,0.083608,0.065816,1.039307,0.554853,52,6.502308,5.940000,6.780000,0.221436
80241,2002,ENNS,EQUITY INNS INC,2.0,5.0,9.0,12,0.001583,7.017500,280.361689,781.954750,224.274750,13.998000,299.893500,0.470787,0.007969,0.075864,0.042098,1.088766,0.583542,52,5.982692,5.320000,6.690000,0.437498
80241,2003,ENNS,EQUITY INNS INC,2.0,5.0,9.0,12,0.043217,7.154167,294.639364,766.528500,231.993750,5.202750,293.992250,0.467776,0.010101,0.054789,0.027307,1.031035,0.524578,53,5.170943,4.600000,5.770000,0.273188
80241,2004,ENNS,EQUITY INNS INC,2.0,5.0,9.0,12,0.028500,9.521667,436.065014,749.866000,231.428250,-6.261250,275.396750,0.469470,0.013737,0.049024,-0.020212,0.641323,0.512594,52,5.206154,4.690000,5.720000,0.269023
80241,2005,ENNS,EQUITY INNS INC,2.0,5.0,9.0,12,0.017500,12.478333,668.696563,888.560750,264.162500,5.842000,322.629250,0.486245,0.010870,0.059824,-0.013527,0.483636,0.671602,52,5.417885,5.100000,5.900000,0.239970
80241,2006,ENNS,EQUITY INNS INC,2.0,5.0,9.0,12,0.019900,15.981667,871.200143,1045.622250,335.225500,19.730500,324.793000,0.525125,0.008319,0.074484,0.030985,0.373191,0.698465,52,6.066346,5.670000,6.440000,0.195629
80241,2007,ENNS,EQUITY INNS INC,2.0,5.0,9.0,9,0.045711,19.481111,1071.872811,1133.745667,386.398000,22.927667,300.541000,0.554226,0.007716,0.081100,0.055827,0.288115,0.698562,52,6.025192,5.650000,6.430000,0.193528
80356,2000,PRT,PRIME RETAIL INC,2.0,9.0,17.0,7,-0.169800,1.776786,77.142428,1911.735429,304.880286,-6.650429,417.942571,0.671203,0.002481,0.049067,-0.000583,5.465887,0.343225,52,7.718269,6.790000,8.310000,0.313048
80364,2000,SHUR,SHURGARD STORAGE CENTERS INC,2.0,10.0,16.0,12,0.013333,23.666667,695.680436,1199.080250,179.633500,47.433500,546.965500,0.400634,0.016849,0.076088,0.087522,0.788391,0.301759,52,7.718269,6.790000,8.310000,0.313048
80364,2001,SHUR,SHURGARD STORAGE CENTERS INC,2.0,10.0,16.0,12,0.029800,28.800000,864.164923,1232.078500,208.861250,38.832750,513.858500,0.415540,0.014456,0.075210,0.094951,0.602206,0.225861,52,6.502308,5.940000,6.780000,0.221436
80364,2002,SHUR,SHURGARD STORAGE CENTERS INC,2.0,10.0,16.0,12,0.004050,33.042500,1136.709467,1282.599500,241.594000,41.266750,555.932250,0.383077,0.015213,0.077314,0.078204,0.490945,0.206262,52,5.982692,5.320000,6.690000,0.437498
80364,2003,SHUR,SHURGARD STORAGE CENTERS INC,2.0,10.0,16.0,12,0.021492,33.772500,1376.578908,1547.924500,274.458500,48.546750,603.611000,0.460234,0.018259,0.089344,0.081824,0.450458,0.189631,53,5.170943,4.600000,5.770000,0.273188
80364,2004,SHUR,SHURGARD STORAGE CENTERS INC,2.0,10.0,16.0,12,0.020608,38.679167,1777.415400,2356.388250,320.062500,31.601500,810.748250,0.519025,0.010915,0.053468,0.065768,0.458710,0.184121,52,5.206154,4.690000,5.720000,0.269023
80364,2005,SHUR,SHURGARD STORAGE CENTERS INC,2.0,10.0,16.0,12,0.027033,48.574167,2269.474558,2875.309500,431.607000,24.896000,756.931250,0.585254,0.017543,0.040462,0.053142,0.342970,0.188778,52,5.417885,5.100000,5.900000,0.239970
80364,2006,SHUR,SHURGARD STORAGE CENTERS INC,2.0,10.0,16.0,7,0.025914,62.927143,2966.351743,2957.215429,483.748286,0.454286,672.567571,0.628509,0.014772,0.038481,0.046724,0.227165,0.257347,52,6.066346,5.670000,6.440000,0.195629
80381,2000,BYA,BAY APARTMENT COMMUNITIES INC,2.0,8.0,2.0,12,0.037242,42.322917,2806.957958,4205.084500,529.155750,185.557000,2257.587250,0.390281,0.006701,0.059495,0.059221,0.816414,0.277060,52,7.718269,6.790000,8.310000,0.313048
80381,2001,BYA,BAY APARTMENT COMMUNITIES INC,2.0,8.0,2.0,12,0.000325,47.293333,3211.748925,4415.920750,590.836500,213.286250,2297.929250,0.400701,0.011713,0.069441,0.080588,0.715422,0.120758,52,6.502308,5.940000,6.780000,0.221436
80381,2002,BYA,BAY APARTMENT COMMUNITIES INC,2.0,8.0,2.0,12,-0.009217,44.255000,3061.438608,4726.096000,632.270250,233.133500,2273.568250,0.449182,0.023198,0.065509,0.098687,0.748975,0.120008,52,5.982692,5.320000,6.690000,0.437498
80381,2003,BYA,BAY APARTMENT COMMUNITIES INC,2.0,8.0,2.0,12,0.023167,43.026667,2967.238383,4952.412500,599.218000,105.568750,2122.465750,0.504942,0.007414,0.059846,0.090977,0.726014,0.128228,53,5.170943,4.600000,5.770000,0.273188
80381,2004,BYA,BAY APARTMENT COMMUNITIES INC,2.0,8.0,2.0,12,0.043600,58.695833,4213.941700,4956.021000,626.764000,93.507750,2265.903000,0.483295,0.003778,0.049107,0.101494,0.546922,0.106146,52,5.206154,4.690000,5.720000,0.269023
80381,2005,BYA,BAY APARTMENT COMMUNITIES INC,2.0,8.0,2.0,12,0.018925,79.602500,5821.166233,5087.054500,632.809750,82.883500,2358.741000,0.482767,0.004713,0.055236,0.102689,0.409626,0.199965,52,5.417885,5.100000,5.900000,0.239970
80381,2006,BYA,BAY APARTMENT COMMUNITIES INC,2.0,8.0,2.0,12,0.034950,115.725833,8603.097975,5185.013250,680.145750,118.901750,2549.500500,0.453561,0.011672,0.060657,0.112376,0.298358,0.440002,52,6.066346,5.670000,6.440000,0.195629
80381,2007,BYA,BAY APARTMENT COMMUNITIES INC,2.0,8.0,2.0,12,-0.020283,120.323333,9544.906283,6100.886750,734.860250,161.933250,2854.863500,0.459530,0.048640,0.059175,0.113277,0.306476,0.587351,52,6.025192,5.650000,6.430000,0.193528
80381,2008,BYA,BAY APARTMENT COMMUNITIES INC,2.0,8.0,2.0,12,-0.024425,88.603333,6834.956442,6852.765500,837.373000,222.654500,3009.022000,0.487017,0.034767,0.059271,0.112192,0.456417,0.900400,53,5.617170,4.830000,6.190000,0.346135
80381,2009,BYA,BAY APARTMENT COMMUNITIES INC,2.0,8.0,2.0,12,0.037775,61.167500,4885.174908,7278.082750,846.544000,127.370750,3039.766750,0.516516,0.043133,0.058797,0.131612,0.649708,1.131080,52,4.573846,4.270000,5.060000,0.176459
80381,2010,BYA,BAY APARTMENT COMMUNITIES INC,2.0,8.0,2.0,12,0.032317,98.606667,8255.543967,7654.250750,854.726250,65.829500,3150.813750,0.532349,0.064309,0.048627,0.088557,0.387551,1.159708,52,4.095577,3.570000,4.520000,0.275385
80381,2011,BYA,BAY APARTMENT COMMUNITIES INC,2.0,8.0,2.0,12,0.017833,126.573333,11409.207000,7830.098500,886.815750,100.644500,3375.330250,0.512141,0.055064,0.043891,0.052156,0.297337,1.116652,52,3.684231,3.210000,4.290000,0.348027
80381,2012,BYA,BAY APARTMENT COMMUNITIES INC,2.0,8.0,2.0,12,0.006358,138.433333,13648.534500,8406.037750,957.215000,167.127000,4376.368250,0.422103,0.065279,0.051477,0.080685,0.321188,1.077407,52,2.934423,2.630000,3.300000,0.206059
80381,2013,BYA,BAY APARTMENT COMMUNITIES INC,2.0,8.0,2.0,12,-0.007833,127.505833,15998.332083,12572.048250,1090.871500,202.483250,7192.501500,0.388548,0.094599,0.044605,0.078034,0.447824,1.013818,52,3.100769,2.560000,3.600000,0.354538
80381,2014,BYA,BAY APARTMENT COMMUNITIES INC,2.0,8.0,2.0,12,0.030858,143.961667,18791.739750,15425.360000,1515.417250,150.788500,8622.721000,0.404375,0.025632,0.050014,0.049795,0.462211,0.809822,53,3.286038,3.080000,3.560000,0.110058
80381,2015,BYA,BAY APARTMENT COMMUNITIES INC,2.0,8.0,2.0,12,0.013367,171.605000,22909.497833,16160.531250,1870.984750,687.663000,9099.921000,0.399884,0.024946,0.056524,0.061195,0.398139,0.517669,52,3.087500,2.920000,3.250000,0.101109
80381,2016,BYA,BAY APARTMENT COMMUNITIES INC,2.0,8.0,2.0,12,0.000842,176.809167,24256.669250,17037.935000,1951.198250,760.014250,9843.257500,0.383449,0.021789,0.063155,0.075471,0.406360,0.417064,52,2.930769,2.720000,3.550000,0.213200
80381,2017,BYA,BAY APARTMENT COMMUNITIES INC,2.0,8.0,2.0,12,0.003500,184.459167,25417.841000,17844.523250,2090.257500,1003.217000,10189.268500,0.390612,0.017129,0.064121,0.090720,0.401275,0.149914,52,3.272500,3.080000,3.500000,0.105865
80381,2018,BYA,BAY APARTMENT COMMUNITIES INC,2.0,8.0,2.0,12,0.002117,172.716667,23867.150667,18477.528250,2240.430250,853.329750,10363.792750,0.401076,0.014051,0.068496,0.091600,0.435476,0.239592,52,4.000192,3.380000,4.360000,0.207860
80381,2019,BYA,BAY APARTMENT COMMUNITIES INC,2.0,8.0,2.0,12,0.018592,206.154167,28703.890500,18653.719000,2296.349000,930.251000,10628.500750,0.392164,0.013712,0.070802,0.088639,0.370730,0.399421,52,3.391731,3.000000,3.990000,0.299344
80381,2020,BYA,BAY APARTMENT COMMUNITIES INC,2.0,8.0,2.0,12,-0.012867,163.726667,22990.636917,19356.085750,2345.794750,839.934250,10896.523000,0.400543,0.022344,0.068100,0.079909,0.480951,0.648513,53,2.604906,2.170000,3.160000,0.277853
80381,2021,BYA,BAY APARTMENT COMMUNITIES INC,2.0,8.0,2.0,12,0.041717,211.562500,29539.137667,19195.228000,2295.455500,840.667750,10749.393750,0.402727,0.015772,0.063251,0.074704,0.369811,0.748132,52,2.271923,2.100000,2.450000,0.093934
80381,2022,BYA,BAY APARTMENT COMMUNITIES INC,2.0,8.0,2.0,12,-0.032450,205.955000,28832.844833,19754.846750,2367.064750,988.373750,10903.596000,0.412095,0.021470,0.061548,0.085661,0.385571,0.761065,52,4.583846,2.430000,6.380000,1.112739
80381,2023,BYA,BAY APARTMENT COMMUNITIES INC,2.0,8.0,2.0,12,0.017067,177.645833,25105.413333,20400.906500,2674.275500,1159.991000,11362.045000,0.405717,0.031051,0.070972,0.097202,0.453587,0.780965,52,6.111731,5.140000,7.030000,0.497037
80395,2000,JDN,J D N REALTY CORP,2.0,9.0,17.0,12,-0.017300,11.015625,366.028220,1110.651750,106.923500,53.977750,503.348000,0.512470,0.002062,0.052715,0.093245,1.396536,-0.065613,52,7.718269,6.790000,8.310000,0.313048
80395,2001,JDN,J D N REALTY CORP,2.0,9.0,17.0,12,0.025492,11.888333,389.776976,1086.114250,101.749000,16.443250,468.203750,0.522858,0.004698,0.051070,0.071023,1.207746,0.103537,52,6.502308,5.940000,6.780000,0.221436
80395,2002,JDN,J D N REALTY CORP,2.0,9.0,17.0,12,-0.001683,12.066667,415.936561,1070.814000,100.411000,-1.790250,440.775750,0.531041,0.001217,0.033077,0.014877,1.064265,0.171388,52,5.982692,5.320000,6.690000,0.437498
80395,2003,JDN,J D N REALTY CORP,2.0,9.0,17.0,2,0.048150,11.725000,407.970135,1092.861000,103.974000,22.668000,452.655000,0.554571,0.000745,0.021289,-0.008988,1.110274,0.152076,53,5.170943,4.600000,5.770000,0.273188
80399,2000,MAC,MACERICH CO,2.0,9.0,15.0,12,0.003833,21.208333,723.936934,2395.733750,351.053500,111.404000,595.826000,0.662848,0.013562,0.065540,0.153153,0.826414,0.248264,52,7.718269,6.790000,8.310000,0.313048
80399,2001,MAC,MACERICH CO,2.0,9.0,15.0,12,0.036825,23.421667,794.947331,2321.563000,350.190750,74.463000,407.424000,0.668786,0.013047,0.082574,0.178341,0.522618,0.208962,52,6.502308,5.940000,6.780000,0.221436
80399,2002,MAC,MACERICH CO,2.0,9.0,15.0,12,0.019900,29.578333,1064.734046,2344.415000,362.476000,69.966500,361.878000,0.665246,0.019399,0.064578,0.195403,0.340340,0.242393,52,5.982692,5.320000,6.690000,0.437498
80399,2003,MAC,MACERICH CO,2.0,9.0,15.0,12,0.037433,36.278333,1899.810667,3753.517500,408.355500,74.409250,698.547750,0.665105,0.019981,0.066718,0.152310,0.369420,0.229285,53,5.170943,4.600000,5.770000,0.273188
80399,2004,MAC,MACERICH CO,2.0,9.0,15.0,12,0.037767,52.116667,3058.656217,4165.149500,576.722500,93.618500,944.715250,0.655163,0.017928,0.061945,0.120833,0.313914,0.265365,52,5.206154,4.690000,5.720000,0.269023
80399,2005,MAC,MACERICH CO,2.0,9.0,15.0,12,0.011017,63.142500,3763.891625,5195.220250,621.370500,78.084000,898.808000,0.706496,0.015804,0.054624,0.114462,0.240726,0.366306,52,5.417885,5.100000,5.900000,0.239970
80399,2006,MAC,MACERICH CO,2.0,9.0,15.0,12,0.025100,75.588333,5401.116958,7182.898250,827.217250,55.693250,1142.596500,0.708420,0.019659,0.033326,0.092352,0.209657,0.495946,52,6.066346,5.670000,6.440000,0.195629
80399,2007,MAC,MACERICH CO,2.0,9.0,15.0,12,-0.010717,85.383333,6144.993542,7433.179250,896.168250,64.277000,1435.185250,0.671595,0.024704,0.028479,0.131560,0.235166,0.556800,52,6.025192,5.650000,6.430000,0.193528
80399,2008,MAC,MACERICH CO,2.0,9.0,15.0,12,-0.062117,54.271667,4005.914908,7823.503750,919.674750,86.916750,1301.080250,0.722611,0.016305,0.039688,0.111708,0.447998,1.059735,53,5.617170,4.830000,6.190000,0.346135
80399,2009,MAC,MACERICH CO,2.0,9.0,15.0,12,0.158467,21.550833,1806.744480,8042.389250,963.114500,76.259250,1364.736750,0.744555,0.015890,0.030907,0.111238,1.011436,2.472403,52,4.573846,4.270000,5.060000,0.176459
80399,2010,MAC,MACERICH CO,2.0,9.0,15.0,12,0.031942,41.024167,5032.678675,7394.288250,867.437750,153.627250,2043.476000,0.608619,0.035145,0.019067,0.095162,0.408938,2.756608,52,4.095577,3.570000,4.520000,0.275385
80399,2011,MAC,MACERICH CO,2.0,9.0,15.0,12,0.011292,50.398333,6615.371892,7573.147500,829.276750,33.085250,2850.537750,0.511872,0.049360,0.025406,0.032167,0.432392,2.636724,52,3.684231,3.210000,4.290000,0.348027
80399,2012,MAC,MACERICH CO,2.0,9.0,15.0,12,0.016025,57.560000,7668.947375,7842.135250,1024.393500,194.269500,2763.512000,0.530824,0.025500,0.033977,0.036157,0.360768,2.478271,52,2.934423,2.630000,3.300000,0.206059
80399,2013,MAC,MACERICH CO,2.0,9.0,15.0,12,0.005517,60.829167,8431.675450,9058.409500,994.035500,277.409000,3091.871500,0.547815,0.015305,0.039452,0.087190,0.367923,2.506296,52,3.100769,2.560000,3.600000,0.354538
80399,2014,MAC,MACERICH CO,2.0,9.0,15.0,12,0.033808,66.990000,9543.070250,9087.857750,1171.929750,167.146750,3299.207250,0.514894,0.009021,0.046442,0.118644,0.351630,1.461749,53,3.286038,3.080000,3.560000,0.110058
80399,2015,MAC,MACERICH CO,2.0,9.0,15.0,12,0.005233,80.683333,12767.319208,12221.232250,1197.279000,1142.721750,4975.201250,0.502534,0.008663,0.036073,0.207153,0.392699,0.781277,52,3.087500,2.920000,3.250000,0.101109
80399,2016,MAC,MACERICH CO,2.0,9.0,15.0,12,-0.005992,77.965833,11505.409458,11204.445250,1289.794250,946.986250,4761.643250,0.482061,0.011394,0.045472,0.171058,0.414992,0.618613,52,2.930769,2.720000,3.550000,0.213200
80399,2017,MAC,MACERICH CO,2.0,9.0,15.0,12,-0.000183,60.710833,8673.648500,9823.545750,1104.869000,430.970750,4021.524500,0.502713,0.014276,0.042636,0.116533,0.466640,0.407547,52,3.272500,3.080000,3.500000,0.105865
80399,2018,MAC,MACERICH CO,2.0,9.0,15.0,12,-0.028583,55.657500,7845.344875,9371.315750,1072.502500,91.110750,3414.042250,0.557664,0.015386,0.040660,0.075619,0.436958,0.512048,52,4.000192,3.380000,4.360000,0.207860
80399,2019,MAC,MACERICH CO,2.0,9.0,15.0,12,-0.029175,34.799167,4914.000892,8996.139500,1025.507250,87.948500,2903.384250,0.602212,0.016560,0.038093,0.028406,0.608616,0.619347,52,3.391731,3.000000,3.990000,0.299344
80399,2020,MAC,MACERICH CO,2.0,9.0,15.0,12,0.001158,10.132500,1461.081283,9039.385000,959.971250,82.671000,2593.965250,0.646701,0.037860,0.033503,0.029933,2.093705,1.629208,53,2.604906,2.170000,3.160000,0.277853
80399,2021,MAC,MACERICH CO,2.0,9.0,15.0,12,0.056508,16.049167,3121.862283,9170.082250,772.522000,-208.101000,2630.941750,0.646336,0.065265,0.018053,-0.044170,0.893274,2.190971,52,2.271923,2.100000,2.450000,0.093934
80399,2022,MAC,MACERICH CO,2.0,9.0,15.0,12,-0.015500,11.975000,2566.406158,8270.486750,844.144750,-16.767750,3011.428250,0.569677,0.020636,0.034662,-0.039766,1.228068,2.168614,52,4.583846,2.430000,6.380000,1.112739
80399,2023,MAC,MACERICH CO,2.0,9.0,15.0,12,0.042608,11.596667,2494.829633,7993.761500,832.021250,-81.428250,2818.073000,0.570619,0.023053,0.044136,-0.011498,1.151005,2.241714,52,6.111731,5.140000,7.030000,0.497037
80408,2000,SUS,STORAGE USA INC,2.0,10.0,16.0,12,0.013450,29.895833,824.273445,1758.604250,264.667250,63.661500,684.695750,0.469975,0.004863,0.056937,0.090018,0.832135,0.353482,52,7.718269,6.790000,8.310000,0.313048
80408,2001,SUS,STORAGE USA INC,2.0,10.0,16.0,12,0.031550,36.503333,994.984111,1770.315500,282.160000,62.562000,652.692250,0.494831,0.001964,0.068225,0.094235,0.664397,0.275759,52,6.502308,5.940000,6.780000,0.221436
80408,2002,SUS,STORAGE USA INC,2.0,10.0,16.0,3,0.009433,42.830000,1232.435100,1770.289000,297.834000,65.261000,657.699000,0.491834,0.002241,0.079525,0.095434,0.533688,0.250333,52,5.982692,5.320000,6.690000,0.437498
80412,2000,ADC,AGREE REALTY CORP,2.0,9.0,17.0,12,0.009025,14.593750,64.079864,157.056750,22.244000,6.803750,51.960750,0.606431,0.002404,0.076152,0.123772,0.815254,0.110940,52,7.718269,6.790000,8.310000,0.313048
80412,2001,ADC,AGREE REALTY CORP,2.0,9.0,17.0,12,0.035250,18.070833,79.760405,164.312750,24.453250,7.234000,51.403250,0.627638,0.002492,0.076073,0.135012,0.647991,0.148873,52,6.502308,5.940000,6.780000,0.221436
80412,2002,ADC,AGREE REALTY CORP,2.0,9.0,17.0,12,0.003200,17.810833,79.117254,166.181250,25.184500,7.997250,51.672250,0.630370,0.003253,0.082312,0.148638,0.655912,0.140157,52,5.982692,5.320000,6.690000,0.437498
80412,2003,ADC,AGREE REALTY CORP,2.0,9.0,17.0,12,0.051592,23.075833,124.326541,178.218750,25.826250,8.262500,52.670500,0.649402,0.002352,0.082943,0.162331,0.462794,0.166298,53,5.170943,4.600000,5.770000,0.273188
80412,2004,ADC,AGREE REALTY CORP,2.0,9.0,17.0,12,0.019250,28.083333,181.461642,191.082000,27.865500,9.485500,95.918750,0.441303,0.002163,0.084975,0.132965,0.533558,0.245512,52,5.206154,4.690000,5.720000,0.269023
80412,2005,ADC,AGREE REALTY CORP,2.0,9.0,17.0,12,-0.000892,28.509167,213.111337,214.619250,29.810000,12.488750,113.065500,0.358188,0.001389,0.085927,0.123771,0.530993,0.371059,52,5.417885,5.100000,5.900000,0.239970
80412,2006,ADC,AGREE REALTY CORP,2.0,9.0,17.0,12,0.020350,32.699167,251.892025,218.012000,31.750250,13.065500,129.960250,0.293153,0.007138,0.090842,0.127670,0.517170,0.436292,52,6.066346,5.670000,6.440000,0.195629
80412,2007,ADC,AGREE REALTY CORP,2.0,9.0,17.0,12,-0.004567,32.296667,250.132974,223.600000,33.049750,13.951000,130.420500,0.310042,0.001071,0.091172,0.113691,0.523611,0.626360,52,6.025192,5.650000,6.430000,0.193528
80412,2008,ADC,AGREE REALTY CORP,2.0,9.0,17.0,12,-0.015842,24.667500,192.281708,239.980750,34.517500,15.274250,131.910000,0.350841,0.001095,0.090022,0.113263,0.721563,0.897332,53,5.617170,4.830000,6.190000,0.346135
80412,2009,ADC,AGREE REALTY CORP,2.0,9.0,17.0,12,0.040308,18.931667,152.520062,256.639500,35.817500,15.403500,133.933000,0.393376,0.001318,0.086779,0.115059,0.928687,1.169401,52,4.573846,4.270000,5.060000,0.176459
80412,2010,ADC,AGREE REALTY CORP,2.0,9.0,17.0,12,0.020183,24.084167,226.293016,265.008750,35.139250,15.453500,147.587750,0.367837,0.012956,0.088113,0.119873,0.660866,1.108919,52,4.095577,3.570000,4.520000,0.275385
80412,2011,ADC,AGREE REALTY CORP,2.0,9.0,17.0,12,0.001817,23.268333,228.507091,280.285000,33.852500,9.317750,167.393000,0.331856,0.002296,0.092896,0.105441,0.733852,1.050183,52,3.684231,3.210000,4.290000,0.348027
80412,2012,ADC,AGREE REALTY CORP,2.0,9.0,17.0,12,0.014517,24.123333,275.099234,295.656500,33.015250,11.909750,178.163500,0.353899,0.005982,0.081458,0.073145,0.647365,0.981111,52,2.934423,2.630000,3.300000,0.206059
80412,2013,ADC,AGREE REALTY CORP,2.0,9.0,17.0,12,0.014025,29.731667,400.262243,373.457750,35.797750,14.422250,218.752500,0.379836,0.005265,0.063978,0.078850,0.547947,0.987345,52,3.100769,2.560000,3.600000,0.354538
80412,2014,ADC,AGREE REALTY CORP,2.0,9.0,17.0,12,0.011642,29.948333,454.415540,463.501250,44.804500,18.207250,276.462000,0.374608,0.012422,0.065006,0.078140,0.610738,0.689921,53,3.286038,3.080000,3.560000,0.110058
80412,2015,ADC,AGREE REALTY CORP,2.0,9.0,17.0,12,0.014150,31.658333,576.189082,618.629500,55.570500,20.734000,339.826000,0.421760,0.006995,0.058697,0.058809,0.594169,0.550816,52,3.087500,2.920000,3.250000,0.101109
80412,2016,ADC,AGREE REALTY CORP,2.0,9.0,17.0,12,0.031000,44.122500,1022.292345,835.111000,72.155000,39.115250,463.871250,0.416036,0.010150,0.057542,0.072237,0.461970,0.448214,52,2.930769,2.720000,3.550000,0.213200
80412,2017,ADC,AGREE REALTY CORP,2.0,9.0,17.0,12,0.013508,48.409167,1343.352817,1148.954500,94.717750,48.493500,684.286250,0.368706,0.014539,0.051083,0.074573,0.509125,0.395698,52,3.272500,3.080000,3.500000,0.105865
80412,2018,ADC,AGREE REALTY CORP,2.0,9.0,17.0,12,0.016158,53.105000,1685.314567,1500.253750,119.116500,57.621500,887.250750,0.366633,0.018034,0.055937,0.064831,0.533308,0.198401,52,4.000192,3.380000,4.360000,0.207860
80412,2019,ADC,AGREE REALTY CORP,2.0,9.0,17.0,12,0.019008,69.665000,2784.042892,2057.900750,146.395250,61.350750,1263.900250,0.348287,0.014642,0.048392,0.054100,0.455355,0.057580,52,3.391731,3.000000,3.990000,0.299344
80412,2020,ADC,AGREE REALTY CORP,2.0,9.0,17.0,12,0.000467,66.276667,3414.874383,2802.109500,193.690250,80.858250,1779.184250,0.330188,0.015867,0.045867,0.047261,0.519836,0.192483,53,2.604906,2.170000,3.160000,0.277853
80412,2021,ADC,AGREE REALTY CORP,2.0,9.0,17.0,12,0.010392,69.342500,4653.255292,4119.180500,261.010750,94.831000,2676.118750,0.323747,0.011971,0.037774,0.040867,0.574507,0.256348,52,2.271923,2.100000,2.450000,0.093934
80412,2022,ADC,AGREE REALTY CORP,2.0,9.0,17.0,12,0.004375,69.798333,5402.126167,5475.307000,350.163000,126.296250,3426.057500,0.323703,0.009572,0.046835,0.037078,0.637604,0.307547,52,4.583846,2.430000,6.380000,1.112739
80412,2023,ADC,AGREE REALTY CORP,2.0,9.0,17.0,12,-0.004883,64.319167,6052.005275,6881.930750,443.928250,154.467250,4562.389000,0.293290,0.011551,0.053776,0.035676,0.756854,0.359482,52,6.111731,5.140000,7.030000,0.497037
80417,2000,CEI,CRESCENT REAL ESTATE EQUITIES CO,2.0,4.0,13.0,12,0.028000,20.145833,2308.765967,4890.315750,807.328000,22.729000,1807.342000,0.521122,0.031241,0.059063,0.034488,0.788128,0.484042,52,7.718269,6.790000,8.310000,0.313048
80417,2001,CEI,CRESCENT REAL ESTATE EQUITIES CO,2.0,4.0,13.0,12,-0.007325,21.786667,2397.168642,4520.113000,789.941750,223.338250,1503.062500,0.512722,0.024735,0.059079,0.096977,0.636579,0.322327,52,6.502308,5.940000,6.780000,0.221436
80417,2002,CEI,CRESCENT REAL ESTATE EQUITIES CO,2.0,4.0,13.0,12,0.001742,17.513333,1948.825033,4288.435500,793.780750,33.750250,1226.614250,0.532994,0.034425,0.058340,0.065259,0.639717,0.299369,52,5.982692,5.320000,6.690000,0.437498
80417,2003,CEI,CRESCENT REAL ESTATE EQUITIES CO,2.0,4.0,13.0,12,0.013150,15.443333,1538.440083,4265.336000,1011.605000,42.109750,998.423750,0.568957,0.040864,0.044072,0.048319,0.652390,0.270203,53,5.170943,4.600000,5.770000,0.273188
80417,2004,CEI,CRESCENT REAL ESTATE EQUITIES CO,2.0,4.0,13.0,12,0.014883,16.822500,1665.912775,4390.752000,937.943000,23.840750,846.992750,0.604319,0.041098,0.030469,0.052686,0.509958,0.236509,52,5.206154,4.690000,5.720000,0.269023
80417,2005,CEI,CRESCENT REAL ESTATE EQUITIES CO,2.0,4.0,13.0,12,0.014783,18.612500,1861.684150,4164.927750,992.777500,126.836000,817.081750,0.568434,0.035018,0.023140,0.124352,0.441376,0.342801,52,5.417885,5.100000,5.900000,0.239970
80417,2006,CEI,CRESCENT REAL ESTATE EQUITIES CO,2.0,4.0,13.0,12,0.007758,20.463333,2088.118050,4125.294750,996.702750,50.855500,804.024750,0.555144,0.041587,0.025843,0.146252,0.386826,0.618549,52,6.066346,5.670000,6.440000,0.195629
80417,2007,CEI,CRESCENT REAL ESTATE EQUITIES CO,2.0,4.0,13.0,7,0.025114,21.128571,2173.136343,4164.339429,945.189571,24.511000,701.065143,0.566370,0.037429,-0.011488,0.094201,0.324190,0.739355,52,6.025192,5.650000,6.430000,0.193528
80424,2000,MLS,MILLS CORP,2.0,9.0,15.0,12,0.003908,17.713542,424.933595,1055.946250,197.068250,28.982750,55.907500,0.852577,0.017509,0.095766,0.387314,0.131563,0.306155,52,7.718269,6.790000,8.310000,0.313048
80424,2001,MLS,MILLS CORP,2.0,9.0,15.0,12,0.050708,22.290833,574.722512,1133.628750,202.589250,40.414750,39.523000,0.863899,0.024192,0.102640,0.607838,0.072572,0.366757,52,6.502308,5.940000,6.780000,0.221436
80424,2002,MLS,MILLS CORP,2.0,9.0,15.0,12,0.016017,28.624167,1036.223089,1419.218500,211.528000,38.341250,143.467500,0.750992,0.028679,0.091106,0.427283,0.134920,0.451364,52,5.982692,5.320000,6.690000,0.437498
80424,2003,MLS,MILLS CORP,2.0,9.0,15.0,12,0.040442,35.594167,1593.018558,2441.424250,271.024500,70.528500,377.172500,0.658993,0.027547,0.060883,0.195091,0.243022,0.387279,53,5.170943,4.600000,5.770000,0.273188
80424,2004,MLS,MILLS CORP,2.0,9.0,15.0,12,0.039867,50.701667,2679.588842,3444.559500,454.368250,124.635000,437.675750,0.647462,0.018850,0.069845,0.233920,0.165362,0.377481,52,5.206154,4.690000,5.720000,0.269023
80424,2005,MLS,MILLS CORP,2.0,9.0,15.0,12,-0.027442,54.605000,3050.012317,5802.191500,732.288750,160.251250,491.946000,0.616065,0.032363,0.058259,0.369767,0.162533,0.472886,52,5.417885,5.100000,5.900000,0.239970
80424,2006,MLS,MILLS CORP,2.0,9.0,15.0,12,-0.047950,26.309167,1489.177763,6788.600000,784.000000,49.900000,371.200000,0.651033,0.029815,0.051287,0.438066,0.203572,0.468404,52,6.066346,5.670000,6.440000,0.195629
80424,2007,MLS,MILLS CORP,2.0,9.0,15.0,3,0.082200,23.953333,1362.628667,,,,,,,,,,0.426788,52,6.025192,5.650000,6.430000,0.193528
80495,2000,JAMS,JAMESON INNS INC,2.0,5.0,9.0,12,-0.001700,7.070317,80.815990,318.612500,36.305250,10.562500,113.194250,0.538118,0.023086,0.089174,0.071523,1.418239,0.136494,52,7.718269,6.790000,8.310000,0.313048
80495,2001,JAMS,JAMESON INNS INC,2.0,5.0,9.0,12,-0.012783,6.442225,75.121420,345.912000,44.421750,6.580250,102.911250,0.615099,0.019047,0.085314,0.070667,1.435558,0.324764,52,6.502308,5.940000,6.780000,0.221436
80495,2002,JAMS,JAMESON INNS INC,2.0,5.0,9.0,12,-0.033283,3.290750,38.915912,340.913000,43.282000,-2.513250,85.136250,0.670670,0.016785,0.054346,0.008977,2.286040,0.307971,52,5.982692,5.320000,6.690000,0.437498
80495,2003,JAMS,JAMESON INNS INC,2.0,5.0,9.0,12,0.016242,2.623000,31.244958,324.274250,40.445000,-0.497000,76.495250,0.682231,0.014579,0.062268,-0.007897,2.516221,0.421551,53,5.170943,4.600000,5.770000,0.273188
80495,2004,JAMS,JAMESON INNS INC,2.0,5.0,9.0,1,0.285100,3.020000,42.606160,315.487000,37.703000,-0.867000,90.453000,0.684475,0.015180,0.060240,0.007715,2.123003,0.501127,52,5.206154,4.690000,5.720000,0.269023
80584,2000,WXH,WINSTON HOTELS INC,2.0,5.0,9.0,12,0.003808,7.768233,131.145297,405.753750,58.273250,12.706250,183.472250,0.431212,0.001489,0.098034,0.085287,1.400932,0.619943,52,7.718269,6.790000,8.310000,0.313048
80584,2001,WXH,WINSTON HOTELS INC,2.0,5.0,9.0,12,0.023175,8.748333,148.036238,393.475000,61.371250,13.721000,171.795500,0.440274,0.000768,0.099139,0.077887,1.188544,0.661073,52,6.502308,5.940000,6.780000,0.221436
80584,2002,WXH,WINSTON HOTELS INC,2.0,5.0,9.0,12,0.009742,8.406667,159.817081,379.346750,56.580750,8.613500,169.567500,0.426293,0.005058,0.087172,0.064781,1.084651,0.684165,52,5.982692,5.320000,6.690000,0.437498
80584,2003,WXH,WINSTON HOTELS INC,2.0,5.0,9.0,12,0.030850,8.616667,192.648576,359.567750,105.806500,7.817500,173.694250,0.394119,0.008937,0.068272,0.026426,0.943202,0.698833,53,5.170943,4.600000,5.770000,0.273188
80584,2004,WXH,WINSTON HOTELS INC,2.0,5.0,9.0,12,0.018908,10.555000,277.955293,387.694750,128.722500,11.763500,218.086250,0.310977,0.027126,0.064440,0.021314,0.780960,0.609249,52,5.206154,4.690000,5.720000,0.269023
80584,2005,WXH,WINSTON HOTELS INC,2.0,5.0,9.0,12,-0.008842,10.813333,286.459508,416.743250,133.102500,16.307500,216.334000,0.352372,0.013990,0.094190,0.054844,0.759521,0.673113,52,5.417885,5.100000,5.900000,0.239970
80584,2006,WXH,WINSTON HOTELS INC,2.0,5.0,9.0,12,0.030533,11.770833,326.587281,535.416750,150.876500,14.209500,200.898500,0.502057,0.029107,0.079966,0.043016,0.619452,0.611924,52,6.066346,5.670000,6.440000,0.195629
80584,2007,WXH,WINSTON HOTELS INC,2.0,5.0,9.0,6,0.021300,14.621667,429.576273,546.460000,178.408500,12.123000,211.402000,0.452408,0.019451,0.078473,0.040469,0.495001,0.596000,52,6.025192,5.650000,6.430000,0.193528
80681,2000,ESS,ESSEX PROPERTY TRUST INC,2.0,8.0,2.0,12,0.046683,44.901042,819.426731,1100.269250,149.140750,44.954500,388.722750,0.378318,0.026226,0.052488,0.093690,0.490029,0.237460,52,7.718269,6.790000,8.310000,0.313048
80681,2001,ESS,ESSEX PROPERTY TRUST INC,2.0,8.0,2.0,12,-0.003067,49.128333,910.053317,1287.244750,183.316750,44.343250,390.986000,0.462785,0.021270,0.068385,0.112876,0.430196,0.120913,52,6.502308,5.940000,6.780000,0.221436
80681,2002,ESS,ESSEX PROPERTY TRUST INC,2.0,8.0,2.0,12,0.008858,50.618333,935.962183,1352.570750,203.397750,48.734750,388.978500,0.485429,0.019445,0.074233,0.120432,0.417043,0.149568,52,5.982692,5.320000,6.690000,0.437498
80681,2003,ESS,ESSEX PROPERTY TRUST INC,2.0,8.0,2.0,12,0.024575,58.091667,1213.766514,1560.888250,211.170250,43.081000,458.709000,0.500672,0.010563,0.056381,0.115097,0.381161,0.153675,53,5.170943,4.600000,5.770000,0.273188
80681,2004,ESS,ESSEX PROPERTY TRUST INC,2.0,8.0,2.0,12,0.027625,69.980000,1601.849683,1907.686250,254.791500,32.291750,531.256000,0.530135,0.012718,0.054936,0.083047,0.334818,0.091928,52,5.206154,4.690000,5.720000,0.269023
80681,2005,ESS,ESSEX PROPERTY TRUST INC,2.0,8.0,2.0,12,0.013342,82.977500,1908.905950,2210.921500,358.836250,82.967000,575.221250,0.589302,0.016187,0.055660,0.109384,0.303770,0.147488,52,5.417885,5.100000,5.900000,0.239970
80681,2006,ESS,ESSEX PROPERTY TRUST INC,2.0,8.0,2.0,12,0.032025,116.129167,2675.587042,2277.657250,347.843500,46.561000,569.379750,0.603329,0.012018,0.057303,0.142278,0.215470,0.370138,52,6.066346,5.670000,6.440000,0.195629
80681,2007,ESS,ESSEX PROPERTY TRUST INC,2.0,8.0,2.0,12,-0.017767,121.058333,2997.570283,2578.784000,358.221500,38.367250,644.883250,0.558738,0.012514,0.066052,0.122077,0.219087,0.475180,52,6.025192,5.650000,6.430000,0.193528
80681,2008,ESS,ESSEX PROPERTY TRUST INC,2.0,8.0,2.0,12,-0.012242,107.095833,2744.559217,2999.977000,401.442750,45.142500,755.479000,0.561063,0.008322,0.064976,0.132665,0.278904,0.632204,53,5.617170,4.830000,6.190000,0.346135
80681,2009,ESS,ESSEX PROPERTY TRUST INC,2.0,8.0,2.0,12,0.017183,69.115000,1921.333342,3181.261250,427.890000,56.622750,854.465250,0.560442,0.022045,0.058422,0.109454,0.453932,0.775560,52,4.573846,4.270000,5.060000,0.176459
80681,2010,ESS,ESSEX PROPERTY TRUST INC,2.0,8.0,2.0,12,0.031575,101.872500,3065.774383,3288.068000,426.059250,30.378750,1009.870500,0.570151,0.015641,0.053592,0.054266,0.334905,0.805165,52,4.095577,3.570000,4.520000,0.275385
80681,2011,ESS,ESSEX PROPERTY TRUST INC,2.0,8.0,2.0,12,0.023417,132.685833,4375.459517,3732.295250,445.330000,32.414250,1132.736250,0.598997,0.014938,0.048261,0.033672,0.259428,0.801590,52,3.684231,3.210000,4.290000,0.348027
80681,2012,ESS,ESSEX PROPERTY TRUST INC,2.0,8.0,2.0,12,0.006950,149.380833,5308.548400,4083.155750,498.767250,47.878500,1395.399250,0.578802,0.008894,0.054285,0.033443,0.263133,0.801800,52,2.934423,2.630000,3.300000,0.206059
80681,2013,ESS,ESSEX PROPERTY TRUST INC,2.0,8.0,2.0,12,0.002300,152.923333,5794.059800,4844.338000,599.395750,108.915750,1716.002500,0.573516,0.008715,0.056917,0.057598,0.296610,0.809455,52,3.100769,2.560000,3.600000,0.354538
80681,2014,ESS,ESSEX PROPERTY TRUST INC,2.0,8.0,2.0,12,0.034275,183.945000,10600.484175,7063.461500,717.952250,126.686500,2838.038500,0.512742,0.008226,0.046871,0.081213,0.264136,0.802542,53,3.286038,3.080000,3.560000,0.110058
80681,2015,ESS,ESSEX PROPERTY TRUST INC,2.0,8.0,2.0,12,0.015433,224.086667,14617.408167,11839.899750,1054.420750,145.653000,6032.918250,0.446365,0.010581,0.043995,0.047937,0.413093,0.661475,52,3.087500,2.920000,3.250000,0.101109
80681,2016,ESS,ESSEX PROPERTY TRUST INC,2.0,8.0,2.0,12,0.001633,223.184167,14621.217500,12072.995750,1256.082000,239.123250,6142.840500,0.447313,0.010146,0.053695,0.030522,0.420675,0.604256,52,2.930769,2.720000,3.550000,0.213200
80681,2017,ESS,ESSEX PROPERTY TRUST INC,2.0,8.0,2.0,12,0.006150,248.473333,16347.556333,12341.745500,1370.812250,434.571750,6215.397500,0.454059,0.013821,0.058580,0.054784,0.381121,0.398471,52,3.272500,3.080000,3.500000,0.105865
80681,2018,ESS,ESSEX PROPERTY TRUST INC,2.0,8.0,2.0,12,0.004525,242.268333,16001.733083,12551.637500,1480.126500,419.445250,6316.468000,0.452420,0.008773,0.062698,0.068166,0.395217,0.297306,52,4.000192,3.380000,4.360000,0.207860
80681,2019,ESS,ESSEX PROPERTY TRUST INC,2.0,8.0,2.0,12,0.020167,299.729167,19729.421250,12537.721250,1520.053250,398.530000,6232.549500,0.458048,0.010096,0.065793,0.065060,0.317220,0.323058,52,3.391731,3.000000,3.990000,0.299344
80681,2020,ESS,ESSEX PROPERTY TRUST INC,2.0,8.0,2.0,12,-0.011658,237.944167,15610.892167,13082.887250,1615.954250,532.656250,6209.941500,0.477104,0.013473,0.069134,0.067134,0.404008,0.529090,53,2.604906,2.170000,3.160000,0.277853
80681,2021,ESS,ESSEX PROPERTY TRUST INC,2.0,8.0,2.0,12,0.036342,305.186667,19850.368375,12968.655500,1601.957750,498.954250,6015.509500,0.489200,0.015597,0.061755,0.084728,0.307473,0.600278,52,2.271923,2.100000,2.450000,0.093934
80681,2022,ESS,ESSEX PROPERTY TRUST INC,2.0,8.0,2.0,12,-0.036500,276.511667,18013.668000,12778.706500,1633.897500,428.728750,5931.916250,0.483429,0.005409,0.073731,0.087051,0.338154,0.633054,52,4.583846,2.430000,6.380000,1.112739
80681,2023,ESS,ESSEX PROPERTY TRUST INC,2.0,8.0,2.0,12,0.019025,225.225833,14489.326458,12380.570500,1656.778250,447.022750,5655.965750,0.489568,0.004905,0.078366,0.075631,0.391577,0.669517,52,6.111731,5.140000,7.030000,0.497037
80683,2000,FR,FIRST INDUSTRIAL REALTY TR INC,2.0,4.0,8.0,12,0.026492,29.848958,1150.316067,2548.813250,375.168750,121.437750,962.810750,0.458712,0.010035,0.069471,0.098614,0.842054,0.309232,52,7.718269,6.790000,8.310000,0.313048
80683,2001,FR,FIRST INDUSTRIAL REALTY TR INC,2.0,4.0,8.0,12,0.000725,31.141667,1222.684058,2638.616500,383.797250,120.617750,949.374000,0.476884,0.012842,0.061790,0.114036,0.778592,0.128704,52,6.502308,5.940000,6.780000,0.221436
80683,2002,FR,FIRST INDUSTRIAL REALTY TR INC,2.0,4.0,8.0,12,-0.000100,31.353333,1230.081092,2647.108000,353.556500,109.707250,898.041750,0.512547,0.017794,0.052206,0.118097,0.738335,0.160659,52,5.982692,5.320000,6.690000,0.437498
80683,2003,FR,FIRST INDUSTRIAL REALTY TR INC,2.0,4.0,8.0,12,0.023767,30.438333,1191.881475,2623.913000,324.592250,49.733500,825.274000,0.545141,0.014319,0.050318,0.130314,0.696511,0.085080,53,5.170943,4.600000,5.770000,0.273188
80683,2004,FR,FIRST INDUSTRIAL REALTY TR INC,2.0,4.0,8.0,12,0.024042,37.726667,1552.823975,2649.688250,315.905000,24.056750,837.012000,0.546823,0.020231,0.035522,0.131142,0.538482,0.038071,52,5.206154,4.690000,5.720000,0.269023
80683,2005,FR,FIRST INDUSTRIAL REALTY TR INC,2.0,4.0,8.0,12,0.002400,39.537500,1725.240650,2722.101750,342.552250,30.088500,795.861000,0.585846,0.003868,0.028323,0.129625,0.462000,0.103648,52,5.417885,5.100000,5.900000,0.239970
80683,2006,FR,FIRST INDUSTRIAL REALTY TR INC,2.0,4.0,8.0,12,0.023975,42.102500,1924.577633,3115.188000,347.837250,-30.527000,885.613250,0.579187,0.012642,0.019211,0.103197,0.459892,0.307806,52,6.066346,5.670000,6.440000,0.195629
80683,2007,FR,FIRST INDUSTRIAL REALTY TR INC,2.0,4.0,8.0,12,-0.017833,41.359167,1867.109117,3241.294250,397.123000,-49.933250,929.816750,0.574370,0.008858,0.018852,0.098691,0.503266,0.373511,52,6.025192,5.650000,6.430000,0.193528
80683,2008,FR,FIRST INDUSTRIAL REALTY TR INC,2.0,4.0,8.0,12,-0.080550,24.060000,1062.972749,3267.391250,443.553750,-60.722500,875.178000,0.597912,0.014148,0.024223,0.143546,1.125110,0.761082,53,5.617170,4.830000,6.190000,0.346135
80683,2009,FR,FIRST INDUSTRIAL REALTY TR INC,2.0,4.0,8.0,12,0.013417,4.250833,214.495169,3237.349750,481.193750,-93.817250,828.754000,0.632981,0.009979,0.025124,0.097723,4.401995,1.619983,52,4.573846,4.270000,5.060000,0.176459
80683,2010,FR,FIRST INDUSTRIAL REALTY TR INC,2.0,4.0,8.0,12,0.063350,6.261667,395.141730,3110.975000,347.288000,-44.174000,907.487000,0.623459,0.033404,0.037281,0.023169,2.456347,1.860568,52,4.095577,3.570000,4.520000,0.275385
80683,2011,FR,FIRST INDUSTRIAL REALTY TR INC,2.0,4.0,8.0,12,0.020325,10.728333,866.519125,2768.232500,318.099750,-106.369500,844.879250,0.613149,0.017552,0.035470,-0.137338,1.005121,1.989854,52,3.684231,3.210000,4.290000,0.348027
80683,2012,FR,FIRST INDUSTRIAL REALTY TR INC,2.0,4.0,8.0,12,0.027717,12.662500,1169.960563,2669.568750,321.416500,-31.693750,964.194250,0.554167,0.006069,0.037399,-0.104019,0.829639,1.975302,52,2.934423,2.630000,3.300000,0.206059
80683,2013,FR,FIRST INDUSTRIAL REALTY TR INC,2.0,4.0,8.0,12,0.022317,16.617500,1779.646267,2615.198000,320.718250,-12.618750,1104.519000,0.492484,0.003413,0.047705,-0.003718,0.625272,2.097130,52,3.100769,2.560000,3.600000,0.354538
80683,2014,FR,FIRST INDUSTRIAL REALTY TR INC,2.0,4.0,8.0,12,0.017442,18.714167,2064.308883,2595.563250,328.407000,6.588500,1061.408500,0.518454,0.002276,0.049904,0.020284,0.515919,1.953034,53,3.286038,3.080000,3.560000,0.110058
80683,2015,FR,FIRST INDUSTRIAL REALTY TR INC,2.0,4.0,8.0,12,0.009933,20.862500,2309.860050,2571.130500,350.729750,23.112750,1046.524000,0.522469,0.003506,0.055861,0.042099,0.454603,1.604370,52,3.087500,2.920000,3.250000,0.101109
80683,2016,FR,FIRST INDUSTRIAL REALTY TR INC,2.0,4.0,8.0,12,0.024050,25.645000,2965.993767,2721.337000,367.519750,80.522500,1092.894250,0.524156,0.010838,0.059414,0.059586,0.374028,1.106242,52,2.930769,2.720000,3.550000,0.213200
80683,2017,FR,FIRST INDUSTRIAL REALTY TR INC,2.0,4.0,8.0,12,0.012883,29.292500,3480.587275,2807.461750,379.925750,126.501750,1257.590500,0.479499,0.007722,0.063983,0.085621,0.362869,0.738809,52,3.272500,3.080000,3.500000,0.105865
80683,2018,FR,FIRST INDUSTRIAL REALTY TR INC,2.0,4.0,8.0,12,-0.003508,31.127500,3862.998633,3005.959250,396.873500,191.611500,1459.601250,0.446730,0.017041,0.063744,0.122995,0.379005,0.624017,52,4.000192,3.380000,4.360000,0.207860
80683,2019,FR,FIRST INDUSTRIAL REALTY TR INC,2.0,4.0,8.0,12,0.033633,37.601667,4761.120642,3175.393250,410.958250,167.432250,1634.813750,0.419502,0.014742,0.067488,0.116658,0.346007,0.600606,52,3.391731,3.000000,3.990000,0.299344
80683,2020,FR,FIRST INDUSTRIAL REALTY TR INC,2.0,4.0,8.0,12,0.006475,39.892500,5091.718417,3552.552750,440.095000,234.649250,1742.330250,0.440001,0.030246,0.069243,0.120276,0.344013,0.655185,53,2.604906,2.170000,3.160000,0.277853
80683,2021,FR,FIRST INDUSTRIAL REALTY TR INC,2.0,4.0,8.0,12,0.041392,52.455833,6791.184667,3802.869000,450.577750,214.121250,1907.586500,0.426102,0.041721,0.063682,0.116473,0.285518,0.582755,52,2.271923,2.100000,2.450000,0.093934
80683,2022,FR,FIRST INDUSTRIAL REALTY TR INC,2.0,4.0,8.0,12,-0.021475,52.731667,6952.271167,4299.133250,512.583750,266.618250,2183.648750,0.405693,0.017153,0.069612,0.114943,0.318256,0.657330,52,4.583846,2.430000,6.380000,1.112739
80683,2023,FR,FIRST INDUSTRIAL REALTY TR INC,2.0,4.0,8.0,12,0.011767,50.803333,6718.139842,4964.736250,649.477250,361.504750,2456.148750,0.422755,0.022092,0.078553,0.136635,0.367426,0.710665,52,6.111731,5.140000,7.030000,0.497037
80684,2000,FFA,FRANCHISE FINANCE CORP AMERICA,2.0,9.0,5.0,12,0.006950,22.802083,1282.892950,1736.812000,221.509000,148.569000,906.016000,0.444546,0.009348,0.083349,0.151677,0.707660,0.211354,52,7.718269,6.790000,8.310000,0.313048
80684,2001,FFA,FRANCHISE FINANCE CORP AMERICA,2.0,9.0,5.0,7,0.021500,24.502857,1378.217357,1734.130286,231.591714,144.717714,922.600857,0.430460,0.009594,0.086635,0.161273,0.670776,0.084223,52,6.502308,5.940000,6.780000,0.221436
80688,2000,HIW,HIGHWOODS PROPERTIES INC,2.0,4.0,13.0,12,0.015192,23.234375,1393.691475,4010.473500,580.946000,141.781500,1477.063000,0.443828,0.010294,0.062118,0.088821,1.063891,0.268700,52,7.718269,6.790000,8.310000,0.313048
80688,2001,HIW,HIGHWOODS PROPERTIES INC,2.0,4.0,13.0,12,0.012050,25.272500,1387.504992,3685.161250,559.215000,139.413750,1336.931250,0.443476,0.015360,0.070130,0.094345,0.964065,0.167293,52,6.502308,5.940000,6.780000,0.221436
80688,2002,HIW,HIGHWOODS PROPERTIES INC,2.0,4.0,13.0,12,-0.003508,24.906667,1322.011467,3615.419250,517.750250,115.549500,1228.648750,0.470122,0.006182,0.067369,0.102217,0.940202,0.143253,52,5.982692,5.320000,6.690000,0.437498
80688,2003,HIW,HIGHWOODS PROPERTIES INC,2.0,4.0,13.0,12,0.019108,22.686667,1208.789400,3419.847250,508.652000,49.033500,1162.856250,0.461631,0.005460,0.060676,0.090715,0.968190,0.091579,53,5.170943,4.600000,5.770000,0.273188
80688,2004,HIW,HIGHWOODS PROPERTIES INC,2.0,4.0,13.0,12,0.014792,24.904167,1333.330100,3450.974250,497.330250,37.409000,1084.411500,0.504874,0.006226,0.047390,0.058557,0.816744,0.083831,52,5.206154,4.690000,5.720000,0.269023
80688,2005,HIW,HIGHWOODS PROPERTIES INC,2.0,4.0,13.0,12,0.008825,28.337500,1529.051725,3243.789500,434.324500,31.937250,994.767500,0.506402,0.012737,0.052357,0.042736,0.654925,0.223506,52,5.417885,5.100000,5.900000,0.239970
80688,2006,HIW,HIGHWOODS PROPERTIES INC,2.0,4.0,13.0,12,0.036167,35.690833,1991.714117,2864.422000,415.525750,30.519000,927.066500,0.521123,0.005910,0.054282,0.056488,0.469863,0.361451,52,6.066346,5.670000,6.440000,0.195629
80688,2007,HIW,HIGHWOODS PROPERTIES INC,2.0,4.0,13.0,12,-0.019450,37.635000,2136.270633,2852.891250,430.476750,46.765250,911.516000,0.535717,0.005923,0.049720,0.062298,0.433326,0.497504,52,6.025192,5.650000,6.430000,0.193528
80688,2008,HIW,HIGHWOODS PROPERTIES INC,2.0,4.0,13.0,12,0.006850,31.440000,1859.538925,2945.150500,449.288000,43.689500,882.233750,0.578763,0.008077,0.054626,0.084306,0.481409,0.866380,53,5.617170,4.830000,6.190000,0.346135
80688,2009,HIW,HIGHWOODS PROPERTIES INC,2.0,4.0,13.0,12,0.029617,25.813333,1775.168783,2942.013750,462.878250,18.305500,1046.814500,0.542067,0.006567,0.058541,0.060973,0.614987,0.974073,52,4.573846,4.270000,5.060000,0.176459
80688,2010,HIW,HIGHWOODS PROPERTIES INC,2.0,4.0,13.0,12,0.002908,30.893333,2208.540600,2881.834500,465.864750,41.236000,1056.224750,0.521594,0.013262,0.064323,0.045695,0.479499,0.990920,52,4.095577,3.570000,4.520000,0.275385
80688,2011,HIW,HIGHWOODS PROPERTIES INC,2.0,4.0,13.0,12,0.000483,32.730000,2361.434667,2879.182000,469.450500,60.293000,994.651750,0.549180,0.008555,0.062941,0.063160,0.423531,0.978858,52,3.684231,3.210000,4.290000,0.348027
80688,2012,HIW,HIGHWOODS PROPERTIES INC,2.0,4.0,13.0,12,0.015342,33.007500,2482.037383,3167.083000,486.802500,36.702250,970.325750,0.603879,0.010448,0.060748,0.056096,0.391336,0.973413,52,2.934423,2.630000,3.300000,0.206059
80688,2013,HIW,HIGHWOODS PROPERTIES INC,2.0,4.0,13.0,12,0.012283,36.765833,3118.974525,3380.122250,512.814000,42.427750,1150.618000,0.560792,0.008701,0.060728,0.060777,0.369571,0.960050,52,3.100769,2.560000,3.600000,0.354538
80688,2014,HIW,HIGHWOODS PROPERTIES INC,2.0,4.0,13.0,12,0.021333,40.830833,3692.790408,3850.189750,570.737500,60.417750,1430.828750,0.531371,0.007971,0.064826,0.079855,0.389161,0.920684,53,3.286038,3.080000,3.560000,0.110058
80688,2015,HIW,HIGHWOODS PROPERTIES INC,2.0,4.0,13.0,12,0.003600,42.746667,4015.163967,3987.363500,613.024500,110.915750,1500.226250,0.525272,0.005615,0.066687,0.079388,0.375074,0.793583,52,3.087500,2.920000,3.250000,0.101109
80688,2016,HIW,HIGHWOODS PROPERTIES INC,2.0,4.0,13.0,12,0.018758,49.285000,4828.703258,4508.628250,624.566000,91.131250,1800.133500,0.508748,0.031743,0.065975,0.066941,0.372715,0.759395,52,2.930769,2.720000,3.550000,0.213200
80688,2017,HIW,HIGHWOODS PROPERTIES INC,2.0,4.0,13.0,12,0.003700,51.134167,5237.374325,4536.543750,676.641250,120.093750,2126.222500,0.435129,0.010515,0.070769,0.170849,0.406142,0.590114,52,3.272500,3.080000,3.500000,0.105865
80688,2018,HIW,HIGHWOODS PROPERTIES INC,2.0,4.0,13.0,12,-0.017317,45.675000,4723.270000,4633.170750,715.901500,181.229500,2191.105000,0.439601,0.011808,0.076757,0.153012,0.466570,0.610196,52,4.000192,3.380000,4.360000,0.207860
80688,2019,HIW,HIGHWOODS PROPERTIES INC,2.0,4.0,13.0,12,0.024825,45.407500,4707.604842,4708.037250,724.180250,157.301750,2180.825000,0.454820,0.002569,0.075665,0.080448,0.464390,0.787897,52,3.391731,3.000000,3.990000,0.299344
80688,2020,HIW,HIGHWOODS PROPERTIES INC,2.0,4.0,13.0,12,-0.006233,38.474167,3996.202900,5054.091500,752.084250,223.727750,2209.030500,0.478970,0.013730,0.072083,0.069894,0.562680,0.839665,53,2.604906,2.170000,3.160000,0.277853
80688,2021,HIW,HIGHWOODS PROPERTIES INC,2.0,4.0,13.0,12,0.014592,43.825000,4564.674842,5214.097750,741.683000,281.899750,2304.582250,0.475653,0.020836,0.070290,0.114696,0.506788,0.936200,52,2.271923,2.100000,2.450000,0.093934
80688,2022,HIW,HIGHWOODS PROPERTIES INC,2.0,4.0,13.0,12,-0.030708,35.477500,3725.840442,5704.160250,781.700000,293.275500,2428.275500,0.499506,0.007739,0.071500,0.137377,0.675743,0.941684,52,4.583846,2.430000,6.380000,1.112739
80688,2023,HIW,HIGHWOODS PROPERTIES INC,2.0,4.0,13.0,12,-0.002533,23.090000,2435.781933,6007.910250,834.756250,183.134500,2454.829750,0.526886,0.004134,0.069155,0.091218,1.026718,1.007143,52,6.111731,5.140000,7.030000,0.497037
80692,2000,MAL,MALAN REALTY INVESTORS INC,2.0,9.0,17.0,12,-0.006042,12.651042,65.446797,255.162750,44.622750,4.384750,46.336250,0.777474,0.022869,0.038699,0.072453,0.711180,0.020442,52,7.718269,6.790000,8.310000,0.313048
80692,2001,MAL,MALAN REALTY INVESTORS INC,2.0,9.0,17.0,12,-0.024617,8.504167,43.756336,244.337250,43.393250,-0.076250,37.457500,0.809822,0.017667,0.021051,0.053432,0.862508,0.056632,52,6.502308,5.940000,6.780000,0.221436
80692,2002,MAL,MALAN REALTY INVESTORS INC,2.0,9.0,17.0,12,-0.035292,4.708333,24.111826,227.594000,41.713750,-10.428250,21.369750,0.849136,0.031629,0.042305,-0.365980,0.879514,0.026301,52,5.982692,5.320000,6.690000,0.437498
80692,2003,MAL,MALAN REALTY INVESTORS INC,2.0,9.0,17.0,12,0.030992,4.384167,22.451318,202.245000,37.663000,-18.124000,23.914250,0.795018,0.058824,0.039179,-0.642581,1.054776,0.061628,53,5.170943,4.600000,5.770000,0.273188
80692,2004,MAL,MALAN REALTY INVESTORS INC,2.0,9.0,17.0,7,0.002914,4.932857,25.261161,125.970714,,,28.320571,0.670475,0.130420,,,1.121214,0.119106,52,5.206154,4.690000,5.720000,0.269023
80695,2000,SRW,SMITH CHARLES E RESDNTL RLTY INC,2.0,8.0,2.0,12,0.030267,40.598958,853.339943,1710.719000,322.557000,92.695750,228.064750,0.586983,0.008318,0.088256,0.380991,0.269453,0.058644,52,7.718269,6.790000,8.310000,0.313048
80695,2001,SRW,SMITH CHARLES E RESDNTL RLTY INC,2.0,8.0,2.0,10,0.005920,48.074000,1117.398946,2069.610600,398.906900,113.685900,305.199000,0.593631,0.003336,0.084216,0.396250,0.273979,-0.001459,52,6.502308,5.940000,6.780000,0.221436
80711,2000,AIV,APARTMENT INVESTMENT & MGMT CO,2.0,8.0,2.0,12,0.025967,43.088542,2900.306775,5637.048750,703.361000,79.225500,1612.519000,0.491617,0.016850,0.049002,0.053323,0.562701,0.195374,52,7.718269,6.790000,8.310000,0.313048
80711,2001,AIV,APARTMENT INVESTMENT & MGMT CO,2.0,8.0,2.0,12,-0.000575,45.406667,3334.165508,7768.991250,1212.194000,95.363250,1703.732000,0.561810,0.016506,0.053935,0.055572,0.511725,0.075002,52,6.502308,5.940000,6.780000,0.221436
80711,2002,AIV,APARTMENT INVESTMENT & MGMT CO,2.0,8.0,2.0,12,-0.008167,43.290000,3688.814150,8875.430000,1449.541000,132.958000,1850.862750,0.565338,0.008931,0.057939,0.064172,0.509302,0.133626,52,5.982692,5.320000,6.690000,0.437498
80711,2003,AIV,APARTMENT INVESTMENT & MGMT CO,2.0,8.0,2.0,12,0.002208,36.996667,3476.359742,10258.380250,1479.410250,145.150250,2222.636500,0.600404,0.009740,0.048927,0.072550,0.641690,0.126529,53,5.170943,4.600000,5.770000,0.273188
80711,2004,AIV,APARTMENT INVESTMENT & MGMT CO,2.0,8.0,2.0,12,0.017158,33.391667,3152.933625,10249.722500,1450.391750,48.974250,1993.415250,0.615314,0.009861,0.038696,0.077959,0.639485,0.093713,52,5.206154,4.690000,5.720000,0.269023
80711,2005,AIV,APARTMENT INVESTMENT & MGMT CO,2.0,8.0,2.0,12,0.006533,38.765000,3697.750642,10252.269000,1431.364750,48.094000,1943.982500,0.605807,0.018740,0.037145,0.111162,0.527301,0.144307,52,5.417885,5.100000,5.900000,0.239970
80711,2006,AIV,APARTMENT INVESTMENT & MGMT CO,2.0,8.0,2.0,12,0.038392,49.153333,4761.611650,10259.495750,1496.974500,-11.268000,1757.492750,0.629515,0.020629,0.036555,0.080099,0.374289,0.382054,52,6.066346,5.670000,6.440000,0.195629
80711,2007,AIV,APARTMENT INVESTMENT & MGMT CO,2.0,8.0,2.0,12,-0.027158,49.423333,4779.974733,10304.211750,1619.195500,-51.879500,1512.126000,0.676539,0.022483,0.047986,0.085345,0.324901,0.460154,52,6.025192,5.650000,6.430000,0.193528
80711,2008,AIV,APARTMENT INVESTMENT & MGMT CO,2.0,8.0,2.0,12,-0.034442,30.218333,2732.315478,10500.995750,1492.303500,-66.900750,1009.292500,0.716897,0.024839,0.044695,0.065579,0.439075,0.823262,53,5.617170,4.830000,6.190000,0.346135
80711,2009,AIV,APARTMENT INVESTMENT & MGMT CO,2.0,8.0,2.0,12,0.057383,10.272500,1169.204029,9306.002750,1293.244750,-100.238250,737.268500,0.722423,0.019237,0.039447,0.347845,0.778328,1.711065,52,4.573846,4.270000,5.060000,0.176459
80711,2010,AIV,APARTMENT INVESTMENT & MGMT CO,2.0,8.0,2.0,12,0.045617,20.785833,2432.962092,7993.471750,1141.134500,-178.007500,541.283250,0.726399,0.010736,0.032072,0.175055,0.229622,1.877316,52,4.095577,3.570000,4.520000,0.275385
80711,2011,AIV,APARTMENT INVESTMENT & MGMT CO,2.0,8.0,2.0,12,-0.005475,25.104167,3003.694908,7355.610500,1053.123000,-119.337250,375.537000,0.743083,0.014311,0.035462,-0.153952,0.125223,1.824809,52,3.684231,3.210000,4.290000,0.348027
80711,2012,AIV,APARTMENT INVESTMENT & MGMT CO,2.0,8.0,2.0,12,0.017183,26.315000,3509.537925,6921.325000,1000.431000,-116.969250,380.054250,0.748623,0.020317,0.039670,-0.209499,0.106611,1.725055,52,2.934423,2.630000,3.300000,0.206059
80711,2013,AIV,APARTMENT INVESTMENT & MGMT CO,2.0,8.0,2.0,12,0.000250,28.568333,4167.063283,6451.969000,977.406750,-36.939250,814.401500,0.743250,0.010958,0.050241,-0.003495,0.195995,1.687929,52,3.100769,2.560000,3.600000,0.354538
80711,2014,AIV,APARTMENT INVESTMENT & MGMT CO,2.0,8.0,2.0,12,0.035017,32.760000,4787.250975,6182.684000,994.153000,87.119000,897.887000,0.720109,0.007867,0.051652,0.199588,0.188126,1.160080,53,3.286038,3.080000,3.560000,0.110058
80711,2015,AIV,APARTMENT INVESTMENT & MGMT CO,2.0,8.0,2.0,12,0.009975,38.245833,5965.880792,6101.909500,991.580000,319.722500,1252.311250,0.649742,0.010934,0.053172,0.269227,0.210039,0.652498,52,3.087500,2.920000,3.250000,0.101109
80711,2016,AIV,APARTMENT INVESTMENT & MGMT CO,2.0,8.0,2.0,12,0.014967,42.760833,6694.895167,6194.574250,989.997250,247.648500,1490.305250,0.632917,0.008709,0.058717,0.222855,0.223439,0.474993,52,2.930769,2.720000,3.550000,0.213200
80711,2017,AIV,APARTMENT INVESTMENT & MGMT CO,2.0,8.0,2.0,12,-0.000075,44.258333,6944.132925,6228.326750,1002.513250,348.947500,1539.862000,0.652439,0.009560,0.060406,0.221262,0.221909,0.226842,52,3.272500,3.080000,3.500000,0.105865
80711,2018,AIV,APARTMENT INVESTMENT & MGMT CO,2.0,8.0,2.0,12,0.004450,42.464167,6667.474475,6262.006000,1013.405000,322.571750,1475.615250,0.687466,0.016264,0.063550,0.227214,0.221492,0.291855,52,4.000192,3.380000,4.360000,0.207860
80711,2019,AIV,APARTMENT INVESTMENT & MGMT CO,2.0,8.0,2.0,12,0.017783,50.929167,7607.988175,6224.899500,974.036250,840.498500,1774.238750,0.634912,0.017681,0.063700,0.332382,0.233347,0.433903,52,3.391731,3.000000,3.990000,0.299344
80711,2020,AIV,APARTMENT INVESTMENT & MGMT CO,2.0,8.0,2.0,12,0.003392,35.331667,5361.534517,6884.327250,788.360750,292.355000,1741.292500,0.671803,0.038899,0.054722,0.331623,0.462454,0.666642,53,2.604906,2.170000,3.160000,0.277853
80711,2021,AIV,APARTMENT INVESTMENT & MGMT CO,2.0,8.0,2.0,12,0.036925,6.657500,999.206967,3353.162500,228.559000,34.177750,1007.594500,0.627642,0.108555,0.003285,0.105050,1.145962,0.795919,52,2.271923,2.100000,2.450000,0.093934
80711,2022,AIV,APARTMENT INVESTMENT & MGMT CO,2.0,8.0,2.0,12,0.000942,7.364167,1121.228765,2460.388000,259.026000,49.513000,690.823250,0.634928,0.079422,-0.015330,-0.011090,0.619725,0.884286,52,4.583846,2.430000,6.380000,1.112739
80711,2023,AIV,APARTMENT INVESTMENT & MGMT CO,2.0,8.0,2.0,12,0.011858,7.540000,1121.197408,2220.748500,273.220250,56.442000,709.628250,0.526340,0.094119,0.092612,0.075711,0.637219,0.959024,52,6.111731,5.140000,7.030000,0.497037
80723,2000,HME,HOME PROPERTIES INC,2.0,8.0,2.0,12,0.008692,28.427083,579.063386,1595.777500,246.326250,27.796500,427.176250,0.446084,0.029154,0.062098,0.058599,0.743116,0.338816,52,7.718269,6.790000,8.310000,0.313048
80723,2001,HME,HOME PROPERTIES INC,2.0,8.0,2.0,12,0.017342,29.738333,649.452142,1872.619250,323.944750,43.518250,438.327250,0.450420,0.030220,0.066636,0.083996,0.676533,0.151607,52,6.502308,5.940000,6.780000,0.221436
80723,2002,HME,HOME PROPERTIES INC,2.0,8.0,2.0,12,0.014200,34.255000,881.569585,2149.615250,358.609500,60.431500,518.461000,0.487122,0.030108,0.068899,0.115352,0.590141,0.097516,52,5.982692,5.320000,6.690000,0.437498
80723,2003,HME,HOME PROPERTIES INC,2.0,8.0,2.0,12,0.019675,36.374167,1037.070963,2442.671750,382.122250,40.278250,569.045250,0.541492,0.021135,0.059914,0.099987,0.555866,0.085519,53,5.170943,4.600000,5.770000,0.273188
80723,2004,HME,HOME PROPERTIES INC,2.0,8.0,2.0,12,0.011433,40.005833,1311.008000,2672.365000,421.942500,34.476500,657.136000,0.568460,0.019213,0.055859,0.070676,0.502105,0.057035,52,5.206154,4.690000,5.720000,0.269023
80723,2005,HME,HOME PROPERTIES INC,2.0,8.0,2.0,12,0.002217,41.085000,1319.585783,2821.049500,413.402750,29.968500,617.888000,0.618736,0.018304,0.053333,0.069705,0.469182,0.087413,52,5.417885,5.100000,5.900000,0.239970
80723,2006,HME,HOME PROPERTIES INC,2.0,8.0,2.0,12,0.037125,54.639167,1799.718158,2935.393000,417.964500,24.314000,604.450000,0.640732,0.018160,0.048646,0.110505,0.339377,0.290841,52,6.066346,5.670000,6.440000,0.195629
80723,2007,HME,HOME PROPERTIES INC,2.0,8.0,2.0,12,-0.015892,52.633333,1752.532442,3183.745750,452.486750,28.524000,685.416000,0.656875,0.023960,0.049857,0.149559,0.395791,0.452320,52,6.025192,5.650000,6.430000,0.193528
80723,2008,HME,HOME PROPERTIES INC,2.0,8.0,2.0,12,0.003267,48.284167,1547.677517,3208.120000,491.496500,22.876250,657.036750,0.684824,0.012945,0.051293,0.119918,0.430015,0.601048,53,5.617170,4.830000,6.190000,0.346135
80723,2009,HME,HOME PROPERTIES INC,2.0,8.0,2.0,12,0.028442,37.125000,1225.754892,3266.238500,499.209500,20.093000,641.391750,0.700457,0.010600,0.048826,0.101227,0.537103,0.863863,52,4.573846,4.270000,5.060000,0.176459
80723,2010,HME,HOME PROPERTIES INC,2.0,8.0,2.0,12,0.017817,49.743333,1813.571867,3285.809750,502.583250,18.322250,681.305000,0.699460,0.011187,0.045974,0.075257,0.377345,0.907443,52,4.095577,3.570000,4.520000,0.275385
80723,2011,HME,HOME PROPERTIES INC,2.0,8.0,2.0,12,0.008517,60.026667,2509.212483,3637.612000,524.831500,21.875250,754.449000,0.710635,0.014001,0.044236,0.037942,0.302137,0.869730,52,3.684231,3.210000,4.290000,0.348027
80723,2012,HME,HOME PROPERTIES INC,2.0,8.0,2.0,12,0.009483,61.024167,3008.392433,4201.597500,573.093250,38.108500,1167.189500,0.641306,0.022579,0.050284,0.030748,0.388566,0.809958,52,2.934423,2.630000,3.300000,0.206059
80723,2013,HME,HOME PROPERTIES INC,2.0,8.0,2.0,12,-0.005767,60.306667,3265.163825,4443.007500,634.298750,66.502750,1335.436000,0.618826,0.011836,0.061080,0.073421,0.409928,0.790591,52,3.100769,2.560000,3.600000,0.354538
80723,2014,HME,HOME PROPERTIES INC,2.0,8.0,2.0,12,0.021892,62.158333,3555.082667,4419.803250,648.475000,87.056750,1626.719000,0.546113,0.007908,0.067147,0.100276,0.458750,0.570177,53,3.286038,3.080000,3.560000,0.110058
80723,2015,HME,HOME PROPERTIES INC,2.0,8.0,2.0,9,0.017622,72.238889,4180.501378,4484.544667,672.131667,104.957333,1646.303333,0.547813,0.009036,0.068418,0.098122,0.394201,0.368979,52,3.087500,2.920000,3.250000,0.101109
80747,2000,FLCO,FELCOR SUITE HOTELS INC,2.0,5.0,9.0,12,0.038025,20.578125,1176.924992,4244.078250,501.480000,107.291500,1789.335750,0.431564,0.010947,0.069265,0.064331,1.531178,0.478744,52,7.718269,6.790000,8.310000,0.313048
80747,2001,FLCO,FELCOR SUITE HOTELS INC,2.0,5.0,9.0,12,-0.014167,20.295000,1075.524492,4188.205750,663.217000,61.108250,1528.716500,0.455450,0.030082,0.066843,0.052411,1.478213,0.307218,52,6.502308,5.940000,6.780000,0.221436
80747,2002,FLCO,FELCOR SUITE HOTELS INC,2.0,5.0,9.0,12,-0.023317,16.180833,869.105609,4148.654000,1200.072500,-23.735000,1389.976000,0.475191,0.046204,0.034827,0.000201,1.667462,0.490483,52,5.982692,5.320000,6.690000,0.437498
80747,2003,FLCO,FELCOR SUITE HOTELS INC,2.0,5.0,9.0,12,0.008233,8.980833,529.210708,3894.307000,1226.873000,-121.665500,1293.779250,0.503037,0.031929,0.024508,-0.092036,2.540110,0.554886,53,5.170943,4.600000,5.770000,0.273188
80747,2004,FLCO,FELCOR SUITE HOTELS INC,2.0,5.0,9.0,12,0.026150,11.606667,689.313584,3593.544250,1139.966750,-220.352500,990.452250,0.555547,0.055785,0.017444,-0.242437,1.457553,0.569290,52,5.206154,4.690000,5.720000,0.269023
80747,2005,FLCO,FELCOR SUITE HOTELS INC,2.0,5.0,9.0,12,0.016583,14.552500,873.694651,3340.488500,1134.151500,-87.514000,846.371500,0.531419,0.048687,0.017556,-0.200808,0.982266,0.804467,52,5.417885,5.100000,5.900000,0.239970
80747,2006,FLCO,FELCOR SUITE HOTELS INC,2.0,5.0,9.0,12,0.024642,21.093333,1291.306050,2910.341500,1009.654750,-71.839500,618.826500,0.543987,0.042173,0.040354,-0.314399,0.483236,1.293289,52,6.066346,5.670000,6.440000,0.195629
80747,2007,FLCO,FELCOR SUITE HOTELS INC,2.0,5.0,9.0,12,-0.019358,22.272500,1388.625170,2604.636750,1010.263750,19.079250,546.738250,0.525007,0.061681,0.051609,-0.133623,0.405504,1.244688,52,6.025192,5.650000,6.430000,0.193528
80747,2008,FLCO,FELCOR SUITE HOTELS INC,2.0,5.0,9.0,12,-0.125100,8.815833,553.881943,2641.368750,1068.946000,34.430750,509.396750,0.546576,0.039726,0.054239,0.138311,1.511318,1.613867,53,5.617170,4.830000,6.190000,0.346135
80747,2009,FLCO,FELCOR SUITE HOTELS INC,2.0,5.0,9.0,11,0.175182,2.861818,184.813491,2536.512727,1045.677273,-79.719455,309.041182,0.620234,0.033718,0.053406,-0.179274,2.060914,2.680827,52,4.573846,4.270000,5.060000,0.176459
80747,2010,FLCO,FELCOR SUITE HOTELS INC,2.0,5.0,9.0,12,0.088133,5.561667,463.769261,2590.432500,875.839000,-105.503250,201.609500,0.653646,0.098560,0.029460,-0.505325,0.481943,3.005247,52,4.095577,3.570000,4.520000,0.275385
80747,2011,FLCO,FELCOR SUITE HOTELS INC,2.0,5.0,9.0,12,-0.050492,4.853333,556.673758,2403.415750,888.875750,-189.312250,119.393000,0.645351,0.083868,0.019887,-1.697141,0.239464,3.128832,52,3.684231,3.210000,4.290000,0.348027
80747,2012,FLCO,FELCOR SUITE HOTELS INC,2.0,5.0,9.0,12,0.040625,4.317500,536.559629,2382.635250,882.998750,-138.739250,71.391250,0.662037,0.079337,0.021851,-1.950024,0.139275,3.116383,52,2.934423,2.630000,3.300000,0.206059
80747,2013,FLCO,FELCOR SUITE HOTELS INC,2.0,5.0,9.0,12,0.051017,6.192500,768.678025,2243.134750,881.959250,-165.326250,18.684000,0.736721,0.066699,0.021545,0.234070,0.027748,3.183248,52,3.100769,2.560000,3.600000,0.354538
80747,2014,FLCO,FELCOR SUITE HOTELS INC,2.0,5.0,9.0,12,0.026175,9.802500,1217.740172,2140.143750,908.798000,-85.566500,,0.765508,0.062771,0.034047,0.825142,,3.062302,53,3.286038,3.080000,3.560000,0.110058
80747,2015,FLCO,FELCOR SUITE HOTELS INC,2.0,5.0,9.0,12,-0.027575,9.322500,1283.817295,2091.528750,921.096500,89.028250,0.823000,0.751384,0.044649,0.049291,-0.169246,0.000738,2.589001,52,3.087500,2.920000,3.250000,0.101109
80747,2016,FLCO,FELCOR SUITE HOTELS INC,2.0,5.0,9.0,12,0.014383,7.002500,973.573159,1875.929750,889.886000,-7.454250,,0.762629,0.042660,0.076084,-0.113195,,1.959824,52,2.930769,2.720000,3.550000,0.213200
80747,2017,FLCO,FELCOR SUITE HOTELS INC,2.0,5.0,9.0,8,-0.007063,7.408750,1024.332457,1706.217375,866.828000,-2.831125,,0.783790,0.041249,0.082129,0.102406,,1.507199,52,3.272500,3.080000,3.500000,0.105865
80774,2013,GEO,GEO GROUP INC,2.0,1.0,1.0,12,0.006100,34.205833,2400.626367,2895.761750,1484.112000,134.066750,1084.853250,0.526535,0.024604,0.086025,0.107106,0.455569,0.682959,52,3.100769,2.560000,3.600000,0.354538
80774,2014,WHC,WACKENHUT CORRECTIONS CORP,2.0,1.0,1.0,12,0.025042,35.988333,2622.553250,2897.735000,1536.720250,137.801250,1038.660250,0.543218,0.019856,0.070804,0.119254,0.399519,0.609376,53,3.286038,3.080000,3.560000,0.110058
80774,2015,WHC,WACKENHUT CORRECTIONS CORP,2.0,1.0,1.0,12,-0.017875,35.793333,2668.626767,3192.386750,1705.963750,139.060250,1051.280000,0.565695,0.019194,0.059355,0.127162,0.402323,0.612259,52,3.087500,2.920000,3.250000,0.101109
80774,2016,WHC,WACKENHUT CORRECTIONS CORP,2.0,1.0,1.0,12,0.044167,30.361667,2273.443525,3520.357750,1892.219250,138.453750,999.595000,0.617220,0.021680,0.032489,0.138146,0.453527,0.706654,52,2.930769,2.720000,3.550000,0.213200
80774,2017,WHC,WACKENHUT CORRECTIONS CORP,2.0,1.0,1.0,12,0.007400,32.359167,3490.022508,3988.146750,2190.271500,153.342750,1103.531250,0.631410,0.046479,0.000752,0.146680,0.320744,1.088000,52,3.272500,3.080000,3.500000,0.105865
80774,2018,WHC,WACKENHUT CORRECTIONS CORP,2.0,1.0,1.0,12,-0.004850,23.385000,2869.918392,4249.032000,2271.581750,148.410000,1168.052500,0.625202,0.024838,0.079003,0.134684,0.410562,0.981052,52,4.000192,3.380000,4.360000,0.207860
80774,2019,WHC,WACKENHUT CORRECTIONS CORP,2.0,1.0,1.0,12,-0.000117,18.785833,2276.933567,4295.501500,2354.262000,149.812500,1055.277250,0.654162,0.023456,0.083829,0.132151,0.473220,1.077380,52,3.391731,3.000000,3.990000,0.299344
80774,2020,WHC,WACKENHUT CORRECTIONS CORP,2.0,1.0,1.0,12,-0.035508,11.615833,1410.254783,4257.743000,2462.992750,156.377500,994.915750,0.663805,0.018599,0.085795,0.155595,0.724080,0.905555,53,2.604906,2.170000,3.160000,0.277853
80774,2021,WHC,WACKENHUT CORRECTIONS CORP,2.0,1.0,1.0,12,0.003708,7.349167,897.464936,4424.754250,2341.074000,133.558750,971.313500,0.673634,0.068248,0.092878,0.141849,1.105741,0.671164,52,2.271923,2.100000,2.450000,0.093934
80774,2022,WHC,WACKENHUT CORRECTIONS CORP,2.0,1.0,1.0,12,0.039383,7.767500,960.896672,4572.602750,2254.849750,89.624000,1090.329750,0.666416,0.127100,0.064737,0.097840,1.177949,0.594215,52,4.583846,2.430000,6.380000,1.112739
80774,2023,WHC,WACKENHUT CORRECTIONS CORP,2.0,1.0,1.0,12,0.004717,8.575833,1075.462207,3709.691000,2390.881750,137.834500,1246.237500,0.552183,0.023313,0.074611,0.118970,1.186964,0.625125,52,6.111731,5.140000,7.030000,0.497037
80779,2000,VRE,VERIS RESIDENTIAL INC,2.0,4.0,13.0,12,0.014408,26.322917,1538.947333,3626.647750,556.342750,139.629750,1460.819000,0.419450,0.003623,0.068910,0.082555,0.950738,0.278092,52,7.718269,6.790000,8.310000,0.313048
80779,2001,VRE,VERIS RESIDENTIAL INC,2.0,4.0,13.0,12,0.014758,28.576667,1624.090733,3691.029250,575.509250,166.757250,1455.894500,0.443230,0.005827,0.058636,0.108994,0.899359,0.129410,52,6.502308,5.940000,6.780000,0.221436
80779,2002,VRE,VERIS RESIDENTIAL INC,2.0,4.0,13.0,12,0.006358,32.215000,1847.756358,3754.872000,577.739000,138.073250,1444.125250,0.455492,0.010325,0.077414,0.106748,0.784545,0.077802,52,5.982692,5.320000,6.690000,0.437498
80779,2003,VRE,VERIS RESIDENTIAL INC,2.0,4.0,13.0,12,0.033942,35.225833,2037.783217,3803.278000,577.309250,133.621000,1456.581750,0.459682,0.008266,0.068718,0.094341,0.726218,0.075952,53,5.170943,4.600000,5.770000,0.273188
80779,2004,VRE,VERIS RESIDENTIAL INC,2.0,4.0,13.0,12,0.015692,42.594167,2571.255075,3744.106750,583.158750,132.874500,1514.132000,0.434860,0.010969,0.063667,0.095061,0.591093,0.054167,52,5.206154,4.690000,5.720000,0.269023
80779,2005,VRE,VERIS RESIDENTIAL INC,2.0,4.0,13.0,12,0.000650,44.069167,2712.487683,3993.674750,583.664750,93.070250,1517.893500,0.463235,0.005619,0.065229,0.078621,0.560296,0.145683,52,5.417885,5.100000,5.900000,0.239970
80779,2006,VRE,VERIS RESIDENTIAL INC,2.0,4.0,13.0,12,0.019808,48.620000,3030.703142,4335.598250,621.245250,84.621750,1489.818000,0.496308,0.008705,0.056945,0.065559,0.494858,0.347490,52,6.066346,5.670000,6.440000,0.195629
80779,2007,VRE,VERIS RESIDENTIAL INC,2.0,4.0,13.0,12,-0.026375,43.870000,2953.645742,4546.318750,744.766000,78.145750,1613.337250,0.477348,0.019798,0.050612,0.082919,0.561535,0.521378,52,6.025192,5.650000,6.430000,0.193528
80779,2008,VRE,VERIS RESIDENTIAL INC,2.0,4.0,13.0,12,-0.007975,33.034167,2178.069792,4577.821500,804.942000,72.657250,1622.555750,0.481586,0.009444,0.058081,0.079944,0.783567,0.763767,53,5.617170,4.830000,6.190000,0.346135
80779,2009,VRE,VERIS RESIDENTIAL INC,2.0,4.0,13.0,12,0.047275,26.671667,2001.794083,4470.246250,744.401750,57.804500,1603.468500,0.492378,0.008555,0.062686,0.049081,0.858116,1.298149,52,4.573846,4.270000,5.060000,0.176459
80779,2010,VRE,VERIS RESIDENTIAL INC,2.0,4.0,13.0,12,0.002375,32.720833,2594.976008,4670.212000,754.591000,60.053750,1801.761000,0.491250,0.056929,0.060883,0.032354,0.695569,1.335687,52,4.095577,3.570000,4.520000,0.275385
80779,2011,VRE,VERIS RESIDENTIAL INC,2.0,4.0,13.0,12,-0.010925,31.490000,2712.456017,4369.677750,779.149500,54.255500,1834.789250,0.457548,0.013175,0.050905,0.031063,0.687517,1.304266,52,3.684231,3.210000,4.290000,0.348027
80779,2012,VRE,VERIS RESIDENTIAL INC,2.0,4.0,13.0,12,0.004475,27.390000,2401.194350,4293.818000,707.276500,65.048750,1878.229250,0.446646,0.009236,0.060516,0.035246,0.783621,1.264854,52,2.934423,2.630000,3.300000,0.206059
80779,2013,VRE,VERIS RESIDENTIAL INC,2.0,4.0,13.0,12,-0.010033,24.410000,2146.071008,4504.737750,673.238250,33.824000,1768.335750,0.490050,0.019783,0.052779,0.029258,0.835105,1.268730,52,3.100769,2.560000,3.600000,0.354538
80779,2014,VRE,VERIS RESIDENTIAL INC,2.0,4.0,13.0,12,-0.004942,20.435833,1812.886808,4458.426500,662.920000,-63.991000,1655.916500,0.514230,0.041840,0.043109,0.004354,0.915856,0.995891,53,3.286038,3.080000,3.560000,0.110058
80779,2015,VRE,VERIS RESIDENTIAL INC,2.0,4.0,13.0,12,0.022600,19.828333,1767.821625,4225.440750,627.151250,20.130000,1628.158500,0.500962,0.018388,0.038772,0.006474,0.930014,0.800977,52,3.087500,2.920000,3.250000,0.101109
80779,2016,VRE,VERIS RESIDENTIAL INC,2.0,4.0,13.0,12,0.022867,25.660000,2299.787725,4126.845500,594.462250,-84.523000,1496.246000,0.528321,0.021218,0.039330,-0.043067,0.659043,0.914162,52,2.930769,2.720000,3.550000,0.213200
80779,2017,VRE,VERIS RESIDENTIAL INC,2.0,4.0,13.0,12,-0.021192,25.350833,2277.825017,4680.776500,634.426000,57.344750,1509.844250,0.558767,0.024609,0.027508,0.008781,0.668491,0.947262,52,3.272500,3.080000,3.500000,0.105865
80779,2018,VRE,VERIS RESIDENTIAL INC,2.0,4.0,13.0,12,-0.000958,19.584167,1766.456383,4906.823500,602.969000,33.031000,1490.024750,0.555707,0.015683,0.037236,0.034051,0.850163,1.087689,52,4.000192,3.380000,4.360000,0.207860
80779,2019,VRE,VERIS RESIDENTIAL INC,2.0,4.0,13.0,12,0.018717,22.070833,1995.682442,5177.208500,500.950000,150.139000,1575.826750,0.532744,0.009212,0.030798,0.029998,0.791706,0.959555,52,3.391731,3.000000,3.990000,0.299344
80779,2020,VRE,VERIS RESIDENTIAL INC,2.0,4.0,13.0,12,-0.041417,14.970000,1356.750289,5414.819250,360.562250,46.755000,1474.034000,0.550336,0.008153,0.025541,0.053948,1.116021,0.967818,53,2.604906,2.170000,3.160000,0.277853
80779,2021,VRE,VERIS RESIDENTIAL INC,2.0,4.0,13.0,12,0.034458,16.586667,1506.801217,5022.591000,310.489750,-133.451500,1369.246500,0.557128,0.020858,0.014110,-0.002373,0.918302,0.874241,52,2.271923,2.100000,2.450000,0.093934
80779,2022,VRE,VERIS RESIDENTIAL INC,2.0,4.0,13.0,12,-0.003242,15.225833,1385.865217,4416.326750,298.841000,-130.201250,1290.492000,0.522425,0.011075,0.013727,-0.076310,0.943853,0.906526,52,4.583846,2.430000,6.380000,1.112739
80779,2023,VRE,VERIS RESIDENTIAL INC,2.0,4.0,13.0,12,0.004733,16.170000,1483.880008,3937.587250,280.906500,-69.708000,1212.686750,0.497624,0.038691,0.015263,-0.068224,0.823892,0.963447,52,6.111731,5.140000,7.030000,0.497037
81045,2000,O,REALTY INCOME CORP,2.0,9.0,5.0,12,0.025425,22.708333,606.391646,908.964750,106.292250,48.123750,503.602750,0.396030,0.002263,0.080449,0.100214,0.835563,0.097132,52,7.718269,6.790000,8.310000,0.313048
81045,2001,O,REALTY INCOME CORP,2.0,9.0,5.0,12,0.021867,28.000000,824.303373,927.487000,119.023000,54.952500,531.404500,0.402845,0.003280,0.067049,0.106766,0.650670,0.043415,52,6.502308,5.940000,6.780000,0.221436
81045,2002,O,REALTY INCOME CORP,2.0,9.0,5.0,12,0.021325,33.764167,1149.303425,1006.776000,125.558500,67.651250,651.854500,0.330556,0.009548,0.087699,0.103660,0.567654,0.027619,52,5.982692,5.320000,6.690000,0.437498
81045,2003,O,REALTY INCOME CORP,2.0,9.0,5.0,12,0.016692,38.000000,1356.939525,1092.231000,138.887750,71.363000,691.801250,0.322268,0.005893,0.114010,0.106044,0.512872,0.032114,53,5.170943,4.600000,5.770000,0.273188
81045,2004,O,REALTY INCOME CORP,2.0,9.0,5.0,12,0.026133,43.935833,1729.286050,1344.905250,152.752000,75.969000,811.377750,0.358371,0.005725,0.070913,0.106847,0.469416,0.010381,52,5.206154,4.690000,5.720000,0.269023
81045,2005,O,REALTY INCOME CORP,2.0,9.0,5.0,12,-0.007492,23.561667,1905.106617,1493.691000,176.365500,83.933250,868.671250,0.374990,0.003974,0.105314,0.110106,0.456820,0.134649,52,5.417885,5.100000,5.900000,0.239970
81045,2006,O,REALTY INCOME CORP,2.0,9.0,5.0,12,0.026875,24.225000,2219.494283,1906.306000,200.743000,89.909500,1009.786000,0.431247,0.010755,0.061020,0.106167,0.459138,0.295630,52,6.066346,5.670000,6.440000,0.195629
81045,2007,O,REALTY INCOME CORP,2.0,9.0,5.0,12,0.004625,27.373333,2762.983875,2456.725750,246.995000,110.841500,1381.331000,0.381907,0.015816,0.054992,0.083335,0.502097,0.410121,52,6.025192,5.650000,6.430000,0.193528
81045,2008,O,REALTY INCOME CORP,2.0,9.0,5.0,12,-0.003217,24.120833,2465.374825,3059.003750,300.679750,123.758500,1432.475000,0.480565,0.041689,0.088568,0.083286,0.583758,0.571647,53,5.617170,4.830000,6.190000,0.346135
81045,2009,O,REALTY INCOME CORP,2.0,9.0,5.0,12,0.020400,22.541667,2351.007142,2987.124750,327.823000,116.390500,1447.341750,0.463526,0.017224,0.081687,0.088299,0.625944,0.673276,52,4.573846,4.270000,5.060000,0.176459
81045,2010,O,REALTY INCOME CORP,2.0,9.0,5.0,12,0.028925,31.817500,3409.694208,2966.255000,326.497500,120.285750,1379.438000,0.481492,0.003198,0.076374,0.087543,0.408218,0.695688,52,4.095577,3.570000,4.520000,0.275385
81045,2011,O,REALTY INCOME CORP,2.0,9.0,5.0,12,0.006792,34.305833,4343.295458,3645.683250,352.796750,125.165500,1821.472500,0.454320,0.033101,0.068432,0.078683,0.419401,0.652541,52,3.684231,3.210000,4.290000,0.348027
81045,2012,O,REALTY INCOME CORP,2.0,9.0,5.0,12,0.016183,39.653333,5290.206633,4417.288750,418.435500,145.981000,2275.582000,0.442103,0.001834,0.068488,0.070355,0.430566,0.612024,52,2.934423,2.630000,3.300000,0.206059
81045,2013,O,REALTY INCOME CORP,2.0,9.0,5.0,12,0.000658,42.730833,8248.370192,7164.706250,526.271250,145.215250,3605.615250,0.460668,0.002866,0.050185,0.067501,0.449539,0.621748,52,3.100769,2.560000,3.600000,0.354538
81045,2014,O,REALTY INCOME CORP,2.0,9.0,5.0,12,0.026950,43.832500,9584.256025,10274.637750,792.486000,188.640750,5231.882000,0.441202,0.001628,0.052347,0.054087,0.547083,0.520524,53,3.286038,3.080000,3.560000,0.110058
81045,2015,O,REALTY INCOME CORP,2.0,9.0,5.0,12,0.012817,48.665000,11458.926250,11193.232250,944.604000,268.078750,5594.047000,0.452440,0.003188,0.056363,0.047125,0.489209,0.345361,52,3.087500,2.920000,3.250000,0.101109
81045,2016,O,REALTY INCOME CORP,2.0,9.0,5.0,12,0.014958,61.815000,15813.461458,11972.743250,1033.680250,286.473750,6360.410500,0.421249,0.002658,0.058355,0.045433,0.405275,0.209019,52,2.930769,2.720000,3.550000,0.213200
81045,2017,O,REALTY INCOME CORP,2.0,9.0,5.0,12,0.003617,57.225000,15669.534125,13171.406500,1119.865500,323.839750,6787.242500,0.435005,0.002430,0.064250,0.045307,0.433388,0.163153,52,3.272500,3.080000,3.500000,0.105865
81045,2018,O,REALTY INCOME CORP,2.0,9.0,5.0,12,0.013575,55.860833,16095.443000,14226.938000,1227.379500,327.652750,7367.415000,0.439973,0.001896,0.061697,0.044659,0.461854,0.105150,52,4.000192,3.380000,4.360000,0.207860
81045,2019,O,REALTY INCOME CORP,2.0,9.0,5.0,12,0.017350,72.685000,22808.029250,15716.836500,1347.033250,371.152000,8146.594750,0.439926,0.001142,0.059864,0.044242,0.358034,0.083778,52,3.391731,3.000000,3.990000,0.299344
81045,2020,O,REALTY INCOME CORP,2.0,9.0,5.0,12,-0.003800,61.101667,20963.127750,18408.422250,1520.137250,446.525750,9950.084750,0.419125,0.011834,0.058612,0.044779,0.480144,0.501913,53,2.604906,2.170000,3.160000,0.277853
81045,2021,O,REALTY INCOME CORP,2.0,9.0,5.0,12,0.019525,67.118333,26880.227417,20872.541500,1673.131250,377.047750,11207.603500,0.424533,0.024965,0.054108,0.039607,0.424371,0.600950,52,2.271923,2.100000,2.450000,0.093934
81045,2022,O,REALTY INCOME CORP,2.0,9.0,5.0,12,-0.004408,66.656667,40314.089000,38965.633000,2292.149250,464.325000,22554.114500,0.376839,0.010894,0.041127,0.023370,0.560542,0.596140,52,4.583846,2.430000,6.380000,1.112739
81045,2023,O,REALTY INCOME CORP,2.0,9.0,5.0,12,-0.001608,58.573333,39778.270833,50161.918250,3435.347500,819.477500,28963.145750,0.373136,0.005211,0.051807,0.023641,0.732301,0.646677,52,6.111731,5.140000,7.030000,0.497037
81087,2000,SPPR,SUPERTEL HOSPITALITY INC MD,2.0,5.0,9.0,12,0.003733,7.385417,82.524648,153.038250,47.131750,5.735250,45.040250,0.637786,0.010160,0.061990,0.110558,0.548224,0.156686,52,7.718269,6.790000,8.310000,0.313048
81087,2001,SPPR,SUPERTEL HOSPITALITY INC MD,2.0,5.0,9.0,12,-0.040708,3.767183,42.747503,170.601500,32.688000,6.803250,44.322500,0.697285,0.002470,0.089490,0.140697,1.186655,0.307721,52,6.502308,5.940000,6.780000,0.221436
81087,2002,SPPR,SUPERTEL HOSPITALITY INC MD,2.0,5.0,9.0,12,-0.029208,2.406750,27.239596,164.210250,34.288000,0.489750,42.465750,0.686751,0.016159,0.075232,0.074207,1.581674,0.470250,52,5.982692,5.320000,6.690000,0.437498
81087,2003,SPPR,SUPERTEL HOSPITALITY INC MD,2.0,5.0,9.0,12,0.081675,2.746583,32.852352,141.592500,58.553750,-2.062750,40.915750,0.649715,0.007448,0.033616,-0.019362,1.348709,0.532127,53,5.170943,4.600000,5.770000,0.273188
81087,2004,SPPR,SUPERTEL HOSPITALITY INC MD,2.0,5.0,9.0,12,-0.008875,4.155500,50.091711,125.896250,57.870750,0.552000,41.130250,0.621831,0.004103,0.070988,-0.006264,0.821942,0.637236,52,5.206154,4.690000,5.720000,0.269023
81087,2005,SPPR,SUPERTEL HOSPITALITY INC MD,2.0,5.0,9.0,12,0.021967,4.292083,51.773067,119.441750,57.946500,1.162750,39.764000,0.596025,0.004430,0.084088,0.038002,0.774719,0.751461,52,5.417885,5.100000,5.900000,0.239970
81087,2006,SPPR,SUPERTEL HOSPITALITY INC MD,2.0,5.0,9.0,12,0.040475,6.148250,78.252368,150.272750,62.936250,2.916750,45.627500,0.590850,0.008089,0.071126,0.051069,0.598995,0.764648,52,6.066346,5.670000,6.440000,0.195629
81087,2007,SPPR,SUPERTEL HOSPITALITY INC MD,2.0,5.0,9.0,12,-0.001958,7.415833,149.908375,232.500250,80.810250,3.748000,80.670750,0.566585,0.014099,0.061789,0.044553,0.542516,0.503033,52,6.025192,5.650000,6.430000,0.193528
81087,2008,SPPR,SUPERTEL HOSPITALITY INC MD,2.0,5.0,9.0,12,-0.081542,4.414992,91.831431,322.128500,112.938500,3.746250,88.024000,0.634290,0.004802,0.059668,0.042321,1.155195,0.761371,53,5.617170,4.830000,6.190000,0.346135
81087,2009,SPPR,SUPERTEL HOSPITALITY INC MD,2.0,5.0,9.0,11,0.049455,1.674536,36.369780,320.542455,100.703545,1.227273,85.511364,0.632743,0.002782,0.053999,0.064618,2.413972,1.291789,52,4.573846,4.270000,5.060000,0.176459
81087,2010,SPPR,SUPERTEL HOSPITALITY INC MD,2.0,5.0,9.0,12,0.020192,1.520833,34.197974,278.484250,82.226500,-10.749250,67.744750,0.674448,0.001650,0.019981,-0.210591,2.026203,1.463080,52,4.095577,3.570000,4.520000,0.275385
81087,2011,SPPR,SUPERTEL HOSPITALITY INC MD,2.0,5.0,9.0,6,-0.003667,1.478333,33.908907,258.087833,78.839833,-9.910667,53.904167,0.685210,0.001817,0.028207,-0.377995,1.617161,1.584271,52,3.684231,3.210000,4.290000,0.348027
81087,2012,SPPR,SUPERTEL HOSPITALITY INC MD,2.0,5.0,9.0,7,0.018043,1.034286,23.902798,225.153857,65.759714,-6.512714,43.459143,0.670224,0.009074,0.015719,-0.353499,1.817322,1.702957,52,2.934423,2.630000,3.300000,0.206059
81087,2013,SPPR,SUPERTEL HOSPITALITY INC MD,2.0,5.0,9.0,8,-0.042162,3.388288,21.441746,203.721750,59.270500,-9.795625,37.156250,0.645316,0.002686,0.018288,-0.377515,1.813129,1.773758,52,3.100769,2.560000,3.600000,0.354538
81087,2014,SPPR,SUPERTEL HOSPITALITY INC MD,2.0,5.0,9.0,6,0.088433,2.328333,10.923398,166.499500,54.326000,-2.954000,28.187000,0.670068,0.003141,0.017776,-0.041474,2.589318,1.583077,53,3.286038,3.080000,3.560000,0.110058
81087,2015,SPPR,SUPERTEL HOSPITALITY INC MD,2.0,5.0,9.0,3,0.121267,2.511667,12.377493,146.444000,57.409000,-19.288000,18.964000,0.632918,0.001181,0.036785,-0.313032,1.541486,1.445974,52,3.087500,2.920000,3.250000,0.101109
81087,2016,SPPR,SUPERTEL HOSPITALITY INC MD,2.0,5.0,9.0,3,0.224467,2.089567,10.343670,151.354000,57.386333,17.727333,17.051500,0.529647,0.150471,0.033276,-0.016797,1.588051,2.715156,52,2.930769,2.720000,3.550000,0.213200
81087,2017,SPPR,SUPERTEL HOSPITALITY INC MD,2.0,5.0,9.0,11,-0.009682,9.566364,117.249501,174.858455,49.894636,16.097636,56.459182,0.430307,0.086282,0.019006,2.331455,0.478428,2.940211,52,3.272500,3.080000,3.500000,0.105865
81087,2018,SPPR,SUPERTEL HOSPITALITY INC MD,2.0,5.0,9.0,12,-0.019217,9.977500,118.555825,255.992000,58.542750,4.739250,99.656500,0.526406,0.040964,0.035873,1.447371,0.851647,2.990986,52,4.000192,3.380000,4.360000,0.207860
81087,2019,SPPR,SUPERTEL HOSPITALITY INC MD,2.0,5.0,9.0,12,0.048892,10.021550,119.385964,252.606750,64.344500,4.518250,95.857000,0.541165,0.038799,0.040935,0.044241,0.816704,2.684549,52,3.391731,3.000000,3.990000,0.299344
81087,2020,SPPR,SUPERTEL HOSPITALITY INC MD,2.0,5.0,9.0,12,-0.042092,4.904175,58.731537,262.915500,56.982500,-7.586750,83.710500,0.595049,0.039838,0.030109,-0.011293,1.670494,2.260252,53,2.604906,2.170000,3.160000,0.277853
81087,2021,SPPR,SUPERTEL HOSPITALITY INC MD,2.0,5.0,9.0,11,0.070755,5.493309,72.757853,276.152909,36.818455,-18.443818,64.834000,0.667602,0.031991,-0.004320,-0.183870,1.010832,1.517891,52,2.271923,2.100000,2.450000,0.093934
81175,2000,XLG,PRICE LEGACY CORP,2.0,9.0,17.0,12,-0.024717,6.231767,82.912935,556.879750,67.511500,32.664750,99.759000,0.213822,0.003518,0.072411,-1.250286,1.340809,0.394747,52,7.718269,6.790000,8.310000,0.313048
81175,2001,XLG,PRICE LEGACY CORP,2.0,9.0,17.0,12,-0.015767,5.339583,99.408064,676.519000,74.021750,33.704750,104.399000,0.304521,0.043225,0.056142,0.308554,1.089470,0.273158,52,6.502308,5.940000,6.780000,0.221436
81175,2002,XLG,PRICE LEGACY CORP,2.0,9.0,17.0,12,-0.006825,3.222500,131.079492,1148.994000,91.139250,34.616250,172.735500,0.375867,0.020466,0.040376,0.250769,1.349347,0.454374,52,5.982692,5.320000,6.690000,0.437498
81175,2003,XLG,PRICE LEGACY CORP,2.0,9.0,17.0,12,0.028667,3.286667,121.771267,1275.492000,121.560500,30.050000,174.647250,0.432739,0.020855,0.045772,0.214611,1.456479,0.486556,53,5.170943,4.600000,5.770000,0.273188
81175,2004,XLG,PRICE LEGACY CORP,2.0,9.0,17.0,11,0.024764,15.839091,580.879668,1197.722545,123.295909,-8.767455,259.582364,0.470228,0.015443,0.042170,-0.774005,0.561903,0.478653,52,5.206154,4.690000,5.720000,0.269023
81660,2000,RA,RECKSON ASSOCIATES REALTY CORP,2.0,4.0,13.0,12,0.025033,22.494792,959.716644,2798.599750,423.214500,89.998500,1022.898750,0.482216,0.010657,0.066666,0.073946,1.087737,0.196083,52,7.718269,6.790000,8.310000,0.313048
81660,2001,RA,RECKSON ASSOCIATES REALTY CORP,2.0,4.0,13.0,12,0.001325,22.985833,1091.268255,3029.509000,516.229000,113.465500,1063.475250,0.472838,0.009026,0.056475,0.089987,0.974016,0.085024,52,6.502308,5.940000,6.780000,0.221436
81660,2002,RA,RECKSON ASSOCIATES REALTY CORP,2.0,4.0,13.0,12,-0.001425,23.010000,1149.768692,2921.103750,523.675500,-42.877500,973.184000,0.493650,0.020393,0.063643,0.021640,0.857033,0.065397,52,5.982692,5.320000,6.690000,0.437498
81660,2003,RA,RECKSON ASSOCIATES REALTY CORP,2.0,4.0,13.0,12,0.019567,21.444167,1076.289228,2902.511750,476.646000,62.100000,876.659000,0.522539,0.010214,0.066190,0.032941,0.826024,0.056783,53,5.170943,4.600000,5.770000,0.273188
81660,2004,RA,RECKSON ASSOCIATES REALTY CORP,2.0,4.0,13.0,12,0.032275,28.260000,1919.435842,2989.769250,470.227000,35.603500,933.041500,0.519318,0.017665,0.056652,0.135630,0.489473,0.041982,52,5.206154,4.690000,5.720000,0.269023
81660,2005,RA,RECKSON ASSOCIATES REALTY CORP,2.0,4.0,13.0,12,0.012742,33.329167,2703.864583,3340.370250,518.671000,52.177500,1196.848750,0.513192,0.009772,0.052361,0.107022,0.445927,0.100892,52,5.417885,5.100000,5.900000,0.239970
81660,2006,RA,RECKSON ASSOCIATES REALTY CORP,2.0,4.0,13.0,12,0.025758,42.947500,3574.100075,3801.363500,583.647000,148.997500,1303.810000,0.500655,0.008221,0.051008,0.113130,0.366269,0.292840,52,6.066346,5.670000,6.440000,0.195629
81675,2000,SSS,SOVRAN SELF STORAGE INC,2.0,10.0,16.0,12,0.016583,19.968750,242.634344,533.824750,85.302000,25.451500,256.569000,0.391362,0.002457,0.073547,0.094905,1.060261,0.282616,52,7.718269,6.790000,8.310000,0.313048
81675,2001,SSS,SOVRAN SELF STORAGE INC,2.0,10.0,16.0,12,0.047400,26.086667,317.768383,552.752250,91.916000,25.299250,247.981750,0.430359,0.004624,0.069180,0.101386,0.790453,0.239758,52,6.502308,5.940000,6.780000,0.221436
81675,2002,SSS,SOVRAN SELF STORAGE INC,2.0,10.0,16.0,12,-0.000142,30.529167,386.592218,590.483750,93.428500,25.316000,250.165250,0.447185,0.007674,0.073856,0.099813,0.648599,0.213628,52,5.982692,5.320000,6.690000,0.437498
81675,2003,SSS,SOVRAN SELF STORAGE INC,2.0,10.0,16.0,12,0.029925,31.265833,413.762768,648.003000,103.338750,26.283500,246.033250,0.392677,0.008477,0.072583,0.102645,0.602221,0.154846,53,5.170943,4.600000,5.770000,0.273188
81675,2004,SSS,SOVRAN SELF STORAGE INC,2.0,10.0,16.0,12,0.018633,38.970833,580.376731,689.581250,113.562750,28.055750,276.326000,0.375310,0.023125,0.076507,0.105205,0.478298,0.107178,52,5.206154,4.690000,5.720000,0.269023
81675,2005,SSS,SOVRAN SELF STORAGE INC,2.0,10.0,16.0,12,0.014958,44.993333,735.225703,734.546000,125.669250,31.132500,322.761500,0.412659,0.007083,0.075357,0.101044,0.442063,0.186162,52,5.417885,5.100000,5.900000,0.239970
81675,2006,SSS,SOVRAN SELF STORAGE INC,2.0,10.0,16.0,12,0.022000,53.325000,969.209601,834.753750,141.865000,35.187750,364.914500,0.457868,0.007348,0.074051,0.096355,0.380389,0.249470,52,6.066346,5.670000,6.440000,0.195629
81675,2007,SSS,SOVRAN SELF STORAGE INC,2.0,10.0,16.0,12,-0.023783,49.625000,1036.972757,1064.041000,171.054000,36.514250,473.310250,0.470899,0.017244,0.063775,0.081795,0.465337,0.380788,52,6.025192,5.650000,6.430000,0.193528
81675,2008,SSS,SOVRAN SELF STORAGE INC,2.0,10.0,16.0,12,0.006725,39.328333,859.654776,1175.402000,195.587250,38.705250,525.919250,0.493414,0.008617,0.068105,0.073622,0.623678,0.646988,53,5.617170,4.830000,6.190000,0.346135
81675,2009,SSS,SOVRAN SELF STORAGE INC,2.0,10.0,16.0,12,0.014183,26.954167,645.318367,1211.060000,199.837500,34.386750,511.469250,0.511136,0.007077,0.063829,0.074806,0.837140,0.836736,52,4.573846,4.270000,5.060000,0.176459
81675,2010,SSS,SOVRAN SELF STORAGE INC,2.0,10.0,16.0,12,0.008133,36.018333,993.470132,1188.581000,192.778500,22.613500,608.826500,0.430645,0.015795,0.052054,0.049542,0.612693,0.846025,52,4.095577,3.570000,4.520000,0.275385
81675,2011,SSS,SOVRAN SELF STORAGE INC,2.0,10.0,16.0,12,0.018408,40.783333,1130.170983,1182.825250,192.834000,30.910500,629.439250,0.417548,0.010634,0.059583,0.050565,0.558362,0.815255,52,3.684231,3.210000,4.290000,0.348027
81675,2012,SSS,SOVRAN SELF STORAGE INC,2.0,10.0,16.0,12,0.035992,54.124167,1586.056558,1354.496750,208.685750,29.514500,649.181000,0.476314,0.006418,0.058690,0.054035,0.413848,0.839207,52,2.934423,2.630000,3.300000,0.206059
81675,2013,SSS,SOVRAN SELF STORAGE INC,2.0,10.0,16.0,12,0.009075,67.356667,2106.017133,1468.685750,240.838750,50.514750,759.726000,0.440436,0.004957,0.068217,0.063573,0.361820,0.858111,52,3.100769,2.560000,3.600000,0.354538
81675,2014,SSS,SOVRAN SELF STORAGE INC,2.0,10.0,16.0,12,0.028750,77.581667,2569.271092,1617.109000,282.000000,71.382750,875.760000,0.417718,0.005062,0.076955,0.081181,0.342382,0.755571,53,3.286038,3.080000,3.560000,0.110058
81675,2015,SSS,SOVRAN SELF STORAGE INC,2.0,10.0,16.0,12,0.021892,94.423333,3362.636958,1915.803500,332.733750,91.926000,1035.435000,0.420025,0.004310,0.080048,0.088392,0.308212,0.679692,52,3.087500,2.920000,3.250000,0.101109
81675,2016,SSS,SOVRAN SELF STORAGE INC,2.0,10.0,16.0,12,-0.013817,98.744167,4310.404292,2526.230000,378.487000,118.113250,1488.782750,0.378880,0.068003,0.077074,0.092394,0.354644,0.530124,52,2.930769,2.720000,3.550000,0.213200
81675,2017,SSS,SOVRAN SELF STORAGE INC,2.0,10.0,16.0,12,0.009525,80.644167,3750.855392,3863.601000,478.834500,78.212250,2079.176500,0.434989,0.003425,0.056925,0.062800,0.557288,0.272256,52,3.272500,3.080000,3.500000,0.105865
81675,2018,SSS,SOVRAN SELF STORAGE INC,2.0,10.0,16.0,12,0.008283,91.413333,4256.984208,3873.248000,535.812000,107.345000,2025.802250,0.448275,0.002037,0.064931,0.044717,0.478431,0.266655,52,4.000192,3.380000,4.360000,0.207860
81675,2019,SSS,SOVRAN SELF STORAGE INC,2.0,10.0,16.0,12,0.016642,101.280833,4723.667333,3938.781500,557.103250,189.434000,2039.027250,0.454604,0.006090,0.066762,0.078360,0.432920,0.224784,52,3.391731,3.000000,3.990000,0.299344
81675,2020,SSS,SOVRAN SELF STORAGE INC,2.0,10.0,16.0,12,0.014233,103.979167,4912.794258,4268.064250,583.034500,270.818750,2137.753000,0.472974,0.004811,0.066338,0.112585,0.439389,0.258950,53,2.604906,2.170000,3.160000,0.277853
81675,2021,SSS,SOVRAN SELF STORAGE INC,2.0,10.0,16.0,12,0.060908,110.829167,8729.181658,4885.688000,640.116000,162.789000,2468.868750,0.467823,0.011860,0.064490,0.087717,0.293211,0.267587,52,2.271923,2.100000,2.450000,0.093934
81675,2022,SSS,SOVRAN SELF STORAGE INC,2.0,10.0,16.0,12,-0.030167,120.281667,10115.785500,6486.172250,829.688750,262.960750,3390.883250,0.424898,0.016363,0.069928,0.069598,0.339243,0.374500,52,4.583846,2.430000,6.380000,1.112739
81675,2023,SSS,SOVRAN SELF STORAGE INC,2.0,10.0,16.0,6,0.056367,125.730000,10693.711000,7318.065500,1020.273500,348.308500,3617.101000,0.455011,0.003932,0.078845,0.077964,0.340164,0.425813,52,6.111731,5.140000,7.030000,0.497037
81707,2000,FWSH,FIRST WASHINGTON RLTY TRUST INC,2.0,9.0,17.0,12,0.038500,22.130208,223.848763,578.695500,87.793250,17.914000,191.147750,0.510458,0.012691,0.065521,0.083587,0.871837,0.089675,52,7.718269,6.790000,8.310000,0.313048
81707,2001,FWSH,FIRST WASHINGTON RLTY TRUST INC,2.0,9.0,17.0,2,0.011700,26.085000,273.370800,588.548000,94.222000,18.000000,200.275000,0.526292,0.011381,0.063782,0.084470,0.732639,0.009864,52,6.502308,5.940000,6.780000,0.221436
82793,2000,GLB,GLENBOROUGH REALTY TR INC,2.0,2.0,4.0,12,0.034042,16.328125,484.384110,1752.934500,270.494500,45.395500,762.076250,0.501848,0.001937,0.052273,0.059830,1.589315,0.340318,52,7.718269,6.790000,8.310000,0.313048
82793,2001,GLB,GLENBOROUGH REALTY TR INC,2.0,2.0,4.0,12,0.018650,18.575833,507.372272,1424.627000,257.575250,46.511750,674.075250,0.456877,0.027021,0.061675,0.060614,1.332506,0.345469,52,6.502308,5.940000,6.780000,0.221436
82793,2002,GLB,GLENBOROUGH REALTY TR INC,2.0,2.0,4.0,12,0.002250,20.462500,561.169461,1393.623500,191.194250,44.406750,647.145750,0.471420,0.004566,0.060333,0.063824,1.162558,0.332005,52,5.982692,5.320000,6.690000,0.437498
82793,2003,GLB,GLENBOROUGH REALTY TR INC,2.0,2.0,4.0,12,0.018292,18.273333,507.492597,1425.845500,171.789000,23.446250,564.082250,0.493511,0.007522,0.058307,0.049066,1.120697,0.324543,53,5.170943,4.600000,5.770000,0.273188
82793,2004,GLB,GLENBOROUGH REALTY TR INC,2.0,2.0,4.0,12,0.013442,20.213333,629.103160,1414.225250,171.318500,13.685500,548.021750,0.518220,0.007664,0.050061,0.044066,0.871836,0.363707,52,5.206154,4.690000,5.720000,0.269023
82793,2005,GLB,GLENBOROUGH REALTY TR INC,2.0,2.0,4.0,12,-0.006592,19.655000,698.889087,1400.538250,159.213500,8.182500,504.936250,0.553615,0.003696,0.048548,0.047200,0.727351,0.356392,52,5.417885,5.100000,5.900000,0.239970
82793,2006,GLB,GLENBOROUGH REALTY TR INC,2.0,2.0,4.0,10,0.043240,22.290000,726.468652,1347.327200,166.778700,0.349400,425.847300,0.601220,0.004438,0.044366,0.023143,0.592231,0.390589,52,6.066346,5.670000,6.440000,0.195629
83143,2015,IMTN,IRON MOUNTAIN INC DEL,2.0,1.0,1.0,12,-0.027264,32.489167,6841.415225,6500.178000,3098.040750,280.009000,746.276750,0.714609,0.024824,0.070265,0.260840,0.111781,0.576819,52,3.087500,2.920000,3.250000,0.101109
83143,2016,IRM,IRON MOUNTAIN INC NEW,2.0,1.0,1.0,12,0.022650,35.024167,8666.607308,7295.943000,3046.069250,118.437500,1050.254750,0.739683,0.034611,0.078367,0.299959,0.124446,0.535190,52,2.930769,2.720000,3.550000,0.213200
83143,2017,IRM,IRON MOUNTAIN INC NEW,2.0,1.0,1.0,12,0.018617,37.100833,9870.514833,9719.635750,3576.619000,112.490750,2121.508500,0.656092,0.033678,0.062435,0.132492,0.216184,0.781404,52,3.272500,3.080000,3.500000,0.105865
83143,2018,IRM,IRON MOUNTAIN INC NEW,2.0,1.0,1.0,12,-0.004592,33.692500,9627.652750,11260.772750,3910.862750,189.113250,2291.433750,0.669239,0.043070,0.063235,0.069227,0.238109,0.653228,52,4.000192,3.380000,4.360000,0.207860
83143,2019,IRM,IRON MOUNTAIN INC NEW,2.0,1.0,1.0,12,0.006783,32.745833,9392.389292,12767.140250,4215.421000,331.033750,1997.439250,0.724303,0.013804,0.072499,0.145830,0.213180,0.614401,52,3.391731,3.000000,3.990000,0.299344
83143,2020,IRM,IRON MOUNTAIN INC NEW,2.0,1.0,1.0,12,0.004692,27.497500,7914.650783,13831.968000,4244.325750,289.651750,1465.451000,0.787142,0.025734,0.070102,0.186891,0.187097,0.660305,53,2.604906,2.170000,3.160000,0.277853
83143,2021,IRM,IRON MOUNTAIN INC NEW,2.0,1.0,1.0,12,0.055975,42.485000,12278.227833,14022.673000,4193.288000,351.672250,1250.625250,0.795437,0.014639,0.067801,0.251959,0.102794,0.694496,52,2.271923,2.100000,2.450000,0.093934
83143,2022,IRM,IRON MOUNTAIN INC NEW,2.0,1.0,1.0,12,0.004717,50.512500,14668.056333,14983.680250,4591.995000,476.206500,1092.001500,0.811976,0.012939,0.050961,0.432439,0.074880,0.716321,52,4.583846,2.430000,6.380000,1.112739
83143,2023,IRM,IRON MOUNTAIN INC NEW,2.0,1.0,1.0,12,0.033708,58.609167,17084.675167,16244.876750,5123.960500,502.940000,810.747500,0.832564,0.009297,0.058623,0.729483,0.048086,0.766810,52,6.111731,5.140000,7.030000,0.497037
83718,2000,MHX,MERISTAR HOSPITALITY CORP,2.0,5.0,9.0,12,0.028258,19.302083,897.891892,3069.810000,379.678750,104.402500,1143.774250,0.537605,0.006154,0.077302,0.065138,1.284220,0.627627,52,7.718269,6.790000,8.310000,0.313048
83718,2001,MHX,MERISTAR HOSPITALITY CORP,2.0,5.0,9.0,12,0.001600,18.186667,814.739346,3057.029500,571.766250,114.006250,1132.736500,0.538413,0.009638,0.073046,0.089654,1.524566,0.631417,52,6.502308,5.940000,6.780000,0.221436
83718,2002,MHX,MERISTAR HOSPITALITY CORP,2.0,5.0,9.0,12,-0.055767,12.709167,569.167684,3026.259750,992.228500,-37.774750,1046.585000,0.561614,0.016789,0.043490,0.014483,2.069964,0.827500,52,5.982692,5.320000,6.690000,0.437498
83718,2003,MHX,MERISTAR HOSPITALITY CORP,2.0,5.0,9.0,12,0.029742,5.524167,285.050971,2738.427250,866.438250,-95.370000,835.957250,0.606991,0.025053,0.015155,-0.124521,3.582145,0.973479,53,5.170943,4.600000,5.770000,0.273188
83718,2004,MHX,MERISTAR HOSPITALITY CORP,2.0,5.0,9.0,12,0.027992,6.425833,523.000405,2497.449000,785.038750,-145.325500,678.554500,0.648660,0.104342,-0.003561,-0.423549,1.325087,1.025525,52,5.206154,4.690000,5.720000,0.269023
83718,2005,MHX,MERISTAR HOSPITALITY CORP,2.0,5.0,9.0,12,0.013125,8.417500,739.855896,2440.942000,728.355500,-70.471000,683.541000,0.653515,0.058686,0.010996,-0.329897,0.938353,1.285537,52,5.417885,5.100000,5.900000,0.239970
83718,2006,MHX,MERISTAR HOSPITALITY CORP,2.0,5.0,9.0,4,0.027250,10.347500,908.480950,2283.333500,720.845500,-133.172500,530.875250,0.704070,0.022711,0.017128,-0.140576,0.584778,1.749589,52,6.066346,5.670000,6.440000,0.195629
83879,2014,LAMR,LAMAR ADVERTISING CO,2.0,1.0,1.0,2,0.022300,53.465000,4324.072000,3376.470000,1256.859000,37.865000,1002.992000,0.570971,0.010193,0.123260,0.043024,0.231959,1.986629,53,3.286038,3.080000,3.560000,0.110058
83879,2015,LAMR,LAMAR ADVERTISING CO NEW,2.0,1.0,1.0,12,0.014675,57.486667,4698.481375,3353.377000,1295.200000,237.854750,984.745500,0.576617,0.008497,0.131806,0.168605,0.210005,1.817387,52,3.087500,2.920000,3.250000,0.101109
83879,2016,LAMR,LAMAR ADVERTISING CO NEW,2.0,1.0,1.0,12,0.014617,63.384167,5232.735742,3653.802750,1377.425500,306.344750,1023.421000,0.594922,0.008265,0.131507,0.257634,0.196200,1.475836,52,2.930769,2.720000,3.550000,0.213200
83879,2017,LAMR,LAMAR ADVERTISING CO NEW,2.0,1.0,1.0,12,0.013375,72.246667,6033.262192,3918.414500,1498.909000,295.667750,1063.620750,0.609040,0.009409,0.129789,0.270122,0.176545,1.124818,52,3.272500,3.080000,3.500000,0.105865
83879,2018,LAMR,LAMAR ADVERTISING CO NEW,2.0,1.0,1.0,12,-0.000117,70.849167,5979.930858,4113.018000,1551.333000,304.658000,1077.797250,0.619946,0.010486,0.124821,0.284341,0.181310,1.033568,52,4.000192,3.380000,4.360000,0.207860
83879,2019,LAMR,LAMAR ADVERTISING CO NEW,2.0,1.0,1.0,12,0.026458,80.422500,6893.533208,5065.742500,1638.817250,325.691500,1131.549250,0.675758,0.003986,0.115298,0.277271,0.164433,0.861709,52,3.391731,3.000000,3.990000,0.299344
83879,2020,LAMR,LAMAR ADVERTISING CO NEW,2.0,1.0,1.0,12,0.010733,70.371667,6075.652283,6061.868250,1730.737250,343.224250,1157.547750,0.729205,0.028906,0.101970,0.296277,0.195769,1.138173,53,2.604906,2.170000,3.160000,0.277853
83879,2021,LAMR,LAMAR ADVERTISING CO NEW,2.0,1.0,1.0,12,0.036092,103.934167,9014.518192,5733.909750,1583.895500,262.860750,1193.480750,0.708198,0.013128,0.104187,0.249401,0.133828,1.216776,52,2.271923,2.100000,2.450000,0.093934
83879,2022,LAMR,LAMAR ADVERTISING CO NEW,2.0,1.0,1.0,12,-0.012342,99.711667,8685.206858,6060.520250,1829.342250,414.998000,1237.234000,0.701385,0.016290,0.121506,0.270321,0.143776,1.203066,52,4.583846,2.430000,6.380000,1.112739
83879,2023,LAMR,LAMAR ADVERTISING CO NEW,2.0,1.0,1.0,12,0.019150,97.419167,8524.814850,6429.140500,2037.699250,443.998500,1208.952250,0.708418,0.008324,0.121703,0.346918,0.142679,1.211090,52,6.111731,5.140000,7.030000,0.497037
84015,2000,ARI,ARDEN REALTY INC,2.0,4.0,8.0,12,0.027142,23.671875,1498.927633,2586.954250,345.983500,96.219250,1372.575000,0.406611,0.008998,0.059041,0.068480,0.922653,0.361293,52,7.718269,6.790000,8.310000,0.313048
84015,2001,ARI,ARDEN REALTY INC,2.0,4.0,8.0,12,0.011917,25.190833,1616.877833,2715.129000,393.829250,97.458750,1352.025500,0.438424,0.009238,0.071582,0.070893,0.837114,0.170925,52,6.502308,5.940000,6.780000,0.221436
84015,2002,ARI,ARDEN REALTY INC,2.0,4.0,8.0,12,-0.006475,25.420833,1640.467700,2739.802750,416.603000,93.495500,1331.463750,0.452101,0.013687,0.073753,0.072381,0.818715,0.194994,52,5.982692,5.320000,6.690000,0.437498
84015,2003,ARI,ARDEN REALTY INC,2.0,4.0,8.0,12,0.033825,26.014167,1672.785667,2809.848750,403.075000,60.531000,1249.658250,0.490241,0.011427,0.075631,0.063278,0.760575,0.165521,53,5.170943,4.600000,5.770000,0.273188
84015,2004,ARI,ARDEN REALTY INC,2.0,4.0,8.0,12,0.024858,32.151667,2100.008350,2709.925500,396.984750,39.663750,1210.754750,0.485794,0.011300,0.067764,0.051641,0.580664,0.136719,52,5.206154,4.690000,5.720000,0.269023
84015,2005,ARI,ARDEN REALTY INC,2.0,4.0,8.0,12,0.020858,38.549167,2571.804050,2779.926500,402.870500,32.386750,1179.337000,0.526254,0.009416,0.064532,0.056117,0.465339,0.204777,52,5.417885,5.100000,5.900000,0.239970
84015,2006,ARI,ARDEN REALTY INC,2.0,4.0,8.0,4,0.005650,45.250000,3046.388325,2923.671000,430.490250,25.802500,1172.733000,0.549446,0.027451,0.062549,0.061670,0.384965,0.346246,52,6.066346,5.670000,6.440000,0.195629
84016,2000,BOY,BOYKIN LODGING CO,2.0,5.0,9.0,12,-0.001333,11.369792,194.949678,608.139750,84.250750,15.225500,272.238750,0.487950,0.006176,0.083364,0.066285,1.437216,0.298378,52,7.718269,6.790000,8.310000,0.313048
84016,2001,BOY,BOYKIN LODGING CO,2.0,5.0,9.0,12,0.011867,10.339167,177.489922,599.145250,90.327500,8.078500,251.666750,0.514420,0.005761,0.073188,0.045389,1.463984,0.399077,52,6.502308,5.940000,6.780000,0.221436
84016,2002,BOY,BOYKIN LODGING CO,2.0,5.0,9.0,12,0.020725,9.212500,159.003769,576.425250,113.794250,-20.440500,212.399750,0.550378,0.019527,0.066354,-0.072403,1.345881,0.476696,52,5.982692,5.320000,6.690000,0.437498
84016,2003,BOY,BOYKIN LODGING CO,2.0,5.0,9.0,12,0.002333,8.238333,142.959834,566.706500,239.358250,-8.542250,228.250500,0.492522,0.058210,0.056069,-0.061700,1.602534,0.451266,53,5.170943,4.600000,5.770000,0.273188
84016,2004,BOY,BOYKIN LODGING CO,2.0,5.0,9.0,12,0.002083,8.530833,148.711405,567.101000,236.881000,-1.056500,230.197750,0.491773,0.039404,0.040715,-0.009275,1.556386,0.399107,52,5.206154,4.690000,5.720000,0.269023
84016,2005,BOY,BOYKIN LODGING CO,2.0,5.0,9.0,12,0.029150,11.487500,201.915263,474.976500,213.556750,5.265000,237.750500,0.387377,0.048996,0.092427,-0.006576,1.201697,0.562842,52,5.417885,5.100000,5.900000,0.239970
84016,2006,BOY,BOYKIN LODGING CO,2.0,5.0,9.0,8,-0.010887,11.285000,200.789850,447.429375,208.922750,5.388250,234.611875,0.312588,0.072685,0.061515,0.043346,1.171515,0.649398,52,6.066346,5.670000,6.440000,0.195629
84190,2000,AMVP,AMERIVEST PROPERTIES INC,2.0,4.0,13.0,6,0.025133,4.708333,11.303375,32.887000,6.502500,1.052000,6.027500,0.761615,0.021791,0.059598,0.154817,0.534042,0.106350,52,7.718269,6.790000,8.310000,0.313048
84190,2001,AMVP,AMERIVEST PROPERTIES INC,2.0,4.0,13.0,12,0.025117,5.585833,22.636739,47.859000,7.607250,2.991250,12.340500,0.661694,0.025040,0.049812,0.201983,0.623299,0.121208,52,6.502308,5.940000,6.780000,0.221436
84190,2002,AMVP,AMERIVEST PROPERTIES INC,2.0,4.0,13.0,12,0.013217,5.935833,54.186252,89.465250,11.671500,1.449250,30.318000,0.613109,0.088361,0.036563,0.132921,0.570329,0.138083,52,5.982692,5.320000,6.690000,0.437498
84190,2003,AMVP,AMERIVEST PROPERTIES INC,2.0,4.0,13.0,12,0.019550,6.528333,97.239452,160.542750,18.236250,-0.174000,52.656500,0.627997,0.063193,0.040839,0.022717,0.554447,0.094473,53,5.170943,4.600000,5.770000,0.273188
84190,2004,AMVP,AMERIVEST PROPERTIES INC,2.0,4.0,13.0,12,-0.000392,6.483333,146.759050,256.883000,28.800500,-2.778250,88.847750,0.610632,0.033956,0.039800,-0.017966,0.603764,0.174909,52,5.206154,4.690000,5.720000,0.269023
84190,2005,AMVP,AMERIVEST PROPERTIES INC,2.0,4.0,13.0,12,-0.031517,4.687500,112.615102,335.792000,33.528250,-6.596250,93.167250,0.676130,0.026242,0.032201,-0.048608,0.844444,0.206121,52,5.417885,5.100000,5.900000,0.239970
84190,2006,AMVP,AMERIVEST PROPERTIES INC,2.0,4.0,13.0,11,0.027618,4.409091,106.368240,279.693091,34.883909,-12.599000,94.034364,0.606741,0.024736,0.030040,-0.098659,0.961385,0.315930,52,6.066346,5.670000,6.440000,0.195629
84392,2000,KRC,KILROY REALTY CORP,2.0,4.0,13.0,12,0.028508,24.489583,650.224696,1333.810750,163.498750,40.704500,457.187750,0.448038,0.010950,0.061778,0.083198,0.712423,0.459516,52,7.718269,6.790000,8.310000,0.313048
84392,2001,KRC,KILROY REALTY CORP,2.0,4.0,13.0,12,0.003283,26.235833,710.655219,1442.384250,191.533500,46.380000,442.550250,0.489322,0.011077,0.059175,0.097055,0.624625,0.199546,52,6.502308,5.940000,6.780000,0.221436
84392,2002,KRC,KILROY REALTY CORP,2.0,4.0,13.0,12,-0.002900,25.078333,694.736637,1483.754750,204.438750,37.724500,448.947500,0.495274,0.008490,0.064426,0.095096,0.650698,0.227100,52,5.982692,5.320000,6.690000,0.437498
84392,2003,KRC,KILROY REALTY CORP,2.0,4.0,13.0,12,0.036933,26.873333,749.222084,1508.481500,203.165000,30.978000,440.903750,0.510020,0.006679,0.062897,0.089789,0.600588,0.238518,53,5.170943,4.600000,5.770000,0.273188
84392,2004,KRC,KILROY REALTY CORP,2.0,4.0,13.0,12,0.028333,36.285000,1030.254253,1504.362750,225.734000,42.966500,447.630250,0.504204,0.006668,0.067428,0.102284,0.438700,0.206383,52,5.206154,4.690000,5.720000,0.269023
84392,2005,KRC,KILROY REALTY CORP,2.0,4.0,13.0,12,0.036150,49.915833,1440.042600,1570.969000,223.208750,24.555250,427.063250,0.498676,0.004417,0.070431,0.086302,0.304825,0.210130,52,5.417885,5.100000,5.900000,0.239970
84392,2006,KRC,KILROY REALTY CORP,2.0,4.0,13.0,12,0.023917,74.416667,2311.843250,1679.302250,240.091500,9.939000,437.801500,0.508394,0.005375,0.050864,0.078542,0.189600,0.485965,52,6.066346,5.670000,6.440000,0.195629
84392,2007,KRC,KILROY REALTY CORP,2.0,4.0,13.0,12,-0.023542,68.852500,2248.193425,1835.387750,251.490750,38.447000,541.510000,0.498504,0.005235,0.053711,0.121832,0.244734,0.578764,52,6.025192,5.650000,6.430000,0.193528
84392,2008,KRC,KILROY REALTY CORP,2.0,4.0,13.0,12,-0.028433,44.910833,1472.621500,2051.526000,264.909750,40.538250,546.312750,0.541135,0.003322,0.070153,0.177850,0.383713,0.949443,53,5.617170,4.830000,6.190000,0.346135
84392,2009,KRC,KILROY REALTY CORP,2.0,4.0,13.0,12,0.010658,24.125000,953.438671,2097.540250,290.289250,40.824750,595.167000,0.531719,0.006549,0.068416,0.131108,0.660677,1.123509,52,4.573846,4.270000,5.060000,0.176459
84392,2010,KRC,KILROY REALTY CORP,2.0,4.0,13.0,12,0.021183,32.361667,1625.738867,2208.008500,279.094250,27.354000,798.055500,0.463934,0.007393,0.057461,0.059373,0.496980,1.150799,52,4.095577,3.570000,4.520000,0.275385
84392,2011,KRC,KILROY REALTY CORP,2.0,4.0,13.0,12,0.009317,37.923333,2158.574525,2864.742250,297.867000,2.404250,1009.647750,0.497233,0.005395,0.043200,0.026379,0.470766,1.164164,52,3.684231,3.210000,4.290000,0.348027
84392,2012,KRC,KILROY REALTY CORP,2.0,4.0,13.0,12,0.021817,45.838333,3214.997883,3655.335500,349.218000,-6.645000,1374.672750,0.491098,0.030955,0.039810,0.036171,0.427303,1.156730,52,2.934423,2.630000,3.300000,0.206059
84392,2013,KRC,KILROY REALTY CORP,2.0,4.0,13.0,12,0.008292,51.861667,4018.044867,4590.683500,401.786000,-2.115250,1950.730000,0.447040,0.030424,0.040814,0.099573,0.486137,1.100992,52,3.100769,2.560000,3.600000,0.354538
84392,2014,KRC,KILROY REALTY CORP,2.0,4.0,13.0,12,0.029925,61.779167,5139.303542,5147.159750,462.918000,21.709750,2312.170250,0.425976,0.026647,0.045159,0.067062,0.452692,1.019521,53,3.286038,3.080000,3.560000,0.110058
84392,2015,KRC,KILROY REALTY CORP,2.0,4.0,13.0,12,-0.004508,69.018333,6206.268342,5633.401250,531.378750,81.544250,2526.442250,0.430214,0.018438,0.044703,0.050555,0.408012,0.899218,52,3.087500,2.920000,3.250000,0.101109
84392,2016,KRC,KILROY REALTY CORP,2.0,4.0,13.0,12,0.018450,66.570000,6141.570992,6198.851000,583.147000,291.091000,3056.335750,0.388229,0.048784,0.044829,0.076198,0.501586,0.875206,52,2.930769,2.720000,3.550000,0.213200
84392,2017,KRC,KILROY REALTY CORP,2.0,4.0,13.0,12,0.004258,72.833333,7151.240458,6756.951000,656.509500,222.021000,3484.255750,0.357418,0.052991,0.052349,0.083894,0.488075,0.702371,52,3.272500,3.080000,3.500000,0.105865
84392,2018,KRC,KILROY REALTY CORP,2.0,4.0,13.0,12,-0.011192,71.122500,7129.160133,6997.963250,724.760750,166.050000,3720.110500,0.361071,0.015008,0.050715,0.062481,0.523444,0.764548,52,4.000192,3.380000,4.360000,0.207860
84392,2019,KRC,KILROY REALTY CORP,2.0,4.0,13.0,12,0.027350,77.570000,7936.399717,7826.662750,757.717000,229.482000,3891.180250,0.388395,0.011955,0.051147,0.056891,0.492693,0.811471,52,3.391731,3.000000,3.990000,0.299344
84392,2020,KRC,KILROY REALTY CORP,2.0,4.0,13.0,12,-0.023025,60.952500,6901.600883,9229.430250,846.834500,213.186000,4630.650000,0.395342,0.047027,0.044321,0.053952,0.683482,0.685777,53,2.604906,2.170000,3.160000,0.277853
84392,2021,KRC,KILROY REALTY CORP,2.0,4.0,13.0,12,0.015775,66.134167,7695.502400,10201.108750,910.118750,418.531750,5225.818250,0.395473,0.106081,0.044847,0.040666,0.680900,0.692144,52,2.271923,2.100000,2.450000,0.093934
84392,2022,KRC,KILROY REALTY CORP,2.0,4.0,13.0,12,-0.037200,55.396667,6467.168758,10533.744250,976.700250,416.458000,5430.686500,0.394674,0.032178,0.050915,0.082855,0.881794,0.716661,52,4.583846,2.430000,6.380000,1.112739
84392,2023,KRC,KILROY REALTY CORP,2.0,4.0,13.0,12,0.015567,33.465833,3919.854783,10824.351250,1111.117250,235.230750,5436.047000,0.407686,0.033383,0.054926,0.073068,1.409210,0.812983,52,6.111731,5.140000,7.030000,0.497037
84581,2000,PTX,PERNIX THERAPEUTICS HLDGS INC,2.0,1.0,1.0,12,-0.054225,14.270833,114.171417,433.326500,57.768250,11.120750,108.657000,0.517044,0.013532,0.057460,0.099709,1.038608,0.386628,52,7.718269,6.790000,8.310000,0.313048
84581,2001,PTX,PERNIX THERAPEUTICS HLDGS INC,2.0,1.0,1.0,12,-0.021150,7.618333,61.851035,357.470250,57.551250,-27.474250,79.631250,0.591514,0.016595,0.068517,-0.265281,1.398225,0.612348,52,6.502308,5.940000,6.780000,0.221436
84581,2002,PTX,PERNIX THERAPEUTICS HLDGS INC,2.0,1.0,1.0,1,0.120700,5.200000,40.445600,236.852000,57.751000,-32.744000,82.827000,0.504433,0.067612,0.073827,-0.527508,2.047862,0.468163,52,5.982692,5.320000,6.690000,0.437498
84658,2000,CPP,CORNERSTONE PROPERTIES INC,2.0,4.0,13.0,5,0.052580,17.006260,2201.424760,4161.182400,585.580200,172.163400,1842.431800,0.441294,0.007146,0.054437,0.046710,0.841435,0.570648,52,7.718269,6.790000,8.310000,0.313048
84659,2000,TCR,CORNERSTONE REALTY INCOME TR INC,2.0,8.0,2.0,12,0.016567,10.354167,401.045933,826.774750,130.516750,43.444750,290.429500,0.285969,0.012910,0.060228,0.084905,0.725318,0.162803,52,7.718269,6.790000,8.310000,0.313048
84659,2001,TCR,CORNERSTONE REALTY INCOME TR INC,2.0,8.0,2.0,12,0.015467,10.910000,478.406380,815.542000,147.125250,45.109500,267.033750,0.392562,0.021461,0.081576,0.172353,0.565267,0.118998,52,6.502308,5.940000,6.780000,0.221436
84659,2002,TCR,CORNERSTONE REALTY INCOME TR INC,2.0,8.0,2.0,12,-0.017283,9.900833,474.161490,948.948500,154.638000,16.232000,326.468500,0.619042,0.009970,0.056393,0.126029,0.698210,0.121445,52,5.982692,5.320000,6.690000,0.437498
84659,2003,TCR,CORNERSTONE REALTY INCOME TR INC,2.0,8.0,2.0,12,0.017900,7.817500,417.258474,1033.918250,161.606000,-2.799000,292.508250,0.673069,0.004112,0.043886,0.023088,0.714545,0.133826,53,5.170943,4.600000,5.770000,0.273188
84659,2004,TCR,CORNERSTONE REALTY INCOME TR INC,2.0,8.0,2.0,12,0.019375,9.178333,517.820661,1126.528000,173.742500,-9.288000,277.347000,0.717227,0.001534,0.038200,-0.014703,0.540488,0.185272,52,5.206154,4.690000,5.720000,0.269023
84659,2005,TCR,CORNERSTONE REALTY INCOME TR INC,2.0,8.0,2.0,3,0.005733,9.640000,543.182157,1105.503000,180.101000,-7.109000,251.007000,0.734009,0.001966,0.038939,-0.025758,0.462350,0.213631,52,5.417885,5.100000,5.900000,0.239970
84767,2000,ARE,ALEXANDRIA REAL EST EQUITIES INC,2.0,4.0,1.0,12,0.017275,33.572917,477.122404,656.023750,88.206250,22.362750,228.551500,0.550120,0.009091,0.052883,0.097901,0.482325,0.190112,52,7.718269,6.790000,8.310000,0.313048
84767,2001,ARE,ALEXANDRIA REAL EST EQUITIES INC,2.0,4.0,1.0,12,0.012892,38.872500,612.243675,811.647250,110.216500,26.461500,284.707500,0.555229,0.016852,0.050300,0.095099,0.468364,0.025669,52,6.502308,5.940000,6.780000,0.221436
84767,2002,ARE,ALEXANDRIA REAL EST EQUITIES INC,2.0,4.0,1.0,12,0.009067,43.574167,765.661422,977.668500,129.213250,31.639000,301.494250,0.570614,0.015423,0.057661,0.098689,0.395401,0.047492,52,5.982692,5.320000,6.690000,0.437498
84767,2003,ARE,ALEXANDRIA REAL EST EQUITIES INC,2.0,4.0,1.0,12,0.030267,46.840000,892.827714,1170.402500,145.954250,40.093250,391.321250,0.534062,0.011342,0.061153,0.102815,0.443717,0.042848,53,5.170943,4.600000,5.770000,0.273188
84767,2004,ARE,ALEXANDRIA REAL EST EQUITIES INC,2.0,4.0,1.0,12,0.025750,63.138333,1223.165892,1289.571500,162.330500,49.229500,412.366250,0.537380,0.010295,0.059486,0.127437,0.339749,0.059250,52,5.206154,4.690000,5.720000,0.269023
84767,2005,ARE,ALEXANDRIA REAL EST EQUITIES INC,2.0,4.0,1.0,12,0.011000,74.994167,1572.326617,1872.967500,190.386750,58.704750,478.570750,0.604997,0.011587,0.041273,0.141490,0.306276,0.116323,52,5.417885,5.100000,5.900000,0.239970
84767,2006,ARE,ALEXANDRIA REAL EST EQUITIES INC,2.0,4.0,1.0,12,0.022625,93.688333,2372.859542,2411.753250,245.833500,62.026750,718.024500,0.573966,0.008511,0.048136,0.115457,0.303940,0.380645,52,6.066346,5.670000,6.440000,0.195629
84767,2007,ARE,ALEXANDRIA REAL EST EQUITIES INC,2.0,4.0,1.0,12,0.005575,100.045833,3005.214358,3622.984000,324.698750,71.433250,1168.771500,0.564119,0.013836,0.036212,0.077902,0.390824,0.511537,52,6.025192,5.650000,6.430000,0.193528
84767,2008,ARE,ALEXANDRIA REAL EST EQUITIES INC,2.0,4.0,1.0,12,-0.018550,90.573333,2903.689700,4609.437500,405.201250,84.425250,1362.162000,0.575711,0.015149,0.040040,0.066054,0.505444,0.903532,53,5.617170,4.830000,6.190000,0.346135
84767,2009,ARE,ALEXANDRIA REAL EST EQUITIES INC,2.0,4.0,1.0,12,0.022767,47.239167,1829.079442,5146.517500,464.884750,110.613750,1475.239500,0.555453,0.025365,0.048764,0.083955,0.849764,1.186471,52,4.573846,4.270000,5.060000,0.176459
84767,2010,ARE,ALEXANDRIA REAL EST EQUITIES INC,2.0,4.0,1.0,12,0.015142,67.676667,3254.057067,5471.064250,475.670250,110.135500,1981.756250,0.496318,0.021214,0.038375,0.080064,0.617306,1.141839,52,4.095577,3.570000,4.520000,0.275385
84767,2011,ARE,ALEXANDRIA REAL EST EQUITIES INC,2.0,4.0,1.0,12,-0.000258,74.511667,4436.351500,5995.278250,497.676750,101.344750,2647.070000,0.431126,0.019283,0.034516,0.059812,0.602620,1.123644,52,3.684231,3.210000,4.290000,0.348027
84767,2012,ARE,ALEXANDRIA REAL EST EQUITIES INC,2.0,4.0,1.0,12,0.003700,71.825000,4488.751183,6647.378750,554.261500,119.731000,3001.202500,0.422058,0.016633,0.038291,0.047713,0.669096,1.098571,52,2.934423,2.630000,3.300000,0.206059
84767,2013,ARE,ALEXANDRIA REAL EST EQUITIES INC,2.0,4.0,1.0,12,-0.002833,67.357500,4613.582975,7146.335250,583.660000,100.273750,3187.241500,0.432626,0.026753,0.042094,0.037742,0.691468,1.079574,52,3.100769,2.560000,3.600000,0.354538
84767,2014,ARE,ALEXANDRIA REAL EST EQUITIES INC,2.0,4.0,1.0,12,0.032233,77.646667,5565.277175,7614.955250,645.428250,136.915750,3536.338750,0.410656,0.011862,0.042033,0.036364,0.638762,0.911837,53,3.286038,3.080000,3.560000,0.110058
84767,2015,ARE,ALEXANDRIA REAL EST EQUITIES INC,2.0,4.0,1.0,12,0.005558,91.633333,6615.758033,8271.615500,739.974000,106.657500,3456.393000,0.458312,0.014005,0.041555,0.033166,0.523292,0.798086,52,3.087500,2.920000,3.250000,0.101109
84767,2016,ARE,ALEXANDRIA REAL EST EQUITIES INC,2.0,4.0,1.0,12,0.022150,100.190833,7646.387508,8941.206500,850.977500,84.723000,3556.156000,0.461253,0.019410,0.038267,0.035545,0.474415,0.845044,52,2.930769,2.720000,3.550000,0.213200
84767,2017,ARE,ALEXANDRIA REAL EST EQUITIES INC,2.0,4.0,1.0,12,0.016558,119.454167,11060.625500,10440.770500,954.857750,-4.879000,4564.497750,0.425058,0.015223,0.038900,0.008439,0.411826,0.769604,52,3.272500,3.080000,3.500000,0.105865
84767,2018,ARE,ALEXANDRIA REAL EST EQUITIES INC,2.0,4.0,1.0,12,-0.007392,124.592500,12993.424750,12508.165500,1215.097750,215.158750,5928.537500,0.407815,0.019875,0.037372,0.010920,0.456314,0.736745,52,4.000192,3.380000,4.360000,0.207860
84767,2019,ARE,ALEXANDRIA REAL EST EQUITIES INC,2.0,4.0,1.0,12,0.031592,147.761667,16737.752750,15022.549500,1551.345500,398.103750,7289.175250,0.396611,0.017662,0.037870,0.042395,0.436967,0.724955,52,3.391731,3.000000,3.990000,0.299344
84767,2020,ARE,ALEXANDRIA REAL EST EQUITIES INC,2.0,4.0,1.0,12,0.013233,160.383333,20462.936917,18804.925250,1702.120750,288.908500,8838.155750,0.392306,0.019144,0.037947,0.045611,0.433014,0.672616,53,2.604906,2.170000,3.160000,0.277853
84767,2021,ARE,ALEXANDRIA REAL EST EQUITIES INC,2.0,4.0,1.0,12,0.022842,188.195833,28180.538750,24247.936750,2358.338250,744.733750,12402.238500,0.352878,0.020683,0.037441,0.055421,0.442416,0.500689,52,2.271923,2.100000,2.450000,0.093934
84767,2022,ARE,ALEXANDRIA REAL EST EQUITIES INC,2.0,4.0,1.0,12,-0.028908,165.381667,26864.591167,31216.601250,2342.014500,555.831750,16245.524000,0.322534,0.017173,0.032251,0.047978,0.615951,0.601133,52,4.583846,2.430000,6.380000,1.112739
84767,2023,ARE,ALEXANDRIA REAL EST EQUITIES INC,2.0,4.0,1.0,12,-0.002058,121.555000,21054.651750,35865.934000,2360.198500,594.950250,18567.538750,0.313689,0.027681,0.037521,0.030741,0.903267,0.731013,52,6.111731,5.140000,7.030000,0.497037
84787,2000,WEA,WESTFIELD AMERICA INC,2.0,9.0,15.0,12,0.024967,14.010417,1027.657030,3627.523250,526.228500,55.172000,548.353500,0.664401,0.004154,0.043074,0.129561,0.535058,0.137162,52,7.718269,6.790000,8.310000,0.313048
84787,2001,WEA,WESTFIELD AMERICA INC,2.0,9.0,15.0,9,0.016011,16.013333,1193.521222,3811.568333,546.691667,56.811667,446.933333,0.687524,0.010505,0.044143,0.112441,0.376658,0.055644,52,6.502308,5.940000,6.780000,0.221436
85058,2000,BXP,BXP INC,2.0,4.0,13.0,12,0.034133,37.656250,2573.965125,5511.229500,796.083000,123.132000,1073.460500,0.613456,0.009861,0.056655,0.106970,0.424120,0.423251,52,7.718269,6.790000,8.310000,0.313048
85058,2001,BXP,BXP INC,2.0,4.0,13.0,12,-0.005517,38.859167,3363.153692,6310.240500,896.077500,164.607500,1551.612250,0.574904,0.034304,0.056241,0.101355,0.459762,0.174708,52,6.502308,5.940000,6.780000,0.221436
85058,2002,BXP,BXP INC,2.0,4.0,13.0,12,0.003367,37.975000,3523.616133,7276.773500,1062.191750,208.021750,1766.291000,0.595609,0.018022,0.057363,0.107872,0.501803,0.174047,52,5.982692,5.320000,6.690000,0.437498
85058,2003,BXP,BXP INC,2.0,4.0,13.0,12,0.027917,42.026667,4065.183458,8398.370250,1223.636750,392.558000,2189.678250,0.607476,0.021950,0.052792,0.169450,0.540255,0.158313,53,5.170943,4.600000,5.770000,0.273188
85058,2004,BXP,BXP INC,2.0,4.0,13.0,12,0.030375,54.195833,5757.101092,8694.764250,1320.382500,311.708500,2596.265000,0.570547,0.016230,0.053886,0.174526,0.453097,0.090969,52,5.206154,4.690000,5.720000,0.269023
85058,2005,BXP,BXP INC,2.0,4.0,13.0,12,0.019517,68.153333,7592.733375,9074.564250,1401.949250,276.078750,2955.500250,0.549303,0.035035,0.047711,0.119848,0.392334,0.127422,52,5.417885,5.100000,5.900000,0.239970
85058,2006,BXP,BXP INC,2.0,4.0,13.0,12,0.042550,96.535833,11032.101000,9121.793250,1437.310750,497.208000,3065.063500,0.529063,0.055246,0.052037,0.127944,0.279744,0.328741,52,6.066346,5.670000,6.440000,0.195629
85058,2007,BXP,BXP INC,2.0,4.0,13.0,12,-0.006850,107.993333,12812.692833,10388.218250,1472.376250,1053.365250,3835.177000,0.496807,0.136065,0.053811,0.220707,0.303427,0.421335,52,6.025192,5.650000,6.430000,0.193528
85058,2008,BXP,BXP INC,2.0,4.0,13.0,12,-0.032158,85.833333,10282.562525,10728.917500,1498.108750,788.994500,3844.785250,0.511760,0.106065,0.055974,0.323557,0.390070,0.723526,53,5.617170,4.830000,6.190000,0.346135
85058,2009,BXP,BXP INC,2.0,4.0,13.0,12,0.031275,52.892500,7014.774192,11059.394750,1357.365250,131.918750,3816.840750,0.553389,0.030024,0.051883,0.171132,0.576275,1.137983,52,4.573846,4.270000,5.060000,0.176459
85058,2010,BXP,BXP INC,2.0,4.0,13.0,12,0.024892,78.135833,10889.848458,12254.880750,1497.944000,195.760000,4444.303250,0.542733,0.106158,0.047946,0.045087,0.411600,1.190954,52,4.095577,3.570000,4.520000,0.275385
85058,2011,BXP,BXP INC,2.0,4.0,13.0,12,0.016325,99.908333,14524.476917,13529.196000,1618.366500,169.311250,4572.127500,0.574879,0.083363,0.032962,0.042871,0.316167,1.161151,52,3.684231,3.210000,4.290000,0.348027
85058,2012,BXP,BXP INC,2.0,4.0,13.0,12,0.007475,106.543333,15958.965750,14564.312500,1845.807000,252.118250,4947.185000,0.574937,0.089988,0.040848,0.047846,0.310307,1.118161,52,2.934423,2.630000,3.300000,0.206059
85058,2013,BXP,BXP INC,2.0,4.0,13.0,12,0.000208,104.284167,15857.086000,16422.581500,1953.721000,343.154250,5174.535750,0.577190,0.075274,0.040436,0.056498,0.326692,1.101298,52,3.100769,2.560000,3.600000,0.354538
85058,2014,BXP,BXP INC,2.0,4.0,13.0,12,0.026275,119.396667,18274.714167,19390.015000,2252.164750,545.073250,5504.328000,0.574337,0.082490,0.037696,0.102613,0.302031,0.802954,53,3.286038,3.080000,3.560000,0.110058
85058,2015,BXP,BXP INC,2.0,4.0,13.0,12,0.003008,127.792500,19604.938333,19263.739250,2445.118250,475.372000,5546.868500,0.530575,0.083940,0.038903,0.103455,0.284085,0.581064,52,3.087500,2.920000,3.250000,0.101109
85058,2016,BXP,BXP INC,2.0,4.0,13.0,12,0.002567,127.709167,19624.390917,18874.878500,2536.067000,601.836250,5561.007500,0.519315,0.068593,0.046613,0.095362,0.284690,0.608536,52,2.930769,2.720000,3.550000,0.213200
85058,2017,BXP,BXP INC,2.0,4.0,13.0,12,0.005408,126.188333,19441.400250,18972.482500,2557.629000,477.400000,5575.533250,0.523462,0.023668,0.049195,0.097645,0.287344,0.606185,52,3.272500,3.080000,3.500000,0.105865
85058,2018,BXP,BXP INC,2.0,4.0,13.0,12,-0.007992,123.165000,19014.796167,19556.463000,2631.637750,511.520500,5652.760750,0.531342,0.028906,0.048226,0.086298,0.297727,0.666758,52,4.000192,3.380000,4.360000,0.207860
85058,2019,BXP,BXP INC,2.0,4.0,13.0,12,0.020808,133.376667,20612.268083,20540.963500,2780.528750,541.624750,5628.052000,0.553419,0.032091,0.055047,0.094147,0.273288,0.872994,52,3.391731,3.000000,3.990000,0.299344
85058,2020,BXP,BXP INC,2.0,4.0,13.0,12,-0.017500,96.618333,15007.874167,21850.988000,2996.978250,748.695500,5696.643500,0.577225,0.049058,0.053834,0.098201,0.393241,0.955234,53,2.604906,2.170000,3.160000,0.277853
85058,2021,BXP,BXP INC,2.0,4.0,13.0,12,0.020883,109.045000,17017.275583,22522.508500,2778.218750,666.199750,5812.658500,0.589996,0.055926,0.051047,0.127454,0.343774,1.036541,52,2.271923,2.100000,2.450000,0.093934
85058,2022,BXP,BXP INC,2.0,4.0,13.0,12,-0.036883,94.905833,14867.996000,22739.034250,2905.105750,510.545000,5831.047250,0.601728,0.028208,0.051509,0.113252,0.413226,0.984946,52,4.583846,2.430000,6.380000,1.112739
85058,2023,BXP,BXP INC,2.0,4.0,13.0,12,0.016850,60.609167,9506.159458,24475.365750,3098.963000,802.274750,6097.844000,0.613214,0.038194,0.052290,0.116829,0.651605,1.039723,52,6.111731,5.140000,7.030000,0.497037
85082,2000,EGP,EASTGROUP PROPERTIES INC,2.0,4.0,8.0,12,0.024308,21.135417,331.189316,634.806000,87.617000,39.638500,261.233250,0.386776,0.005079,0.070159,0.131918,0.791202,0.384412,52,7.718269,6.790000,8.310000,0.313048
85082,2001,EGP,EASTGROUP PROPERTIES INC,2.0,4.0,8.0,12,0.010750,22.329167,353.761512,671.193000,98.491500,35.152000,263.126250,0.414703,0.004380,0.078396,0.141096,0.744816,0.176764,52,6.502308,5.940000,6.780000,0.221436
85082,2002,EGP,EASTGROUP PROPERTIES INC,2.0,4.0,8.0,12,0.015092,24.981667,400.816505,683.922750,105.821000,34.757750,259.966250,0.426784,0.002418,0.078544,0.133063,0.648990,0.165830,52,5.982692,5.320000,6.690000,0.437498
85082,2003,EGP,EASTGROUP PROPERTIES INC,2.0,4.0,8.0,12,0.026242,27.579167,496.477758,701.115000,106.136000,23.338500,256.856250,0.455965,0.002204,0.075924,0.109908,0.527715,0.122814,53,5.170943,4.600000,5.770000,0.273188
85082,2004,EGP,EASTGROUP PROPERTIES INC,2.0,4.0,8.0,12,0.021708,34.093333,714.834543,730.470500,108.471250,20.167500,339.232500,0.476524,0.002866,0.070604,0.075344,0.476735,0.108786,52,5.206154,4.690000,5.720000,0.269023
85082,2005,EGP,EASTGROUP PROPERTIES INC,2.0,4.0,8.0,12,0.018350,41.436667,905.223948,789.133250,115.705250,21.240750,356.823750,0.501253,0.001290,0.072672,0.064137,0.396074,0.157410,52,5.417885,5.100000,5.900000,0.239970
85082,2006,EGP,EASTGROUP PROPERTIES INC,2.0,4.0,8.0,12,0.018708,48.894167,1107.034103,852.941250,124.393000,19.662250,354.479250,0.535078,0.001787,0.080990,0.063106,0.323130,0.346199,52,6.066346,5.670000,6.440000,0.195629
85082,2007,EGP,EASTGROUP PROPERTIES INC,2.0,4.0,8.0,12,-0.015458,47.264167,1122.195132,939.630750,135.791000,22.960750,406.466250,0.510978,0.001562,0.077328,0.066061,0.365124,0.493377,52,6.025192,5.650000,6.430000,0.193528
85082,2008,EGP,EASTGROUP PROPERTIES INC,2.0,4.0,8.0,12,-0.002183,42.421667,1046.857826,1077.506750,153.195250,29.224750,406.012500,0.570378,0.000519,0.078383,0.072191,0.398442,0.734651,53,5.617170,4.830000,6.190000,0.346135
85082,2009,EGP,EASTGROUP PROPERTIES INC,2.0,4.0,8.0,12,0.016908,33.947500,867.648071,1156.361500,169.781500,31.725750,414.620000,0.602033,0.000701,0.074394,0.079266,0.488094,0.890546,52,4.573846,4.270000,5.060000,0.176459
85082,2010,EGP,EASTGROUP PROPERTIES INC,2.0,4.0,8.0,12,0.014692,38.075833,1023.007939,1184.277000,173.963250,25.373000,432.955250,0.600874,0.000313,0.067256,0.069610,0.424765,0.862505,52,4.095577,3.570000,4.520000,0.275385
85082,2011,EGP,EASTGROUP PROPERTIES INC,2.0,4.0,8.0,12,0.008325,43.441667,1174.711933,1182.335750,173.260000,18.736250,404.813500,0.624658,0.000105,0.065406,0.051134,0.345454,0.883348,52,3.684231,3.210000,4.290000,0.348027
85082,2012,EGP,EASTGROUP PROPERTIES INC,2.0,4.0,8.0,12,0.021908,51.459167,1478.545500,1271.895000,176.136750,22.072000,414.538500,0.638360,0.000188,0.067083,0.051053,0.280719,0.885699,52,2.934423,2.630000,3.300000,0.206059
85082,2013,EGP,EASTGROUP PROPERTIES INC,2.0,4.0,8.0,12,0.011158,59.050833,1788.947942,1367.351000,187.770250,26.478500,481.002750,0.608586,0.000436,0.069874,0.061972,0.269281,0.925952,52,3.100769,2.560000,3.600000,0.354538
85082,2014,EGP,EASTGROUP PROPERTIES INC,2.0,4.0,8.0,12,0.011575,63.551667,1997.276167,1492.149250,204.876500,32.470750,518.319500,0.607540,0.000357,0.073366,0.064761,0.259873,0.857116,53,3.286038,3.080000,3.560000,0.110058
85082,2015,EGP,EASTGROUP PROPERTIES INC,2.0,4.0,8.0,12,-0.006300,57.933333,1870.231333,1580.890750,223.380500,49.049000,562.859000,0.599006,0.001402,0.075585,0.075404,0.301848,0.846597,52,3.087500,2.920000,3.250000,0.101109
85082,2016,EGP,EASTGROUP PROPERTIES INC,2.0,4.0,8.0,12,0.028500,65.942500,2154.730775,1650.067500,238.131000,61.423250,566.887500,0.608890,0.000063,0.079114,0.085297,0.266499,0.809077,52,2.930769,2.720000,3.550000,0.213200
85082,2017,EGP,EASTGROUP PROPERTIES INC,2.0,4.0,8.0,12,0.018250,83.278333,2830.774833,1817.838000,257.012500,88.360000,656.405000,0.591176,0.000093,0.076944,0.123316,0.232869,0.743848,52,3.272500,3.080000,3.500000,0.105865
85082,2018,EGP,EASTGROUP PROPERTIES INC,2.0,4.0,8.0,12,0.006558,92.068333,3256.040750,1957.931250,279.090750,85.872750,770.861750,0.560229,0.000039,0.079704,0.127152,0.237325,0.702753,52,4.000192,3.380000,4.360000,0.207860
85082,2019,EGP,EASTGROUP PROPERTIES INC,2.0,4.0,8.0,12,0.034092,119.575000,4469.818900,2171.974000,304.325750,87.354000,924.647750,0.515042,0.000321,0.082043,0.103416,0.208232,0.674016,52,3.391731,3.000000,3.990000,0.299344
85082,2020,EGP,EASTGROUP PROPERTIES INC,2.0,4.0,8.0,12,0.008000,125.813333,4935.441983,2543.450500,336.263500,113.415500,1178.189500,0.475114,0.000110,0.079561,0.099950,0.240763,0.636976,53,2.604906,2.170000,3.160000,0.277853
85082,2021,EGP,EASTGROUP PROPERTIES INC,2.0,4.0,8.0,12,0.046508,170.680000,6852.008142,2742.258000,369.341000,114.509500,1300.227500,0.472055,0.003386,0.076768,0.092011,0.193796,0.481791,52,2.271923,2.100000,2.450000,0.093934
85082,2022,EGP,EASTGROUP PROPERTIES INC,2.0,4.0,8.0,12,-0.029825,169.769167,7164.920392,3349.199500,418.751500,171.645750,1661.681000,0.446903,0.001150,0.080112,0.094100,0.235707,0.575700,52,4.583846,2.430000,6.380000,1.112739
85082,2023,EGP,EASTGROUP PROPERTIES INC,2.0,4.0,8.0,12,0.021817,170.457500,7661.345175,4070.687250,498.093750,184.369250,2047.810500,0.440573,0.000949,0.077076,0.097423,0.267637,0.657235,52,6.111731,5.140000,7.030000,0.497037
85234,2013,PZN,PRISON REALTY TRUST INC,2.0,1.0,1.0,12,0.006700,35.290833,3887.846400,2948.988000,1725.788500,227.169500,1613.397750,0.373841,0.018659,0.105787,0.108187,0.415799,0.751209,52,3.100769,2.560000,3.600000,0.354538
85234,2014,PZN,PRISON REALTY TRUST INC,2.0,1.0,1.0,12,0.016425,34.000833,3953.960750,2979.589750,1683.612250,247.325250,1502.025250,0.401063,0.020735,0.115186,0.159722,0.380946,0.510013,53,3.286038,3.080000,3.560000,0.110058
85234,2015,PZN,PRISON REALTY TRUST INC,2.0,1.0,1.0,12,-0.017892,33.280000,3892.459775,3140.819500,1671.812750,204.550500,1484.642500,0.391479,0.019283,0.138109,0.160215,0.390021,0.455406,52,3.087500,2.920000,3.250000,0.101109
85234,2016,PZN,PRISON REALTY TRUST INC,2.0,1.0,1.0,12,0.029667,26.025000,3056.546050,3302.051000,1798.699000,209.791000,1456.928000,0.429482,0.020543,0.127406,0.143323,0.528031,0.430443,52,2.930769,2.720000,3.550000,0.213200
85234,2017,PZN,PRISON REALTY TRUST INC,2.0,1.0,1.0,12,0.002775,28.073333,3313.809142,3255.512500,1836.125250,215.739250,1457.415250,0.441793,0.013075,0.112231,0.151125,0.446931,0.634291,52,3.272500,3.080000,3.500000,0.105865
85234,2018,PZN,PRISON REALTY TRUST INC,2.0,1.0,1.0,12,-0.009242,22.265833,2638.274600,3268.097750,1772.387500,175.172750,1443.104250,0.448029,0.017411,0.105580,0.134353,0.553485,0.704046,52,4.000192,3.380000,4.360000,0.207860
85234,2019,PZN,PRISON REALTY TRUST INC,2.0,1.0,1.0,12,0.007867,18.580000,2210.489867,3662.240750,1857.027000,167.359000,1400.534750,0.511650,0.021823,0.087670,0.116735,0.642238,0.908078,52,3.391731,3.000000,3.990000,0.299344
85234,2020,PZN,PRISON REALTY TRUST INC,2.0,1.0,1.0,12,-0.065650,10.225833,1221.453467,3914.754250,1975.890250,173.462750,1374.316250,0.544724,0.058008,0.090174,0.126910,1.226263,0.916196,53,2.604906,2.170000,3.160000,0.277853
85234,2021,PZN,PRISON REALTY TRUST INC,2.0,1.0,1.0,12,0.045517,8.971667,1078.345417,3722.129500,1891.359000,-9.102000,1382.123500,0.490017,0.052350,0.089297,0.079890,1.309651,0.930163,52,2.271923,2.100000,2.450000,0.093934
85234,2022,PZN,PRISON REALTY TRUST INC,2.0,1.0,1.0,12,0.021483,10.937500,1303.142250,3481.749250,1860.118500,5.414250,1456.460000,0.441512,0.091794,0.083039,-0.005825,1.135860,0.697634,52,4.583846,2.430000,6.380000,1.112739
85234,2023,PZN,PRISON REALTY TRUST INC,2.0,1.0,1.0,12,0.022183,10.815000,1231.028567,3149.719500,1849.757250,120.985500,1521.903750,0.384520,0.037598,0.046477,0.034058,1.272904,0.627265,52,6.111731,5.140000,7.030000,0.497037
85260,2000,ICH,IMPAC COMMERCIAL HOLDINGS INC,2.0,4.0,13.0,10,0.045770,5.843750,49.192688,406.814300,33.160400,-5.425400,96.779500,0.749314,0.096038,0.142716,-0.082810,2.001012,0.369325,52,7.718269,6.790000,8.310000,0.313048
85264,2000,PNP,PAN PACIFIC RETAIL PROPERTIES IN,2.0,9.0,17.0,12,0.034125,19.739583,458.064109,780.311500,102.137500,32.663750,381.450250,0.454366,0.000838,0.061796,0.078731,0.866187,0.171054,52,7.718269,6.790000,8.310000,0.313048
85264,2001,PNP,PAN PACIFIC RETAIL PROPERTIES IN,2.0,9.0,17.0,12,0.028292,25.024167,795.732202,1177.470750,130.425500,38.058500,543.393750,0.488887,0.001053,0.052664,0.068027,0.681786,0.058855,52,6.502308,5.940000,6.780000,0.221436
85264,2002,PNP,PAN PACIFIC RETAIL PROPERTIES IN,2.0,9.0,17.0,12,0.025733,32.933333,1095.551813,1350.769500,180.944500,60.069000,624.274250,0.502360,0.000913,0.061857,0.083387,0.572887,0.051851,52,5.982692,5.320000,6.690000,0.437498
85264,2003,PNP,PAN PACIFIC RETAIL PROPERTIES IN,2.0,9.0,17.0,12,0.026892,41.345833,1663.493550,1664.666500,202.545250,66.681500,760.176250,0.508309,0.008165,0.056921,0.112824,0.454835,0.025433,53,5.170943,4.600000,5.770000,0.273188
85264,2004,PNP,PAN PACIFIC RETAIL PROPERTIES IN,2.0,9.0,17.0,12,0.028900,52.491667,2120.727092,1889.305500,262.560750,88.442000,892.356500,0.488051,0.003720,0.068921,0.118157,0.424683,0.005235,52,5.206154,4.690000,5.720000,0.269023
85264,2005,PNP,PAN PACIFIC RETAIL PROPERTIES IN,2.0,9.0,17.0,12,0.009567,63.567500,2584.006442,1994.672250,290.665500,92.739250,914.878250,0.505631,0.003910,0.068106,0.113779,0.355525,0.102754,52,5.417885,5.100000,5.900000,0.239970
85264,2006,PNP,PAN PACIFIC RETAIL PROPERTIES IN,2.0,9.0,17.0,9,0.007667,68.881111,2807.951133,2087.982000,305.764333,96.350333,932.607667,0.518437,0.002699,0.074468,0.114651,0.332294,0.234032,52,6.066346,5.670000,6.440000,0.195629
85265,2000,SLG,S L GREEN REALTY CORP,2.0,4.0,13.0,12,0.028017,26.005208,632.379574,1096.564750,209.623750,51.138750,413.607750,0.423463,0.027380,0.046859,0.091872,0.658387,0.510855,52,7.718269,6.790000,8.310000,0.313048
85265,2001,SLG,S L GREEN REALTY CORP,2.0,4.0,13.0,12,0.013050,29.382500,790.057634,1269.769500,240.394000,78.065000,452.148500,0.457129,0.048369,0.048068,0.154488,0.580356,0.261073,52,6.502308,5.940000,6.780000,0.221436
85265,2002,SLG,S L GREEN REALTY CORP,2.0,4.0,13.0,12,0.008200,32.690000,985.824230,1391.401750,254.179000,66.056750,615.344750,0.384221,0.035755,0.071552,0.138902,0.626451,0.223142,52,5.982692,5.320000,6.690000,0.437498
85265,2003,SLG,S L GREEN REALTY CORP,2.0,4.0,13.0,12,0.027450,34.461667,1120.004453,1605.441000,263.182750,67.998750,640.989250,0.415845,0.028558,0.072361,0.112023,0.582999,0.239311,53,5.170943,4.600000,5.770000,0.273188
85265,2004,SLG,S L GREEN REALTY CORP,2.0,4.0,13.0,12,0.038283,49.306667,1913.111683,2144.871250,326.990000,76.747000,844.958750,0.459130,0.048003,0.072098,0.121106,0.447300,0.205007,52,5.206154,4.690000,5.720000,0.269023
85265,2005,SLG,S L GREEN REALTY CORP,2.0,4.0,13.0,12,0.024167,64.630000,2697.832450,2857.778250,414.955000,110.366500,1093.328000,0.449470,0.026121,0.057200,0.162305,0.408140,0.208588,52,5.417885,5.100000,5.900000,0.239970
85265,2006,SLG,S L GREEN REALTY CORP,2.0,4.0,13.0,12,0.050892,108.896667,4923.835975,3459.147750,496.983000,119.519000,1219.517750,0.483199,0.022541,0.036698,0.155179,0.256528,0.422610,52,6.066346,5.670000,6.440000,0.195629
85265,2007,SLG,S L GREEN REALTY CORP,2.0,4.0,13.0,12,-0.024300,125.185833,7200.231292,6984.290750,657.122500,146.075500,2650.309750,0.463522,0.065734,0.038097,0.114137,0.382130,0.625548,52,6.025192,5.650000,6.430000,0.193528
85265,2008,SLG,S L GREEN REALTY CORP,2.0,4.0,13.0,12,-0.065283,71.824167,4191.113008,11136.222000,1049.245500,129.539750,3606.960500,0.500305,0.016139,0.031429,0.150495,1.161538,1.171296,53,5.617170,4.830000,6.190000,0.346135
85265,2009,SLG,S L GREEN REALTY CORP,2.0,4.0,13.0,12,0.095608,28.330833,2050.962401,10892.941250,1134.819250,3.601000,3800.266250,0.497926,0.067397,0.028515,0.136895,2.670014,2.158195,52,4.573846,4.270000,5.060000,0.176459
85265,2010,SLG,S L GREEN REALTY CORP,2.0,4.0,13.0,12,0.028200,59.648750,4656.096708,10485.946250,1067.388750,56.798000,4182.574000,0.457981,0.047639,0.027049,0.050966,0.908502,2.286425,52,4.095577,3.570000,4.520000,0.275385
85265,2011,SLG,S L GREEN REALTY CORP,2.0,4.0,13.0,12,0.004683,74.415000,6219.297875,11493.653250,1173.316500,377.967500,4782.258250,0.444647,0.037304,0.028655,0.044679,0.779150,2.203515,52,3.684231,3.210000,4.290000,0.348027
85265,2012,SLG,S L GREEN REALTY CORP,2.0,4.0,13.0,12,0.014242,77.630833,6942.990208,13636.830750,1280.124250,473.317750,5746.681000,0.445323,0.024807,0.022759,0.095153,0.829201,2.140294,52,2.934423,2.630000,3.300000,0.206059
85265,2013,SLG,S L GREEN REALTY CORP,2.0,4.0,13.0,12,0.017775,88.173333,8106.337508,14404.645750,1450.471250,153.326500,6011.004250,0.457795,0.022752,0.025393,0.067369,0.743611,2.099658,52,3.100769,2.560000,3.600000,0.354538
85265,2014,SLG,S L GREEN REALTY CORP,2.0,4.0,13.0,12,0.024067,107.221667,10294.778583,15403.736250,1425.156250,185.120000,6329.109500,0.474087,0.032285,0.026054,0.026273,0.617296,1.451998,53,3.286038,3.080000,3.560000,0.110058
85265,2015,SLG,S L GREEN REALTY CORP,2.0,4.0,13.0,12,-0.000942,117.392500,11652.252667,17170.346750,1561.615750,246.800750,6785.537750,0.478237,0.023993,0.027435,0.053949,0.584899,1.080651,52,3.087500,2.920000,3.250000,0.101109
85265,2016,SLG,S L GREEN REALTY CORP,2.0,4.0,13.0,12,0.001742,104.112500,10430.206750,19119.611750,1752.858250,293.410250,7052.453000,0.485180,0.025524,0.028734,0.055597,0.680779,1.164722,52,2.930769,2.720000,3.550000,0.213200
85265,2017,SLG,S L GREEN REALTY CORP,2.0,4.0,13.0,12,-0.001767,103.320000,10312.717667,15708.926750,1795.469000,226.699500,6977.829000,0.413118,0.028556,0.040700,0.037277,0.678069,1.052367,52,3.272500,3.080000,3.500000,0.105865
85265,2018,SLG,S L GREEN REALTY CORP,2.0,4.0,13.0,12,-0.015392,96.821667,8510.009583,14046.893000,1473.147750,174.423500,6203.904250,0.422137,0.024243,0.037389,0.024511,0.732623,1.092703,52,4.000192,3.380000,4.360000,0.207860
85265,2019,SLG,S L GREEN REALTY CORP,2.0,4.0,13.0,12,0.017458,85.970000,7114.369925,13305.519250,1247.338500,254.962000,5704.157500,0.450855,0.020223,0.032229,0.032432,0.803165,1.152525,52,3.391731,3.000000,3.990000,0.299344
85265,2020,SLG,S L GREEN REALTY CORP,2.0,4.0,13.0,12,-0.005550,54.830000,4159.953492,13088.368750,1200.557500,260.111000,5149.466000,0.486717,0.041606,0.029392,0.048364,1.314561,1.440152,53,2.604906,2.170000,3.160000,0.277853
85265,2021,SLG,S L GREEN REALTY CORP,2.0,4.0,13.0,12,0.021417,72.195833,4963.448942,11810.453750,976.478000,283.752250,4689.044750,0.477538,0.029559,0.040767,0.067761,0.948282,1.532771,52,2.271923,2.100000,2.450000,0.093934
85265,2022,SLG,S L GREEN REALTY CORP,2.0,4.0,13.0,12,-0.051433,54.975000,3544.406342,10910.584000,781.567750,475.627000,4587.121250,0.447718,0.029025,0.030455,0.090731,1.399070,1.453670,52,4.583846,2.430000,6.380000,1.112739
85265,2023,SLG,S L GREEN REALTY CORP,2.0,4.0,13.0,12,0.053333,33.405833,2150.503717,11863.812750,797.363500,-177.642750,4232.883250,0.514782,0.030323,0.021493,0.030812,2.077236,1.604058,52,6.111731,5.140000,7.030000,0.497037
85410,2000,AER,AEGIS REALTY INC,2.0,9.0,17.0,12,0.021192,9.614583,77.403511,194.003750,25.423500,5.888250,121.146000,0.308519,0.012280,0.050477,0.050486,1.572656,0.145006,52,7.718269,6.790000,8.310000,0.313048
85410,2001,AER,AEGIS REALTY INC,2.0,9.0,17.0,12,0.016175,10.865833,87.487728,196.962000,26.010500,4.891500,118.329500,0.330347,0.017022,0.058606,0.047375,1.354809,0.044144,52,6.502308,5.940000,6.780000,0.221436
85410,2002,AER,AEGIS REALTY INC,2.0,9.0,17.0,12,0.009833,10.932500,88.044959,192.526250,26.417500,1.623500,112.161250,0.349032,0.019701,0.055746,0.020983,1.275416,0.055300,52,5.982692,5.320000,6.690000,0.437498
85410,2003,AER,AEGIS REALTY INC,2.0,9.0,17.0,2,0.003550,11.525000,93.397375,192.665000,27.241000,3.747000,110.471000,0.354937,0.012171,0.059020,0.002451,1.182824,0.057817,53,5.170943,4.600000,5.770000,0.273188
85426,2012,GET,GAYLORD ENTERTAINMENT CO NEW,2.0,5.0,9.0,3,0.092300,36.896667,1657.856500,2546.347000,986.775000,18.376000,1188.029000,0.406546,0.012038,0.075970,0.009734,0.719828,2.275360,52,2.934423,2.630000,3.300000,0.206059
85426,2013,GET,GAYLORD ENTERTAINMENT CO NEW,2.0,5.0,9.0,12,0.014383,39.796667,2024.412400,2493.728000,979.239500,4.094750,910.297000,0.444056,0.023931,0.058042,-0.014152,0.453978,2.266472,52,3.100769,2.560000,3.600000,0.354538
85426,2014,RHP,RYMAN HOSPITALITY PROPERTIES INC,2.0,5.0,9.0,12,0.023983,47.072500,2391.857200,2424.112750,981.453750,93.562000,735.746750,0.491247,0.031989,0.072460,0.078111,0.311109,1.904585,53,3.286038,3.080000,3.560000,0.110058
85426,2015,RHP,RYMAN HOSPITALITY PROPERTIES INC,2.0,5.0,9.0,12,0.004150,54.832500,2806.831700,2452.591500,1053.871750,113.601750,451.535750,0.597296,0.052551,0.094883,0.248846,0.160197,1.333843,52,3.087500,2.920000,3.250000,0.101109
85426,2016,RHP,RYMAN HOSPITALITY PROPERTIES INC,2.0,5.0,9.0,12,0.024550,52.352500,2674.073892,2353.015000,1105.313000,130.848250,365.693750,0.624292,0.032819,0.110991,0.302636,0.137969,0.975796,52,2.930769,2.720000,3.550000,0.213200
85426,2017,RHP,RYMAN HOSPITALITY PROPERTIES INC,2.0,5.0,9.0,12,0.012500,64.067500,3274.414350,2415.111750,1163.973250,159.194000,361.615500,0.630034,0.027015,0.117554,0.375032,0.110605,0.764161,52,3.272500,3.080000,3.500000,0.105865
85426,2018,RHP,RYMAN HOSPITALITY PROPERTIES INC,2.0,5.0,9.0,12,0.003550,78.889167,4044.945033,2545.802500,1200.384500,169.467500,366.034500,0.636462,0.032940,0.119937,0.452090,0.091134,1.050533,52,4.000192,3.380000,4.360000,0.207860
85426,2019,RHP,RYMAN HOSPITALITY PROPERTIES INC,2.0,5.0,9.0,12,0.027717,81.729167,4226.347100,3560.903500,1435.351000,242.444750,425.640000,0.653437,0.041833,0.092443,0.522821,0.101001,1.137303,52,3.391731,3.000000,3.990000,0.299344
85426,2020,RHP,RYMAN HOSPITALITY PROPERTIES INC,2.0,5.0,9.0,12,0.010358,47.774167,2625.003208,3977.238000,1496.536250,80.748250,477.803750,0.698466,0.087342,0.067838,0.366758,0.215124,1.312529,53,2.604906,2.170000,3.160000,0.277853
85426,2021,RHP,RYMAN HOSPITALITY PROPERTIES INC,2.0,5.0,9.0,12,0.029158,79.211667,4360.182817,3559.524000,529.859250,-386.405750,198.414500,0.800669,0.025074,-0.030865,-1.091735,0.046295,1.590845,52,2.271923,2.100000,2.450000,0.093934
85426,2022,RHP,RYMAN HOSPITALITY PROPERTIES INC,2.0,5.0,9.0,12,-0.004283,86.221667,4752.898542,3630.718250,1055.455250,-128.401250,108.569000,0.835811,0.042155,0.033741,3.795785,0.022007,1.533970,52,4.583846,2.430000,6.380000,1.112739
85426,2023,RHP,RYMAN HOSPITALITY PROPERTIES INC,2.0,5.0,9.0,12,0.031083,92.442500,5312.749058,4253.309250,1859.359500,160.011000,199.100750,0.734702,0.104185,0.100853,4.106123,0.035830,1.475454,52,6.111731,5.140000,7.030000,0.497037
85537,2000,CRRR,CAPTEC NET LEASE REALTY INC,2.0,9.0,5.0,12,0.050367,10.085942,95.897094,253.809250,29.288000,14.356000,135.414000,0.453516,0.004453,0.063256,0.094697,1.436964,0.162059,52,7.718269,6.790000,8.310000,0.313048
85537,2001,CRRR,CAPTEC NET LEASE REALTY INC,2.0,9.0,5.0,11,0.021736,12.391364,117.817087,238.947636,28.180364,14.489636,135.361727,0.427503,0.005936,0.054446,0.105013,1.150461,0.169038,52,6.502308,5.940000,6.780000,0.221436
85592,2000,PLD,PROLOGIS INC,2.0,4.0,8.0,12,0.027600,22.937500,1938.989983,3694.786250,446.228250,170.405750,1701.222500,0.351007,0.009932,0.054108,0.087376,0.881027,0.037966,52,7.718269,6.790000,8.310000,0.313048
85592,2001,PLD,PROLOGIS INC,2.0,4.0,8.0,12,0.006292,25.021667,2114.497908,4472.244250,495.857000,134.762500,1684.854250,0.397557,0.018813,0.058066,0.084829,0.797119,-0.019363,52,6.502308,5.940000,6.780000,0.221436
85592,2002,PLD,PROLOGIS INC,2.0,4.0,8.0,12,0.009808,28.113333,2346.358750,4827.730000,563.873250,117.223750,1656.536500,0.439828,0.027013,0.060275,0.078939,0.708271,0.027310,52,5.982692,5.320000,6.690000,0.437498
85592,2003,PLD,PROLOGIS INC,2.0,4.0,8.0,12,0.020558,29.043333,2371.690783,4954.167250,595.505250,83.215750,1598.977000,0.434464,0.020518,0.058877,0.080338,0.676704,0.045210,53,5.170943,4.600000,5.770000,0.273188
85592,2004,PLD,PROLOGIS INC,2.0,4.0,8.0,12,0.023675,36.072500,2977.100233,5502.200000,608.987750,65.677250,1551.648000,0.478141,0.026325,0.054360,0.080771,0.524577,0.060471,52,5.206154,4.690000,5.720000,0.269023
85592,2005,PLD,PROLOGIS INC,2.0,4.0,8.0,12,0.020967,42.659167,3601.325925,6447.012000,620.436250,75.359250,1572.040750,0.513867,0.024081,0.045335,0.081092,0.439996,0.120751,52,5.417885,5.100000,5.900000,0.239970
85592,2006,PLD,PROLOGIS INC,2.0,4.0,8.0,12,0.018467,54.312500,4772.131775,7004.726250,686.399000,123.972750,1730.261750,0.517041,0.027458,0.043615,0.119735,0.363904,0.282897,52,6.066346,5.670000,6.440000,0.195629
85592,2007,PLD,PROLOGIS INC,2.0,4.0,8.0,12,0.002933,58.546667,5800.340817,7007.030000,744.173750,185.255000,2164.927250,0.489085,0.032911,0.046695,0.128972,0.373755,0.349228,52,6.025192,5.650000,6.430000,0.193528
85592,2008,PLD,PROLOGIS INC,2.0,4.0,8.0,12,-0.047733,43.880000,4304.898067,7485.406750,718.835500,247.191500,2491.427750,0.497730,0.045202,0.035513,0.120202,0.674249,0.865323,53,5.617170,4.830000,6.190000,0.346135
85592,2009,PLD,PROLOGIS INC,2.0,4.0,8.0,12,0.027825,19.570833,2683.454425,7104.412250,691.658000,-99.003750,2516.255000,0.499646,0.036987,0.040872,0.038989,1.064881,1.547652,52,4.573846,4.270000,5.060000,0.176459
85592,2010,PLD,PROLOGIS INC,2.0,4.0,8.0,12,0.024108,26.449375,4320.549475,6921.171750,638.950000,-116.957750,2805.589750,0.458701,0.029697,0.036063,-0.018199,0.654652,1.535997,52,4.095577,3.570000,4.520000,0.275385
85592,2011,PLD,PROLOGIS INC,2.0,4.0,8.0,12,0.000250,32.367500,10499.122358,15269.186500,838.913250,-931.576250,7293.714417,0.430693,0.016551,0.020650,-0.001488,0.662532,1.572186,52,3.684231,3.210000,4.290000,0.348027
85592,2012,PLD,PROLOGIS INC,2.0,4.0,8.0,12,0.024933,34.050833,15671.702333,28398.433000,1664.798000,-427.002000,13263.649250,0.425485,0.012499,0.008693,-0.003194,0.848289,1.607987,52,2.934423,2.630000,3.300000,0.206059
85592,2013,PLD,PROLOGIS INC,2.0,4.0,8.0,12,0.005017,38.736667,18932.900000,25999.858500,2000.912750,-20.609250,12871.671750,0.399743,0.018381,0.019087,-0.006743,0.681241,1.632913,52,3.100769,2.560000,3.600000,0.354538
85592,2014,PLD,PROLOGIS INC,2.0,4.0,8.0,12,0.016358,40.868333,20423.854000,24537.140000,1879.757250,39.052000,13557.184500,0.361959,0.011582,0.019619,0.013371,0.664586,1.376251,53,3.286038,3.080000,3.560000,0.110058
85592,2015,PLD,PROLOGIS INC,2.0,4.0,8.0,12,0.004517,41.184167,21432.728167,26738.385750,1942.945750,719.435250,14107.098500,0.363199,0.011297,0.026068,0.037201,0.660131,1.298544,52,3.087500,2.920000,3.250000,0.101109
85592,2016,PLD,PROLOGIS INC,2.0,4.0,8.0,12,0.022158,48.423333,25488.724583,31233.951000,2438.068000,907.229250,14582.854250,0.371245,0.010220,0.033650,0.053836,0.579803,1.153468,52,2.930769,2.720000,3.550000,0.213200
85592,2017,PLD,PROLOGIS INC,2.0,4.0,8.0,12,0.019983,58.610000,31120.412583,30275.873250,2807.243500,1124.865500,14767.864000,0.362630,0.015277,0.048060,0.072158,0.479663,0.782690,52,3.272500,3.080000,3.500000,0.105865
85592,2018,PLD,PROLOGIS INC,2.0,4.0,8.0,12,-0.004083,64.570833,37036.330500,29577.397750,2877.849750,1785.744750,15552.118250,0.321364,0.016918,0.058038,0.095741,0.423797,0.668420,52,4.000192,3.380000,4.360000,0.207860
85592,2019,PLD,PROLOGIS INC,2.0,4.0,8.0,12,0.039000,79.959167,50455.808917,38446.171750,3137.935250,1577.948750,22179.547000,0.291261,0.008264,0.048024,0.087522,0.443239,0.854916,52,3.391731,3.000000,3.990000,0.299344
85592,2020,PLD,PROLOGIS INC,2.0,4.0,8.0,12,0.013117,94.866667,69346.227833,47427.283750,3800.545250,1702.204000,27349.228500,0.299309,0.019453,0.050907,0.071544,0.392000,0.699267,53,2.604906,2.170000,3.160000,0.277853
85592,2021,PLD,PROLOGIS INC,2.0,4.0,8.0,12,0.048133,126.197500,93316.138417,55999.699750,4711.297500,1494.736000,31981.789750,0.306490,0.012579,0.053612,0.056111,0.350786,0.464788,52,2.271923,2.100000,2.450000,0.093934
85592,2022,PLD,PROLOGIS INC,2.0,4.0,8.0,12,-0.025267,130.792500,102006.255583,58761.644000,5169.357750,3092.554250,33606.257500,0.310720,0.014772,0.051368,0.070750,0.335603,0.549237,52,4.583846,2.430000,6.380000,1.112739
85592,2023,PLD,PROLOGIS INC,2.0,4.0,8.0,12,0.019892,121.668333,112377.852333,82438.973000,6768.176750,3338.295750,48668.799000,0.296985,0.006315,0.051800,0.073628,0.436773,0.672897,52,6.111731,5.140000,7.030000,0.497037
85619,2000,MT,MEDITRUST CORP,2.0,5.0,9.0,12,-0.012567,2.630208,375.761024,5350.876250,919.316250,54.120000,2673.124250,0.466774,0.001897,0.044978,-0.002023,7.473294,0.605466,52,7.718269,6.790000,8.310000,0.313048
85619,2001,MT,MEDITRUST CORP,2.0,5.0,9.0,12,0.080192,4.899167,702.623105,4001.648250,770.071000,-330.336250,2321.682750,0.378561,0.020155,0.052100,-0.069919,3.399510,0.948978,52,6.502308,5.940000,6.780000,0.221436
85619,2002,MT,MEDITRUST CORP,2.0,5.0,9.0,12,-0.014658,6.091667,908.166253,3117.176750,627.575750,-321.487250,1869.740250,0.311160,0.044168,0.046341,-0.141301,2.085391,1.007496,52,5.982692,5.320000,6.690000,0.437498
85619,2003,MT,MEDITRUST CORP,2.0,5.0,9.0,12,0.040567,4.866667,761.501807,2595.188500,517.455250,-227.898750,1479.212000,0.293676,0.035377,0.032462,-0.283646,2.140366,1.090325,53,5.170943,4.600000,5.770000,0.273188
85619,2004,MT,MEDITRUST CORP,2.0,5.0,9.0,12,0.032092,7.864167,1445.409117,2732.202750,519.558000,-62.545500,1517.657000,0.324285,0.128616,0.031289,-0.195588,1.053262,1.119525,52,5.206154,4.690000,5.720000,0.269023
85619,2005,MT,MEDITRUST CORP,2.0,5.0,9.0,12,0.021442,9.144167,1737.470392,2838.434250,612.536250,-38.870000,1560.940250,0.326338,0.050235,0.045582,-0.043334,0.908338,1.350455,52,5.417885,5.100000,5.900000,0.239970
85653,2003,AAIC,ARLINGTON ASSET INVESTMENT CORP,2.0,2.0,4.0,1,,9.050000,1090.624600,499.114000,270.737000,51.874000,234.624000,0.305588,0.184463,0.052194,-0.068609,0.215128,1.904924,53,5.170943,4.600000,5.770000,0.273188
85659,2000,RPI,ROBERTS REALTY INVESTORS INC,2.0,8.0,2.0,12,0.010275,7.380208,36.009104,126.981000,19.701750,1.490750,22.706500,0.690067,0.033416,0.048199,0.029842,0.632259,0.064495,52,7.718269,6.790000,8.310000,0.313048
85659,2001,RPI,ROBERTS REALTY INVESTORS INC,2.0,8.0,2.0,12,-0.007317,7.970417,38.746650,135.671750,20.260000,4.958500,23.194750,0.694921,0.028337,0.049476,0.090435,0.601230,0.024481,52,6.502308,5.940000,6.780000,0.221436
85659,2002,RPI,ROBERTS REALTY INVESTORS INC,2.0,8.0,2.0,12,-0.008833,6.909167,33.994747,162.129250,18.062250,4.683750,24.815000,0.718191,0.029503,0.033189,0.226086,0.732849,0.022230,52,5.982692,5.320000,6.690000,0.437498
85659,2003,RPI,ROBERTS REALTY INVESTORS INC,2.0,8.0,2.0,12,0.019767,6.614583,33.938175,178.056750,15.346750,-2.650000,21.835500,0.759178,0.026584,0.013446,0.056882,0.648274,0.051910,53,5.170943,4.600000,5.770000,0.273188
85659,2004,RPI,ROBERTS REALTY INVESTORS INC,2.0,8.0,2.0,12,0.066567,7.546667,39.783024,165.900000,9.229750,-2.007250,26.333000,0.733573,0.074195,0.011059,0.018613,0.670858,0.021694,52,5.206154,4.690000,5.720000,0.269023
85659,2005,RPI,ROBERTS REALTY INVESTORS INC,2.0,8.0,2.0,12,-0.000983,7.913333,43.804029,121.115250,5.527250,-2.062000,41.289000,0.517460,0.182391,-0.018914,0.588029,0.944318,0.026066,52,5.417885,5.100000,5.900000,0.239970
85659,2006,RPI,ROBERTS REALTY INVESTORS INC,2.0,8.0,2.0,12,0.000258,7.942500,45.472314,126.027000,6.511250,-2.604250,44.338750,0.506338,0.033180,-0.001732,0.403087,0.975187,0.048200,52,6.066346,5.670000,6.440000,0.195629
85659,2007,RPI,ROBERTS REALTY INVESTORS INC,2.0,8.0,2.0,12,-0.014517,7.545417,43.789993,129.401000,7.127000,-3.845250,40.851500,0.574186,0.024627,-0.009672,-0.042811,0.934812,0.044336,52,6.025192,5.650000,6.430000,0.193528
85659,2008,RPI,ROBERTS REALTY INVESTORS INC,2.0,8.0,2.0,10,-0.059420,5.548900,32.201266,127.936700,4.591200,-3.354600,39.813100,0.505174,0.031749,-0.006754,-0.091543,1.364721,0.148794,53,5.617170,4.830000,6.190000,0.346135
85659,2009,RPI,ROBERTS REALTY INVESTORS INC,2.0,8.0,2.0,5,0.170400,1.266000,12.868480,106.193600,2.701200,-6.534600,48.788800,0.417517,0.129614,-0.014151,0.248915,3.859937,1.031304,52,4.573846,4.270000,5.060000,0.176459
85659,2010,RPI,ROBERTS REALTY INVESTORS INC,2.0,8.0,2.0,12,0.021842,1.550433,15.907217,90.099750,2.216500,-10.637000,39.756500,0.450290,0.098765,-0.023530,-0.072157,2.547557,1.141669,52,4.095577,3.570000,4.520000,0.275385
85659,2011,RPI,ROBERTS REALTY INVESTORS INC,2.0,8.0,2.0,12,-0.004200,1.786250,18.478752,67.737250,1.741750,-9.977250,29.558250,0.458643,0.071064,-0.031512,-0.333104,1.623316,1.172993,52,3.684231,3.210000,4.290000,0.348027
85659,2012,RPI,ROBERTS REALTY INVESTORS INC,2.0,8.0,2.0,12,-0.003950,1.358183,14.182505,52.319500,1.306250,-9.831000,20.652750,0.448333,0.043330,-0.047077,-0.380862,1.460474,1.181689,52,2.934423,2.630000,3.300000,0.206059
85659,2013,RPI,ROBERTS REALTY INVESTORS INC,2.0,8.0,2.0,9,0.010478,1.185389,12.551328,40.499889,1.330333,-8.028000,14.774222,0.363862,0.035450,-0.054464,-0.449429,1.189075,1.232504,52,3.100769,2.560000,3.600000,0.354538
85659,2014,RPI,ROBERTS REALTY INVESTORS INC,2.0,8.0,2.0,2,0.259650,1.065000,10.721355,26.711000,0.033000,-2.349000,12.122000,0.208341,0.083823,-0.110404,-0.039805,1.130666,0.720483,53,3.286038,3.080000,3.560000,0.110058
85659,2015,RPI,ROBERTS REALTY INVESTORS INC,2.0,8.0,2.0,12,0.019475,1.402850,26.112573,26.116500,0.005250,-2.461250,16.910500,0.000000,0.112728,-0.116752,-0.154974,0.664624,0.582001,52,3.087500,2.920000,3.250000,0.101109
85659,2016,RPI,ROBERTS REALTY INVESTORS INC,2.0,8.0,2.0,12,-0.002325,1.313208,26.699146,24.246250,0.000500,-1.904250,21.917750,0.000000,0.671764,-0.136734,-0.138308,0.833096,0.691684,52,2.930769,2.720000,3.550000,0.213200
85659,2017,RPI,ROBERTS REALTY INVESTORS INC,2.0,8.0,2.0,5,-0.002280,1.146020,23.471070,21.562800,0.000000,-2.781200,20.031000,0.000000,0.793915,-0.152322,-0.067645,0.855116,0.603753,52,3.272500,3.080000,3.500000,0.105865
85763,2012,CDC,CAREY DIVERSIFIED L L C,2.0,2.0,4.0,3,-0.012300,51.790000,3561.353333,1438.615000,269.241000,99.872000,694.978000,0.402951,0.027665,0.031929,0.203755,0.195587,0.734948,52,2.934423,2.630000,3.300000,0.206059
85763,2013,WPC,W P CAREY & CO LLC,2.0,2.0,4.0,12,0.019933,64.944167,4437.841325,4659.127750,379.192500,84.388750,1966.965250,0.438231,0.028532,0.020054,0.103137,0.444917,0.732434,52,3.100769,2.560000,3.600000,0.354538
85763,2014,WPC,W P CAREY INC,2.0,2.0,4.0,12,0.016725,64.660833,6364.012208,6509.631500,628.282750,134.542750,2857.374500,0.454744,0.029525,0.037651,0.043314,0.444955,0.698621,53,3.286038,3.080000,3.560000,0.110058
85763,2015,WPC,W P CAREY INC,2.0,2.0,4.0,12,-0.008033,62.934167,6569.009592,8709.227750,924.480500,170.652750,3788.432500,0.481516,0.045551,0.046066,0.058930,0.578402,0.608322,52,3.087500,2.920000,3.250000,0.101109
85763,2016,WPC,W P CAREY INC,2.0,2.0,4.0,12,0.006950,62.798333,6607.638883,8757.230750,1006.304250,175.227000,3494.616250,0.522429,0.032315,0.055711,0.055960,0.531704,0.607142,52,2.930769,2.720000,3.550000,0.213200
85763,2017,WPC,W P CAREY INC,2.0,2.0,4.0,12,0.018208,66.172500,7056.079983,8359.329000,990.029500,271.770000,3378.014500,0.516436,0.027691,0.061960,0.068247,0.480136,0.598944,52,3.272500,3.080000,3.500000,0.105865
85763,2018,WPC,W P CAREY INC,2.0,2.0,4.0,12,0.001592,64.958333,7556.789342,8280.096000,906.155500,277.148500,3242.814500,0.524463,0.024399,0.062159,0.084459,0.441752,0.491810,52,4.000192,3.380000,4.360000,0.207860
85763,2019,WPC,W P CAREY INC,2.0,2.0,4.0,12,0.022908,82.663333,14003.477083,12762.484000,995.757750,381.251750,6122.471500,0.469481,0.023785,0.044178,0.071373,0.431541,0.418468,52,3.391731,3.000000,3.990000,0.299344
85763,2020,WPC,W P CAREY INC,2.0,2.0,4.0,12,0.000625,68.437500,11903.795167,13997.719500,1231.884750,329.829250,7020.169000,0.442942,0.020143,0.057203,0.050778,0.595567,0.607838,53,2.604906,2.170000,3.160000,0.277853
85763,2021,WPC,W P CAREY INC,2.0,2.0,4.0,12,0.018467,74.835000,13525.250583,14669.503000,1213.737000,450.567250,7131.430000,0.457974,0.017695,0.055606,0.056948,0.529874,0.596845,52,2.271923,2.100000,2.450000,0.093934
85763,2022,WPC,W P CAREY INC,2.0,2.0,4.0,12,0.002725,79.999167,15554.021000,15409.881250,1337.396750,473.279250,7717.668500,0.447552,0.013921,0.060743,0.059135,0.498174,0.597747,52,4.583846,2.430000,6.380000,1.112739
85763,2023,WPC,W P CAREY INC,2.0,2.0,4.0,12,-0.006208,68.551667,14608.786958,18446.401750,1566.002250,644.573000,9259.906000,0.448708,0.013428,0.056165,0.061392,0.646022,0.666451,52,6.111731,5.140000,7.030000,0.497037
85771,2000,NHR,NATIONAL HEALTH REALTY INC,2.0,3.0,6.0,12,0.012158,7.937500,76.077218,250.019750,24.986500,8.584500,126.577250,0.412631,0.013365,0.066962,0.067308,1.666497,0.165023,52,7.718269,6.790000,8.310000,0.313048
85771,2001,NHR,NATIONAL HEALTH REALTY INC,2.0,3.0,6.0,12,0.069817,12.660000,121.175223,242.125750,25.044000,7.846000,121.745000,0.414367,0.010729,0.070083,0.066601,1.055343,0.234117,52,6.502308,5.940000,6.780000,0.221436
85771,2002,NHR,NATIONAL HEALTH REALTY INC,2.0,3.0,6.0,12,0.002842,16.591667,158.782252,233.546750,24.756250,9.127000,118.144250,0.406907,0.022333,0.080625,0.070693,0.748175,0.209871,52,5.982692,5.320000,6.690000,0.437498
85771,2003,NHR,NATIONAL HEALTH REALTY INC,2.0,3.0,6.0,12,0.035167,15.739167,150.641784,217.895000,24.642000,9.253250,114.849500,0.374666,0.029755,0.093056,0.074497,0.770808,0.265280,53,5.170943,4.600000,5.770000,0.273188
85771,2004,NHR,NATIONAL HEALTH REALTY INC,2.0,3.0,6.0,12,0.010000,18.990000,182.181053,174.121000,24.237500,11.152750,114.328250,0.211220,0.035536,0.113220,0.091413,0.630938,0.263885,52,5.206154,4.690000,5.720000,0.269023
85771,2005,NHR,NATIONAL HEALTH REALTY INC,2.0,3.0,6.0,12,0.000708,19.044167,186.860163,149.287000,20.898500,11.572250,114.141500,0.106749,0.058962,0.125966,0.101715,0.611415,0.269137,52,5.417885,5.100000,5.900000,0.239970
85771,2006,NHR,NATIONAL HEALTH REALTY INC,2.0,3.0,6.0,12,0.029317,19.838333,197.260577,143.026750,20.499500,11.482000,112.694000,0.078303,0.064319,0.132164,0.100326,0.574723,0.257170,52,6.066346,5.670000,6.440000,0.195629
85771,2007,NHR,NATIONAL HEALTH REALTY INC,2.0,3.0,6.0,10,-0.005840,23.431000,233.240709,139.154600,20.952900,12.201400,112.031500,0.062249,0.073523,0.136736,0.105368,0.480714,0.344417,52,6.025192,5.650000,6.430000,0.193528
85891,2000,UIRT,UNITED INVESTORS REALTY TRUST,2.0,9.0,17.0,12,-0.013000,5.333325,47.539662,174.406250,25.739500,3.732250,73.415500,0.517226,0.017532,0.057378,0.050961,1.558356,0.162490,52,7.718269,6.790000,8.310000,0.313048
85891,2001,UIRT,UNITED INVESTORS REALTY TRUST,2.0,9.0,17.0,8,0.075575,5.956562,51.532892,160.146125,25.509250,-1.297625,65.051125,0.538513,0.005528,0.041904,0.036702,1.279953,0.346287,52,6.502308,5.940000,6.780000,0.221436
86001,2000,BTR,BRADLEY REAL ESTATE INC,2.0,9.0,17.0,8,0.035625,19.468750,440.119455,982.774750,154.819250,38.579750,395.730375,0.436454,0.001735,0.069593,0.117721,0.910143,0.282805,52,7.718269,6.790000,8.310000,0.313048
86013,2000,EQY,EQUITY ONE INC,2.0,9.0,17.0,12,0.005617,9.713542,113.089235,214.036000,31.652000,13.455750,91.897750,0.543756,0.003020,0.073048,0.133206,0.813325,0.315762,52,7.718269,6.790000,8.310000,0.313048
86013,2001,EQY,EQUITY ONE INC,2.0,9.0,17.0,12,0.036942,11.629167,183.012715,240.042000,51.524750,13.512500,101.623250,0.539943,0.001817,0.050431,0.124982,0.635585,0.254445,52,6.502308,5.940000,6.780000,0.221436
86013,2002,EQY,EQUITY ONE INC,2.0,9.0,17.0,12,0.004775,13.574167,448.184323,684.605000,84.944000,20.017750,311.495500,0.516459,0.009984,0.051347,0.084283,0.695552,0.250706,52,5.982692,5.320000,6.690000,0.437498
86013,2003,EQY,EQUITY ONE INC,2.0,9.0,17.0,12,0.026075,16.124167,969.248420,1105.087750,112.328750,31.520000,530.250750,0.485890,0.007075,0.053885,0.094545,0.556744,0.197383,53,5.170943,4.600000,5.770000,0.273188
86013,2004,EQY,EQUITY ONE INC,2.0,9.0,17.0,12,0.035708,19.446667,1374.552717,1743.059750,180.021250,52.333000,836.483750,0.487107,0.001182,0.050104,0.092211,0.616092,0.174291,52,5.206154,4.690000,5.720000,0.269023
86013,2005,EQY,EQUITY ONE INC,2.0,9.0,17.0,12,0.003475,22.280000,1655.911675,1968.891500,222.461500,74.047250,933.713000,0.498818,0.002072,0.057962,0.093185,0.565640,0.256042,52,5.417885,5.100000,5.900000,0.239970
86013,2006,EQY,EQUITY ONE INC,2.0,9.0,17.0,12,0.022158,23.930000,1786.777158,2050.027250,245.384750,65.731750,965.457500,0.498019,0.006775,0.057722,0.099369,0.542991,0.333683,52,6.066346,5.670000,6.440000,0.195629
86013,2007,EQY,EQUITY ONE INC,2.0,9.0,17.0,12,-0.005658,26.100000,1922.470017,2105.951000,238.887500,54.156250,924.621000,0.525703,0.003454,0.048606,0.151237,0.483520,0.466536,52,6.025192,5.650000,6.430000,0.193528
86013,2008,EQY,EQUITY ONE INC,2.0,9.0,17.0,12,-0.013425,20.828333,1555.924908,2120.713750,254.382500,55.735750,910.652750,0.537348,0.009889,0.046845,0.123841,0.592900,0.719865,53,5.617170,4.830000,6.190000,0.346135
86013,2009,EQY,EQUITY ONE INC,2.0,9.0,17.0,12,0.006833,14.492500,1223.066796,2216.933750,252.168750,41.424500,1004.122250,0.505519,0.007939,0.036421,0.054017,0.832847,0.854502,52,4.573846,4.270000,5.060000,0.176459
86013,2010,EQY,EQUITY ONE INC,2.0,9.0,17.0,12,0.016950,17.532500,1622.370892,2434.994500,273.003250,54.438500,1159.091750,0.476909,0.015980,0.037355,0.061967,0.718970,0.864397,52,4.095577,3.570000,4.520000,0.275385
86013,2011,EQY,EQUITY ONE INC,2.0,9.0,17.0,12,-0.000133,18.228333,2046.136625,2960.855750,255.947750,27.537250,1361.251250,0.449972,0.005798,0.030095,0.044194,0.668775,0.894201,52,3.684231,3.210000,4.290000,0.348027
86013,2012,EQY,EQUITY ONE INC,2.0,9.0,17.0,12,0.022375,20.538333,2389.413750,3288.709750,291.909000,6.701500,1428.243500,0.412889,0.017652,0.031431,0.021898,0.599610,0.882776,52,2.934423,2.630000,3.300000,0.206059
86013,2013,EQY,EQUITY ONE INC,2.0,9.0,17.0,12,0.010542,23.062500,2743.177208,3427.992500,318.894750,-3.501500,1431.838750,0.444653,0.008619,0.041585,0.008317,0.522885,0.929773,52,3.100769,2.560000,3.600000,0.354538
86013,2014,EQY,EQUITY ONE INC,2.0,9.0,17.0,12,0.014333,23.276667,2804.477283,3358.613250,350.703000,33.521500,1404.526500,0.449303,0.015371,0.040922,0.031511,0.502298,0.928048,53,3.286038,3.080000,3.560000,0.110058
86013,2015,EQY,EQUITY ONE INC,2.0,9.0,17.0,12,0.010317,25.661667,3296.182525,3298.487500,362.751500,45.947000,1545.000000,0.398924,0.014822,0.045237,0.042509,0.469797,0.822805,52,3.087500,2.920000,3.250000,0.101109
86013,2016,EQY,EQUITY ONE INC,2.0,9.0,17.0,12,0.013808,29.808333,4261.154142,3365.640500,373.737250,68.946750,1693.279250,0.398054,0.007540,0.049610,0.038147,0.397938,0.611273,52,2.930769,2.720000,3.550000,0.213200
86013,2017,EQY,EQUITY ONE INC,2.0,9.0,17.0,2,0.018600,31.425000,4562.595650,3394.911000,376.638000,68.641000,1863.118000,0.379772,0.005610,0.056746,0.041850,0.408369,0.481348,52,3.272500,3.080000,3.500000,0.105865
86027,2000,PHR,PHILIPS INTERNATIONAL RLTY CORP,2.0,9.0,17.0,12,0.007133,15.770833,115.757917,302.866000,46.224500,8.582000,86.287000,0.586634,0.009209,0.050882,0.076751,0.877843,0.307436,52,7.718269,6.790000,8.310000,0.313048
86027,2001,PHR,PHILIPS INTERNATIONAL RLTY CORP,2.0,9.0,17.0,12,0.016192,3.566667,26.179334,95.899000,35.825500,38.775000,46.809250,0.136187,0.112424,0.125710,0.847182,1.750965,0.165015,52,6.502308,5.940000,6.780000,0.221436
86027,2002,PHR,PHILIPS INTERNATIONAL RLTY CORP,2.0,9.0,17.0,9,-0.025611,2.131111,15.642355,23.912667,6.679000,16.564333,22.461000,0.000000,0.039744,-0.030159,0.826341,1.444322,0.193598,52,5.982692,5.320000,6.690000,0.437498
86111,2012,AMT,AMERICAN TOWER SYSTEMS CORP,2.0,1.0,1.0,12,0.019636,69.255833,27331.717833,12118.832750,2509.178500,414.044500,3346.756500,0.572726,0.035320,0.101326,0.114733,0.122969,0.456679,52,2.934423,2.630000,3.300000,0.206059
86111,2013,AMT,AMERICAN TOWER CORP NEW,2.0,1.0,1.0,12,0.005150,76.418333,30192.051833,13963.391750,2928.045750,642.594250,3579.948250,0.607134,0.034521,0.102073,0.154294,0.118950,0.355046,52,3.100769,2.560000,3.600000,0.354538
86111,2014,AMT,AMERICAN TOWER CORP NEW,2.0,1.0,1.0,12,0.020050,91.277500,36132.234333,19929.758000,3464.345500,609.455750,3785.185000,0.695534,0.075446,0.082769,0.165315,0.104883,0.135998,53,3.286038,3.080000,3.560000,0.110058
86111,2015,AMT,AMERICAN TOWER CORP NEW,2.0,1.0,1.0,12,0.001333,95.390833,39919.350000,23582.019500,4157.241750,780.624000,5702.484250,0.645137,0.019965,0.090310,0.186715,0.142537,0.185953,52,3.087500,2.920000,3.250000,0.101109
86111,2016,AMT,AMERICAN TOWER CORP NEW,2.0,1.0,1.0,12,0.010533,106.733333,45355.504583,27908.892250,4884.975750,720.789750,6930.018250,0.626621,0.017293,0.080512,0.147018,0.153455,0.361474,52,2.930769,2.720000,3.550000,0.213200
86111,2017,AMT,AMERICAN TOWER CORP NEW,2.0,1.0,1.0,12,0.028067,131.717500,56314.691250,31432.569000,5939.438250,1022.634500,7569.310000,0.599375,0.027015,0.087586,0.125399,0.135796,0.330332,52,3.272500,3.080000,3.500000,0.105865
86111,2018,AMT,AMERICAN TOWER CORP NEW,2.0,1.0,1.0,12,0.011325,147.701667,64979.239833,33278.006500,6715.069250,1206.048750,7015.459500,0.615536,0.034634,0.090123,0.174706,0.108562,0.363601,52,4.000192,3.380000,4.360000,0.207860
86111,2019,AMT,AMERICAN TOWER CORP NEW,2.0,1.0,1.0,12,0.034383,206.620000,91367.310333,36021.775000,7145.940500,1313.325250,5952.600000,0.679366,0.035582,0.101758,0.217867,0.065728,0.269577,52,3.391731,3.000000,3.990000,0.299344
86111,2020,AMT,AMERICAN TOWER CORP NEW,2.0,1.0,1.0,12,0.000617,239.048333,106018.242667,41103.450000,7644.625000,1829.575000,5098.125000,0.744740,0.039693,0.092990,0.314373,0.048278,0.238942,53,2.604906,2.170000,3.160000,0.277853
86111,2021,AMT,AMERICAN TOWER CORP NEW,2.0,1.0,1.0,12,0.025958,261.687500,118259.074000,48655.275000,8170.975000,1930.050000,5485.325000,0.768789,0.039381,0.082877,0.396507,0.046294,0.101197,52,2.271923,2.100000,2.450000,0.093934
86111,2022,AMT,AMERICAN TOWER CORP NEW,2.0,1.0,1.0,12,-0.021042,238.517500,109651.347583,67074.550000,9620.975000,2616.950000,7490.700000,0.728801,0.039887,0.070736,0.466860,0.069079,0.271698,52,4.583846,2.430000,6.380000,1.112739
86111,2023,AMT,AMERICAN TOWER CORP NEW,2.0,1.0,1.0,12,0.007617,195.620000,91156.402917,66851.000000,10597.975000,1743.625000,7102.325000,0.702303,0.031659,0.057531,0.395404,0.078323,0.375258,52,6.111731,5.140000,7.030000,0.497037
86169,2000,HGPI,HORIZON GROUP PROPERTIES INC,2.0,9.0,17.0,7,0.049157,3.986600,11.405991,153.284857,29.519714,-0.342143,33.317714,0.696516,0.045944,0.037328,-0.061373,2.955926,0.820457,52,7.718269,6.790000,8.310000,0.313048
86169,2003,HGPI,HORIZON GROUP PROPERTIES INC,2.0,9.0,17.0,6,0.034267,3.835167,11.006929,115.933333,17.321333,-19.883833,2.586000,0.924476,0.044622,0.038928,2.492579,0.235537,-0.100449,53,5.170943,4.600000,5.770000,0.273188
86313,2000,UBA,URSTADT BIDDLE PROPERTIES INC,2.0,9.0,17.0,12,0.002292,7.192708,38.963588,182.234750,30.472750,9.540167,87.094833,0.286813,0.019270,0.082739,,2.241712,0.081458,52,7.718269,6.790000,8.310000,0.313048
86313,2001,UBA,URSTADT BIDDLE PROPERTIES INC,2.0,9.0,17.0,12,0.040675,9.087500,50.593651,185.226833,32.311000,8.728833,87.127083,0.299731,0.013193,0.080138,,1.739965,0.200219,52,6.502308,5.940000,6.780000,0.221436
86313,2002,UBA,URSTADT BIDDLE PROPERTIES INC,2.0,9.0,17.0,12,0.015092,11.115833,161.421325,232.420417,41.429417,14.844583,140.843417,0.249716,0.115666,0.116262,,0.947256,0.149512,52,5.982692,5.320000,6.690000,0.437498
86313,2003,UBA,URSTADT BIDDLE PROPERTIES INC,2.0,9.0,17.0,12,0.026542,12.824167,237.604021,359.312083,49.577917,16.113833,218.226333,0.295245,0.102220,0.064445,,0.923768,0.127973,53,5.170943,4.600000,5.770000,0.273188
86313,2004,UBA,URSTADT BIDDLE PROPERTIES INC,2.0,9.0,17.0,12,0.022308,15.204167,282.988203,392.680417,61.972750,21.632167,220.022833,0.266949,0.077590,0.077544,0.092727,0.781813,0.168264,52,5.206154,4.690000,5.720000,0.269023
86313,2005,UBA,URSTADT BIDDLE PROPERTIES INC,2.0,9.0,17.0,12,0.002617,16.370833,306.573745,420.790750,64.227833,22.323333,224.824417,0.268588,0.047226,0.077020,0.102029,0.735694,0.257586,52,5.417885,5.100000,5.900000,0.239970
86313,2006,UBA,URSTADT BIDDLE PROPERTIES INC,2.0,9.0,17.0,12,0.019033,17.605000,330.875697,461.624000,71.538500,23.923333,222.022583,0.235648,0.041271,0.074935,0.130214,0.673370,0.278073,52,6.066346,5.670000,6.440000,0.195629
86313,2007,UBA,URSTADT BIDDLE PROPERTIES INC,2.0,9.0,17.0,12,-0.010125,17.151667,323.507860,460.039000,74.282667,27.988833,225.189750,0.228011,0.008784,0.088955,0.120289,0.701736,0.440238,52,6.025192,5.650000,6.430000,0.193528
86313,2008,UBA,URSTADT BIDDLE PROPERTIES INC,2.0,9.0,17.0,12,0.010717,16.255833,301.029435,489.494500,77.323333,30.695167,228.802833,0.219353,0.014560,0.095798,0.171457,0.763263,0.621413,53,5.617170,4.830000,6.190000,0.346135
86313,2009,UBA,URSTADT BIDDLE PROPERTIES INC,2.0,9.0,17.0,12,0.007300,14.350000,261.826060,507.449917,82.605250,28.380250,216.300917,0.215569,0.012225,0.087809,0.145304,0.830389,0.567973,52,4.573846,4.270000,5.060000,0.176459
86313,2010,UBA,URSTADT BIDDLE PROPERTIES INC,2.0,9.0,17.0,12,0.026267,17.302500,316.902572,513.196500,82.578417,27.052250,208.511083,0.234403,0.014382,0.085864,0.130550,0.662729,0.500652,52,4.095577,3.570000,4.520000,0.275385
86313,2011,UBA,URSTADT BIDDLE PROPERTIES INC,2.0,9.0,17.0,12,-0.000308,18.173333,379.580147,556.256333,88.999417,30.239250,241.446500,0.236365,0.013351,0.081521,0.116566,0.639330,0.493223,52,3.684231,3.210000,4.290000,0.348027
86313,2012,UBA,URSTADT BIDDLE PROPERTIES INC,2.0,9.0,17.0,12,0.012858,19.271667,415.827352,584.215750,90.710750,29.110667,237.118000,0.276430,0.007999,0.082996,0.126454,0.572140,0.554653,52,2.934423,2.630000,3.300000,0.206059
86313,2013,UBA,URSTADT BIDDLE PROPERTIES INC,2.0,9.0,17.0,12,0.000642,20.367500,479.186782,663.699333,93.321250,27.461083,261.780250,0.223651,0.070412,0.078223,0.110642,0.547323,0.607894,52,3.100769,2.560000,3.600000,0.354538
86313,2014,UBA,URSTADT BIDDLE PROPERTIES INC,2.0,9.0,17.0,12,0.018842,20.736667,503.259728,680.138000,99.092833,27.986833,259.139583,0.277867,0.010663,0.072514,0.113471,0.518421,0.653423,53,3.286038,3.080000,3.560000,0.110058
86313,2015,UBA,URSTADT BIDDLE PROPERTIES INC,2.0,9.0,17.0,12,-0.004950,20.330000,539.874734,850.474750,108.604833,50.643500,307.434417,0.327882,0.029431,0.060115,0.206432,0.577231,0.695992,52,3.087500,2.920000,3.250000,0.101109
86313,2016,UBA,URSTADT BIDDLE PROPERTIES INC,2.0,9.0,17.0,12,0.023975,22.117500,620.112675,872.018417,116.151583,50.435917,339.189750,0.318384,0.008170,0.061571,0.168917,0.552509,0.589911,52,2.930769,2.720000,3.550000,0.213200
86313,2017,UBA,URSTADT BIDDLE PROPERTIES INC,2.0,9.0,17.0,12,-0.002867,21.165000,629.253720,959.453500,120.900417,43.735333,398.920417,0.289281,0.012918,0.064843,0.100684,0.636199,0.385517,52,3.272500,3.080000,3.500000,0.105865
86313,2018,UBA,URSTADT BIDDLE PROPERTIES INC,2.0,9.0,17.0,12,-0.003450,20.550000,611.084368,1006.222500,131.652083,47.320500,397.563917,0.298096,0.012972,0.066153,0.121299,0.654740,0.372125,52,4.000192,3.380000,4.360000,0.207860
86313,2019,UBA,URSTADT BIDDLE PROPERTIES INC,2.0,9.0,17.0,12,0.027250,22.300833,666.881398,1007.467000,137.417333,36.826417,381.892917,0.316119,0.011109,0.069797,0.104972,0.575743,0.515808,52,3.391731,3.000000,3.990000,0.299344
86313,2020,UBA,URSTADT BIDDLE PROPERTIES INC,2.0,9.0,17.0,12,-0.026842,13.551667,406.445616,1024.315833,136.786000,34.914083,351.026750,0.321649,0.041455,0.069245,0.102708,0.932717,0.763491,53,2.604906,2.170000,3.160000,0.277853
86313,2021,UBA,URSTADT BIDDLE PROPERTIES INC,2.0,9.0,17.0,12,0.040092,18.277500,550.189462,1004.015917,132.845917,25.903583,345.209000,0.315858,0.036238,0.064077,0.074349,0.634901,1.082752,52,2.271923,2.100000,2.450000,0.093934
86313,2022,UBA,URSTADT BIDDLE PROPERTIES INC,2.0,9.0,17.0,12,-0.001650,17.994167,541.310710,983.219250,140.894667,46.385000,354.162917,0.300661,0.020465,0.074893,0.117085,0.658005,1.075700,52,4.583846,2.430000,6.380000,1.112739
86313,2023,UBA,URSTADT BIDDLE PROPERTIES INC,2.0,9.0,17.0,7,0.033657,19.165714,555.228570,995.464286,145.841143,40.197571,345.521143,0.316265,0.014255,0.079307,0.122701,0.629264,1.009726,52,6.111731,5.140000,7.030000,0.497037
86339,2014,CCI,CROWN CASTLE INTERNATIONAL CORP,2.0,1.0,1.0,12,0.012564,76.540833,25556.488333,19351.051250,3077.981000,122.254000,5757.083250,0.594374,0.020048,0.065872,0.034327,0.224033,0.446256,53,3.286038,3.080000,3.560000,0.110058
86339,2015,TWRS,CROWN CASTLE INTERNATIONAL CORP,2.0,1.0,1.0,12,0.012075,83.560833,27891.773417,21011.310250,3579.328500,358.381500,6673.659250,0.555577,0.018544,0.081468,0.039339,0.239058,0.273109,52,3.087500,2.920000,3.250000,0.101109
86339,2016,TWRS,CROWN CASTLE INTERNATIONAL CORP,2.0,1.0,1.0,12,0.004817,90.462500,30781.708333,21975.803750,3691.558250,466.643750,6871.851750,0.553786,0.014217,0.081121,0.149383,0.224090,0.230731,52,2.930769,2.720000,3.550000,0.213200
86339,2017,TWRS,CROWN CASTLE INTERNATIONAL CORP,2.0,1.0,1.0,12,0.024908,101.027500,39001.298333,23276.820000,3959.340750,403.638750,7318.149500,0.559387,0.017322,0.077205,0.116952,0.189716,-0.011935,52,3.272500,3.080000,3.500000,0.105865
86339,2018,TWRS,CROWN CASTLE INTERNATIONAL CORP,2.0,1.0,1.0,12,0.002192,109.478333,45193.009167,31966.331500,4508.631750,456.104000,12191.147750,0.493196,0.063666,0.064176,0.040698,0.269577,0.022026,52,4.000192,3.380000,4.360000,0.207860
86339,2019,TWRS,CROWN CASTLE INTERNATIONAL CORP,2.0,1.0,1.0,12,0.026492,131.832500,54804.206333,35338.500000,5435.022500,666.526000,11488.750000,0.556742,0.011988,0.071585,0.047538,0.210643,0.134422,52,3.391731,3.000000,3.990000,0.299344
86339,2020,TWRS,CROWN CASTLE INTERNATIONAL CORP,2.0,1.0,1.0,12,0.013408,159.656667,67703.040500,39079.500000,5762.750000,850.500000,10029.750000,0.633871,0.023582,0.070591,0.071061,0.149481,0.159905,53,2.604906,2.170000,3.160000,0.277853
86339,2021,TWRS,CROWN CASTLE INTERNATIONAL CORP,2.0,1.0,1.0,12,0.027458,182.715833,78929.719167,38819.750000,5891.000000,982.250000,9152.500000,0.664570,0.011235,0.076861,0.099272,0.116932,0.157266,52,2.271923,2.100000,2.450000,0.093934
86339,2022,TWRS,CROWN CASTLE INTERNATIONAL CORP,2.0,1.0,1.0,12,-0.028875,165.275833,71544.966083,39027.000000,6466.000000,1368.500000,8171.250000,0.697752,0.012274,0.071099,0.123927,0.115687,0.303193,52,4.583846,2.430000,6.380000,1.112739
86339,2023,TWRS,CROWN CASTLE INTERNATIONAL CORP,2.0,1.0,1.0,12,-0.004425,115.767500,50186.059667,38969.500000,7007.250000,1667.000000,7353.750000,0.723346,0.009813,0.075963,0.186470,0.148808,0.423871,52,6.111731,5.140000,7.030000,0.497037
86365,2000,APO,AMERICAN COMMUNITY PPTYS TR,2.0,8.0,2.0,12,0.031092,4.255208,22.093042,121.563500,31.797000,3.468500,25.446250,0.689728,0.029890,0.102745,0.149762,1.163448,0.346078,52,7.718269,6.790000,8.310000,0.313048
86365,2001,APO,AMERICAN COMMUNITY PPTYS TR,2.0,8.0,2.0,12,0.036442,5.116667,26.565733,123.120750,31.846000,3.861500,29.020000,0.675836,0.043798,0.134584,0.168545,1.095487,0.303046,52,6.502308,5.940000,6.780000,0.221436
86365,2002,APO,AMERICAN COMMUNITY PPTYS TR,2.0,8.0,2.0,12,-0.008692,6.227500,32.333180,125.350000,39.434250,3.802000,32.837250,0.656390,0.036187,0.106928,0.121868,1.028938,0.279804,52,5.982692,5.320000,6.690000,0.437498
86365,2003,APO,AMERICAN COMMUNITY PPTYS TR,2.0,8.0,2.0,12,0.037042,6.226250,32.326690,137.669250,41.083750,3.561750,34.808000,0.651613,0.059435,0.123389,0.110941,1.100332,0.307958,53,5.170943,4.600000,5.770000,0.273188
86365,2004,APO,AMERICAN COMMUNITY PPTYS TR,2.0,8.0,2.0,12,0.039500,11.450000,59.448399,143.256250,59.660000,5.053500,38.490000,0.647678,0.107513,0.158130,0.127240,0.660263,0.292357,52,5.206154,4.690000,5.720000,0.269023
86365,2005,APO,AMERICAN COMMUNITY PPTYS TR,2.0,8.0,2.0,12,0.048608,18.544583,96.339510,185.491000,52.822000,2.797250,31.440750,0.676162,0.113933,0.088908,0.114355,0.351791,0.259430,52,5.417885,5.100000,5.900000,0.239970
86365,2006,APO,AMERICAN COMMUNITY PPTYS TR,2.0,8.0,2.0,12,0.004275,20.098333,104.569482,262.379250,68.784500,6.405250,22.507000,0.785810,0.110767,-0.018740,0.168438,0.212080,0.237465,52,6.066346,5.670000,6.440000,0.195629
86365,2007,APO,AMERICAN COMMUNITY PPTYS TR,2.0,8.0,2.0,12,0.006575,21.490833,112.397059,347.882000,99.065000,5.204750,14.451500,0.864147,0.128979,0.020637,0.260071,0.131006,0.139514,52,6.025192,5.650000,6.430000,0.193528
86365,2008,APO,AMERICAN COMMUNITY PPTYS TR,2.0,8.0,2.0,12,-0.107883,12.642917,66.122454,359.756750,82.791500,-1.162250,11.661250,0.851916,0.119026,-0.012707,0.095302,0.219331,0.305379,53,5.617170,4.830000,6.190000,0.346135
86365,2009,APO,AMERICAN COMMUNITY PPTYS TR,2.0,8.0,2.0,11,0.063382,6.288182,33.155145,359.694091,66.471455,-8.536909,4.062818,0.743520,0.103349,-0.013448,-4.638835,0.152763,0.887320,52,4.573846,4.270000,5.060000,0.176459
86711,2000,BIGT,PINNACLE HOLDINGS INC,2.0,1.0,1.0,12,-0.085092,39.135417,1831.672345,1295.001000,100.300750,-67.348250,504.372250,0.588292,0.120573,0.011659,-0.163252,0.486711,2.751320,52,7.718269,6.790000,8.310000,0.313048
86711,2001,BIGT,PINNACLE HOLDINGS INC,2.0,1.0,1.0,7,-0.052386,7.610371,368.577200,1471.878143,172.792429,-118.036143,546.317429,0.598378,0.036618,0.010498,-0.183099,1.722892,2.226672,52,6.502308,5.940000,6.780000,0.221436
86873,2000,RA,RECKSON ASSOCIATES REALTY CORP,2.0,4.0,11.0,12,0.026083,23.593750,243.651665,2798.599750,423.214500,89.998500,1022.898750,0.482216,0.010657,0.066666,,4.240807,,52,7.718269,6.790000,8.310000,0.313048
86873,2001,RA,RECKSON ASSOCIATES REALTY CORP,2.0,4.0,11.0,12,0.004358,24.429167,251.229553,3029.509000,516.229000,113.465500,1063.475250,0.472838,0.009026,0.056475,,4.234968,-0.043673,52,6.502308,5.940000,6.780000,0.221436
86873,2002,RA,RECKSON ASSOCIATES REALTY CORP,2.0,4.0,11.0,12,-0.001067,24.101667,246.526991,2921.103750,523.675500,-42.877500,973.184000,0.493650,0.020393,0.063643,,3.994689,-0.025652,52,5.982692,5.320000,6.690000,0.437498
86873,2003,RA,RECKSON ASSOCIATES REALTY CORP,2.0,4.0,11.0,10,0.012830,21.151000,209.712162,2902.815300,479.433400,65.586200,870.955800,0.519807,0.010602,0.067441,,4.159600,0.008526,53,5.170943,4.600000,5.770000,0.273188
86996,2017,SBAC,S B A COMMUNICATIONS CORP,2.0,1.0,1.0,12,0.042409,138.867500,16609.147000,7470.742500,1647.971500,68.789000,,1.177133,0.041130,0.101322,0.020616,,0.397124,52,3.272500,3.080000,3.500000,0.105865
86996,2018,SBAC,S B A COMMUNICATIONS CORP NEW,2.0,1.0,1.0,12,0.000808,162.924167,18705.242417,7328.783750,1745.759000,83.370250,,1.274301,0.019417,0.112656,-0.039179,,0.444973,52,4.000192,3.380000,4.360000,0.207860
86996,2019,SBAC,S B A COMMUNICATIONS CORP NEW,2.0,1.0,1.0,12,0.035550,222.902500,25143.120917,8252.426000,1883.952250,54.640750,,1.338227,0.019516,0.107043,-0.024814,,0.425259,52,3.391731,3.000000,3.990000,0.299344
86996,2020,SBAC,S B A COMMUNICATIONS CORP NEW,2.0,1.0,1.0,12,0.015017,290.196667,32353.151833,9427.780000,2020.849250,65.627500,,1.352456,0.026527,0.106726,-0.029238,,0.197516,53,2.604906,2.170000,3.160000,0.277853
86996,2021,SBAC,S B A COMMUNICATIONS CORP NEW,2.0,1.0,1.0,12,0.029683,318.880833,34853.738250,9479.118250,2110.518500,104.616750,,1.450840,0.033086,0.120950,-0.019616,,-0.017850,52,2.271923,2.100000,2.450000,0.093934
86996,2022,SBAC,S B A COMMUNICATIONS CORP NEW,2.0,1.0,1.0,12,-0.022658,314.325000,33943.026750,9905.954500,2348.599250,331.240000,,1.472314,0.032962,0.119556,-0.028318,,0.148359,52,4.583846,2.430000,6.380000,1.112739
86996,2023,SBAC,S B A COMMUNICATIONS CORP NEW,2.0,1.0,1.0,12,-0.003033,240.442500,26009.567833,10420.013500,2645.242500,437.665000,,1.435717,0.022879,0.127310,-0.069754,,0.264333,52,6.111731,5.140000,7.030000,0.497037
88373,2000,NNN,N N N REIT INC,2.0,9.0,5.0,12,0.012492,10.416667,316.200874,751.786500,75.627000,34.837000,391.482000,0.468888,0.003835,0.066094,0.087843,1.238961,0.259923,52,7.718269,6.790000,8.310000,0.313048
88373,2001,NNN,N N N REIT INC,2.0,9.0,5.0,12,0.030575,12.774167,395.126750,768.653000,76.448500,39.305000,394.592500,0.476212,0.008161,0.064706,0.094241,1.005138,0.291880,52,6.502308,5.940000,6.780000,0.221436
88373,2002,NNN,N N N REIT INC,2.0,9.0,5.0,12,0.021758,15.075833,592.198577,949.403750,80.397750,31.548500,483.964250,0.443722,0.006989,0.044919,0.073291,0.819641,0.252876,52,5.982692,5.320000,6.690000,0.437498
88373,2003,NNN,N N N REIT INC,2.0,9.0,5.0,12,0.019617,16.625000,719.094687,971.390750,95.051500,38.905000,502.970250,0.421870,0.003488,0.055199,0.079007,0.710821,0.201198,53,5.170943,4.600000,5.770000,0.273188
88373,2004,NNN,N N N REIT INC,2.0,9.0,5.0,12,0.019892,18.457500,948.375418,1235.308500,114.593250,47.342000,655.484750,0.400305,0.004234,0.048414,0.086859,0.694735,0.142305,52,5.206154,4.690000,5.720000,0.269023
88373,2005,NNN,N N N REIT INC,2.0,9.0,5.0,12,0.005267,19.637500,1044.888015,1362.663750,132.994750,49.506500,707.978250,0.412338,0.009667,0.061944,0.088795,0.678656,0.251147,52,5.417885,5.100000,5.900000,0.239970
88373,2006,NNN,N N N REIT INC,2.0,9.0,5.0,12,0.017108,21.935833,1258.374950,1689.915000,135.418500,47.204250,804.569750,0.461930,0.024571,0.025176,0.108106,0.640298,0.270400,52,6.066346,5.670000,6.440000,0.195629
88373,2007,NNN,N N N REIT INC,2.0,9.0,5.0,12,0.007608,23.744167,1585.023225,1985.703000,158.120250,66.989750,1032.259250,0.412918,0.027518,0.025449,0.160008,0.651747,0.432694,52,6.025192,5.650000,6.430000,0.193528
88373,2008,NNN,N N N REIT INC,2.0,9.0,5.0,12,-0.009733,20.683333,1541.855667,2553.871500,194.714500,86.284250,1295.943000,0.432599,0.011281,0.056776,0.148894,0.859331,0.709970,53,5.617170,4.830000,6.190000,0.346135
88373,2009,NNN,N N N REIT INC,2.0,9.0,5.0,12,0.028300,18.265000,1467.420900,2641.064000,232.334500,98.163250,1449.759000,0.395010,0.000811,0.075778,0.099279,1.005209,0.889663,52,4.573846,4.270000,5.060000,0.176459
88373,2010,NNN,N N N REIT INC,2.0,9.0,5.0,12,0.025508,23.616667,1965.433967,2607.941250,251.181250,60.637500,1477.849000,0.379932,0.011671,0.060533,0.057080,0.759303,0.881272,52,4.095577,3.570000,4.520000,0.275385
88373,2011,NNN,N N N REIT INC,2.0,9.0,5.0,12,0.005258,26.050833,2310.315192,2718.958500,270.190250,67.155250,1447.907250,0.412916,0.001125,0.066240,0.045176,0.631629,0.800599,52,3.684231,3.210000,4.290000,0.348027
88373,2012,NNN,N N N REIT INC,2.0,9.0,5.0,12,0.019217,28.972500,3110.575383,3474.329500,317.640000,91.044750,1865.490750,0.381384,0.002121,0.053048,0.049378,0.601582,0.724395,52,2.934423,2.630000,3.300000,0.206059
88373,2013,NNN,N N N REIT INC,2.0,9.0,5.0,12,0.004250,33.875833,4014.843717,4143.341500,359.451000,133.981500,2093.371250,0.381998,0.022073,0.056957,0.061375,0.524618,0.688834,52,3.100769,2.560000,3.600000,0.354538
88373,2014,NNN,N N N REIT INC,2.0,9.0,5.0,12,0.027475,36.084167,4505.809925,4515.174750,398.973500,160.150750,2217.647000,0.355949,0.005367,0.061872,0.071880,0.494509,0.475838,53,3.286038,3.080000,3.560000,0.110058
88373,2015,NNN,N N N REIT INC,2.0,9.0,5.0,12,0.006642,38.305833,5132.402592,4986.523000,441.279250,193.090000,2483.587250,0.363709,0.001131,0.061665,0.074643,0.486102,0.297308,52,3.087500,2.920000,3.250000,0.101109
88373,2016,NNN,N N N REIT INC,2.0,9.0,5.0,12,0.013542,46.711667,6725.540000,5536.868000,489.114500,210.448250,2797.019750,0.365195,0.003199,0.062837,0.073377,0.418233,0.194196,52,2.930769,2.720000,3.550000,0.213200
88373,2017,NNN,N N N REIT INC,2.0,9.0,5.0,12,0.002483,41.666667,6216.118008,6160.603500,541.038500,236.603500,3024.661000,0.377547,0.013460,0.067552,0.076409,0.487554,0.222243,52,3.272500,3.080000,3.500000,0.105865
88373,2018,NNN,N N N REIT INC,2.0,9.0,5.0,12,0.015058,43.370833,6746.264992,6648.087750,591.125750,281.401750,3232.200250,0.396910,0.009865,0.064754,0.081480,0.483373,0.203427,52,4.000192,3.380000,4.360000,0.207860
88373,2019,NNN,N N N REIT INC,2.0,9.0,5.0,12,0.012608,54.368333,8989.766708,7212.987500,630.739500,291.746250,3519.023750,0.408439,0.027563,0.065640,0.082855,0.392596,0.136065,52,3.391731,3.000000,3.990000,0.299344
88373,2020,NNN,N N N REIT INC,2.0,9.0,5.0,12,-0.007492,37.881667,6536.576725,7585.632250,682.375000,274.348000,3975.599250,0.405340,0.026091,0.064212,0.078376,0.627227,0.545673,53,2.604906,2.170000,3.160000,0.277853
88373,2021,NNN,N N N REIT INC,2.0,9.0,5.0,12,0.019167,45.313333,7949.474267,7665.136000,687.977750,234.317750,3946.304000,0.426231,0.036619,0.062880,0.064851,0.498250,0.786290,52,2.271923,2.100000,2.450000,0.093934
88373,2022,NNN,N N N REIT INC,2.0,9.0,5.0,12,0.002233,44.132500,7794.930825,7865.016750,709.263500,298.721750,3907.518500,0.477865,0.024067,0.071800,0.067362,0.502386,0.792130,52,4.583846,2.430000,6.380000,1.112739
88373,2023,NNN,N N N REIT INC,2.0,9.0,5.0,12,0.001125,41.925833,7619.237358,8170.485250,775.497000,341.883750,4103.885000,0.481757,0.000630,0.072096,0.078320,0.542336,0.799178,52,6.111731,5.140000,7.030000,0.497037
89317,2000,TCI,TRANSCONTINENTAL REALTY INVS INC,2.0,2.0,4.0,1,-0.049500,12.000000,103.644000,424.252000,76.581000,11.879000,102.395000,0.727872,0.038312,0.018692,0.075780,0.987949,0.172040,52,7.718269,6.790000,8.310000,0.313048
89368,2002,HTG,HERITAGE PROPERTY INVEST TR INC,2.0,9.0,17.0,9,0.009650,24.983333,1034.710808,1949.717333,257.953667,6.889667,618.763000,0.556940,0.003165,0.041268,,0.600539,,52,5.982692,5.320000,6.690000,0.437498
89368,2003,HTG,HERITAGE PROPERTY INVEST TR INC,2.0,9.0,17.0,12,0.018075,26.990833,1135.976042,2063.314500,280.139750,20.544750,874.063000,0.490490,0.004233,0.055677,0.016439,0.774149,0.181581,53,5.170943,4.600000,5.770000,0.273188
89368,2004,HTG,HERITAGE PROPERTY INVEST TR INC,2.0,9.0,17.0,12,0.018233,29.155000,1358.762625,2213.227250,302.015000,36.010000,926.790000,0.507522,0.011780,0.059088,0.031640,0.686237,0.259790,52,5.206154,4.690000,5.720000,0.269023
89368,2005,HTG,HERITAGE PROPERTY INVEST TR INC,2.0,9.0,17.0,12,0.009950,32.970000,1555.648350,2329.214250,327.679750,34.737250,911.162750,0.552732,0.001811,0.052767,0.042704,0.589483,0.337880,52,5.417885,5.100000,5.900000,0.239970
89368,2006,HTG,HERITAGE PROPERTY INVEST TR INC,2.0,9.0,17.0,9,0.014167,36.768889,1754.565533,2456.569000,344.979000,25.239333,863.640000,0.592566,0.001485,0.052907,0.039082,0.493022,0.408008,52,6.066346,5.670000,6.440000,0.195629
89379,2002,TRZ,TRIZEC PROPERTIES INC,2.0,4.0,13.0,8,-0.078114,12.597500,1888.942525,6384.929500,972.023250,-206.163750,2292.349000,0.583519,0.039455,0.038927,,1.294349,,52,5.982692,5.320000,6.690000,0.437498
89379,2003,TRZ,TRIZEC PROPERTIES INC,2.0,4.0,13.0,12,0.049950,11.383333,1711.679958,5524.100500,872.084000,-216.478250,1898.013750,0.596467,0.010246,0.038039,-0.100048,1.151382,,53,5.170943,4.600000,5.770000,0.273188
89379,2004,TRZ,TRIZEC PROPERTIES INC,2.0,4.0,13.0,12,0.024667,16.389167,2485.356892,4957.565250,770.276000,119.893250,1938.909750,0.544090,0.030861,0.058264,0.018785,0.783567,0.893651,52,5.206154,4.690000,5.720000,0.269023
89379,2005,TRZ,TRIZEC PROPERTIES INC,2.0,4.0,13.0,12,0.020142,20.816667,3216.846317,4555.528250,699.270000,54.420500,1961.355000,0.495936,0.040184,0.101777,0.073357,0.614243,0.807314,52,5.417885,5.100000,5.900000,0.239970
89379,2006,TRZ,TRIZEC PROPERTIES INC,2.0,4.0,13.0,9,0.031189,26.342222,4137.189422,4688.859000,739.986333,58.240000,2104.310000,0.472106,0.023811,0.053693,0.071857,0.512034,0.744337,52,6.066346,5.670000,6.440000,0.195629
89458,2002,AMY,AMREIT INC,2.0,9.0,5.0,6,-0.004920,6.562500,16.397271,43.492000,5.939000,0.485500,15.605500,0.497568,0.013061,0.029227,,0.954876,,52,5.982692,5.320000,6.690000,0.437498
89458,2003,AMY,AMREIT,2.0,9.0,5.0,12,0.008292,6.423750,18.170622,75.931000,7.941000,-0.911250,38.102000,0.473577,0.016442,0.038193,-0.017249,2.099606,,53,5.170943,4.600000,5.770000,0.273188
89458,2004,AMY,AMREIT,2.0,9.0,5.0,12,0.026333,7.305000,23.215990,99.699500,12.370750,-0.432000,55.799500,0.398636,0.027658,0.019601,0.016710,2.379849,0.027274,52,5.206154,4.690000,5.720000,0.269023
89458,2005,AMY,AMREIT,2.0,9.0,5.0,12,-0.007058,7.866667,41.838734,213.647250,19.135000,0.818500,106.066750,0.474710,0.019361,0.035282,0.020951,2.596329,0.003567,52,5.417885,5.100000,5.900000,0.239970
89458,2006,AMY,AMREIT,2.0,9.0,5.0,12,0.021900,7.470825,47.487132,321.439250,37.571000,3.803250,184.758000,0.388870,0.013832,0.049797,0.034312,3.900880,0.081672,52,6.066346,5.670000,6.440000,0.195629
89458,2007,AMY,AMREIT,2.0,9.0,5.0,12,-0.006775,8.231167,52.296889,332.684250,56.264750,5.805000,169.998250,0.451245,0.013179,0.052546,0.048625,3.258226,0.096901,52,6.025192,5.650000,6.430000,0.193528
89458,2008,AMY,AMREIT,2.0,9.0,5.0,11,-0.056109,6.537600,37.914267,341.732636,46.046273,6.232727,149.892909,0.527363,0.006869,0.034409,0.039503,4.265566,0.244887,53,5.617170,4.830000,6.190000,0.346135
89496,2002,WRS,WINDROSE MEDICAL PPTYS TR,2.0,3.0,6.0,5,-0.031000,10.776000,60.732000,1.413200,4.903400,-0.158600,,0.542536,0.049337,-0.052117,,,,52,5.982692,5.320000,6.690000,0.437498
89496,2003,WRS,WINDROSE MEDICAL PPTYS TR,2.0,3.0,6.0,12,0.022392,11.065833,66.813140,89.217500,14.753500,-0.851500,57.505000,0.207127,0.104682,-0.014614,-0.016941,0.895357,,53,5.170943,4.600000,5.770000,0.273188
89496,2004,WRS,WINDROSE MEDICAL PPTYS TR,2.0,3.0,6.0,12,0.018267,12.608333,128.252576,197.476250,20.239500,1.579250,90.857750,0.501918,0.031282,0.015714,0.000068,0.717272,0.629300,52,5.206154,4.690000,5.720000,0.269023
89496,2005,WRS,WINDROSE MEDICAL PPTYS TR,2.0,3.0,6.0,12,0.008467,14.510833,190.672157,352.094250,33.249750,3.664500,144.595750,0.541157,0.040547,0.027160,0.024890,0.753917,0.532746,52,5.417885,5.100000,5.900000,0.239970
89496,2006,WRS,WINDROSE MEDICAL PPTYS TR,2.0,3.0,6.0,11,0.028055,15.752727,304.934437,638.351455,55.879455,4.928909,220.999000,0.583422,0.019821,0.027638,0.029201,0.738876,0.484232,52,6.066346,5.670000,6.440000,0.195629
89556,2002,MPQ,WEST COAST REALTY INVESTORS INC,2.0,2.0,4.0,3,-0.070600,10.733333,13.720000,36.412000,3.133000,0.163000,16.768000,0.523316,0.034219,0.046441,,1.226752,,52,5.982692,5.320000,6.690000,0.437498
89556,2003,MPQ,MEREDITH ENTERPRISES INC,2.0,2.0,4.0,9,0.052644,12.161667,11.857625,55.006889,4.905333,-0.208889,16.193333,0.677700,0.040567,0.011661,0.064082,1.381863,,53,5.170943,4.600000,5.770000,0.273188
89556,2004,MPQ,MEREDITH ENTERPRISES INC,2.0,2.0,4.0,12,0.018533,14.708333,14.355050,55.861250,7.852500,0.335250,17.254750,0.671634,0.040873,0.028121,0.106623,1.211563,0.393897,52,5.206154,4.690000,5.720000,0.269023
89556,2005,MPQ,MEREDITH ENTERPRISES INC,2.0,2.0,4.0,10,-0.019730,13.907500,13.384042,54.243800,7.886900,0.677600,17.729500,0.653480,0.030958,0.034597,0.092897,1.329768,0.554840,52,5.417885,5.100000,5.900000,0.239970
89617,2015,EQIX,EQUINIX INC,2.0,1.0,1.0,12,0.037782,264.128750,15241.835500,7708.286250,2472.080750,-129.909250,2342.134000,0.584544,0.117676,0.095833,-0.050650,0.157537,0.818710,52,3.087500,2.920000,3.250000,0.101109
89617,2016,EQIX,EQUINIX INC,2.0,1.0,1.0,12,0.016908,348.355833,24550.805250,11206.810250,2862.004750,34.386750,3464.808250,0.572779,0.113840,0.078973,-0.007740,0.138545,0.693485,52,2.930769,2.720000,3.550000,0.213200
89617,2017,EQIX,EQUINIX INC,2.0,1.0,1.0,12,0.022358,432.995000,33413.338083,15091.137500,3653.105000,142.495000,5576.345500,0.532685,0.122087,0.072481,0.045441,0.166387,0.312403,52,3.272500,3.080000,3.500000,0.105865
89617,2018,EQIX,EQUINIX INC,2.0,1.0,1.0,12,-0.016592,411.486667,32807.996083,19253.042000,4486.091000,248.463500,6927.343000,0.552804,0.080590,0.076484,0.031942,0.212054,0.282836,52,4.000192,3.380000,4.360000,0.207860
89617,2019,EQIX,EQUINIX INC,2.0,1.0,1.0,12,0.045508,505.662500,42613.045333,21477.576750,5148.617500,400.726500,7950.413750,0.551682,0.055209,0.086709,0.043694,0.188389,0.509340,52,3.391731,3.000000,3.990000,0.299344
89617,2020,EQIX,EQUINIX INC,2.0,1.0,1.0,12,0.019558,695.069167,60940.508583,24547.818500,5597.325000,501.508000,9226.635000,0.550551,0.091451,0.084117,0.054570,0.153090,0.233349,53,2.604906,2.170000,3.160000,0.277853
89617,2021,EQIX,EQUINIX INC,2.0,1.0,1.0,12,0.017133,773.089167,69408.274583,27172.727000,6084.510500,390.821000,10675.868500,0.528298,0.072652,0.081503,0.044201,0.155002,0.099350,52,2.271923,2.100000,2.450000,0.093934
89617,2022,EQIX,EQUINIX INC,2.0,1.0,1.0,12,-0.015425,673.459167,61580.837917,28188.568500,6708.971500,514.662250,10840.950250,0.544753,0.057969,0.093610,0.041302,0.177155,0.255213,52,4.583846,2.430000,6.380000,1.112739
89617,2023,EQIX,EQUINIX INC,2.0,1.0,1.0,12,0.020783,755.717500,70718.739250,30619.437250,7404.182750,756.316250,11774.215250,0.544481,0.076763,0.099258,0.054861,0.166819,0.377094,52,6.111731,5.140000,7.030000,0.497037
89646,2003,APRO,AMERICA FIRST APT INV INC,2.0,8.0,2.0,12,0.036745,9.853250,50.000555,,,,,,,,,,,53,5.170943,4.600000,5.770000,0.273188
89646,2004,APRO,AMERICA FIRST APT INV INC,2.0,8.0,2.0,12,0.013200,11.253250,93.276652,230.045000,,,71.603500,0.669068,0.073377,,,0.581427,0.423786,52,5.206154,4.690000,5.720000,0.269023
89646,2005,APRO,AMERICA FIRST APT INV INC,2.0,8.0,2.0,12,0.020517,12.517492,132.186482,292.369250,36.089000,-9.819000,88.548250,0.663454,0.071349,0.034434,-0.030623,0.675922,0.337919,52,5.417885,5.100000,5.900000,0.239970
89646,2006,APRO,AMERICA FIRST APT INV INC,2.0,8.0,2.0,12,0.028033,15.760000,173.942611,323.677500,42.997250,-12.451000,97.042000,0.662466,0.119440,0.039856,0.052548,0.558984,0.241541,52,6.066346,5.670000,6.440000,0.195629
89646,2007,APRO,AMERICA FIRST APT INV INC,2.0,8.0,2.0,8,0.044400,22.291250,246.238477,372.427500,61.957750,-5.252875,105.890750,0.678191,0.046300,0.039709,0.138724,0.435003,0.227879,52,6.025192,5.650000,6.430000,0.193528
89768,2003,MPG,MAGUIRE PROPERTIES INC,2.0,4.0,13.0,7,0.046283,21.450000,832.365909,1006.154714,114.006000,-41.414857,270.664000,0.906892,0.051336,0.005278,,0.290790,,53,5.170943,4.600000,5.770000,0.273188
89768,2004,MPG,M P G OFFICE TRUST INC,2.0,4.0,13.0,12,0.016692,25.020000,1069.928142,1882.466500,219.978250,-30.983000,456.488500,0.666203,0.087662,-0.009604,-0.151897,0.425103,,52,5.206154,4.690000,5.720000,0.269023
89768,2005,MPG,M P G OFFICE TRUST INC,2.0,4.0,13.0,12,0.017125,27.980833,1222.383642,3336.828750,346.529750,26.275500,461.233500,0.739672,0.051733,0.034570,-0.026954,0.381030,0.737390,52,5.417885,5.100000,5.900000,0.239970
89768,2006,MPG,M P G OFFICE TRUST INC,2.0,4.0,13.0,12,0.027292,37.383333,1756.016967,3767.163750,472.161500,23.812250,411.377000,0.819564,0.042964,0.026307,-0.005873,0.231559,0.762963,52,6.066346,5.670000,6.440000,0.195629
89768,2007,MPG,M P G OFFICE TRUST INC,2.0,4.0,13.0,12,-0.016792,32.250833,1517.813917,4179.890000,444.604500,19.926000,355.378250,0.829382,0.061186,0.024999,0.072269,0.243262,0.877946,52,6.025192,5.650000,6.430000,0.193528
89768,2008,MPG,M P G OFFICE TRUST INC,2.0,4.0,13.0,12,-0.195483,11.960833,568.347299,5735.437250,537.157500,-131.558250,247.441500,0.887140,0.067054,0.006904,0.100694,0.809874,1.424982,53,5.617170,4.830000,6.190000,0.346135
89768,2009,MPG,M P G OFFICE TRUST INC,2.0,4.0,13.0,9,0.204111,1.556667,74.631821,4939.309222,488.479556,-205.827000,111.277000,0.959235,0.054722,-0.007922,8.711272,1.333116,1.829839,52,4.573846,4.270000,5.060000,0.176459
89768,2010,MPG,M P G OFFICE TRUST INC,2.0,4.0,13.0,12,0.088842,2.632500,126.451043,3683.691250,415.603500,-310.127000,,1.137602,0.062197,0.002115,7.103468,,2.132843,52,4.095577,3.570000,4.520000,0.275385
89768,2011,MPG,M P G OFFICE TRUST INC,2.0,4.0,13.0,12,-0.014050,2.910000,143.951835,2786.539500,354.237250,-252.633750,,1.278876,0.066403,0.002932,0.529568,,2.226127,52,3.684231,3.210000,4.290000,0.348027
89768,2012,MPG,M P G OFFICE TRUST INC,2.0,4.0,13.0,12,0.051600,2.666667,144.234783,2211.836500,259.409000,-89.028500,,1.329115,0.096321,-0.003266,0.014228,,2.219633,52,2.934423,2.630000,3.300000,0.206059
89768,2013,MPG,M P G OFFICE TRUST INC,2.0,4.0,13.0,9,0.004144,3.012222,172.674482,1594.857333,207.822333,10.295000,,1.270589,0.118999,0.001174,-0.394185,,2.156038,52,3.100769,2.560000,3.600000,0.354538
89803,2003,AHT,ASHFORD HOSPITALITY TRUST INC,2.0,5.0,9.0,5,0.003600,9.256000,220.903502,93.767800,38.640200,-4.147200,7.568600,0.881858,0.070712,0.006529,,0.034329,,53,5.170943,4.600000,5.770000,0.273188
89803,2004,AHT,ASHFORD HOSPITALITY TRUST INC,2.0,5.0,9.0,12,0.019142,9.389167,238.932238,294.735500,50.453500,-2.740500,172.142750,0.236510,0.270777,0.016955,-0.022752,0.724927,,52,5.206154,4.690000,5.720000,0.269023
89803,2005,AHT,ASHFORD HOSPITALITY TRUST INC,2.0,5.0,9.0,12,0.003883,10.595833,434.941363,856.635000,139.707750,2.744750,276.930500,0.518876,0.106793,0.009785,-0.005695,0.634165,0.643119,52,5.417885,5.100000,5.900000,0.239970
89803,2006,AHT,ASHFORD HOSPITALITY TRUST INC,2.0,5.0,9.0,12,0.021642,12.286667,786.358850,1451.655500,337.367500,7.801250,410.457500,0.556596,0.060271,0.048389,0.018068,0.519662,0.789699,52,6.066346,5.670000,6.440000,0.195629
89803,2007,AHT,ASHFORD HOSPITALITY TRUST INC,2.0,5.0,9.0,12,-0.035142,10.730833,1157.762272,2623.074250,527.810000,26.594000,806.890000,0.534461,0.050075,0.057020,0.045333,0.748772,0.858574,52,6.025192,5.650000,6.430000,0.193528
89803,2008,AHT,ASHFORD HOSPITALITY TRUST INC,2.0,5.0,9.0,12,-0.106125,4.335833,515.248468,4415.365500,1077.756500,-9.066250,1204.234000,0.615748,0.036310,0.037391,0.038234,3.611189,1.274781,53,5.617170,4.830000,6.190000,0.346135
89803,2009,AHT,ASHFORD HOSPITALITY TRUST INC,2.0,5.0,9.0,12,0.166742,3.001667,229.543311,4289.167250,1104.091250,31.341000,1084.815750,0.652573,0.070708,0.034915,0.071954,5.715035,2.190522,52,4.573846,4.270000,5.060000,0.176459
89803,2010,AHT,ASHFORD HOSPITALITY TRUST INC,2.0,5.0,9.0,12,0.072650,8.130833,436.086083,3947.416500,861.890500,-112.160750,796.091250,0.704207,0.063034,0.017659,-0.129804,1.906636,2.433176,52,4.095577,3.570000,4.520000,0.275385
89803,2011,AHT,ASHFORD HOSPITALITY TRUST INC,2.0,5.0,9.0,12,-0.001733,10.095833,646.012022,3675.667250,845.624000,-33.658000,804.358500,0.673192,0.055764,0.021006,-0.161394,1.308185,2.439810,52,3.684231,3.210000,4.290000,0.348027
89803,2012,AHT,ASHFORD HOSPITALITY TRUST INC,2.0,5.0,9.0,12,0.029933,8.703333,592.932411,3577.243750,883.701750,-41.252750,853.919000,0.659019,0.068010,0.020762,-0.025133,1.445203,2.384738,52,2.934423,2.630000,3.300000,0.206059
89803,2013,AHT,ASHFORD HOSPITALITY TRUST INC,2.0,5.0,9.0,12,0.019467,11.529167,862.877088,3503.402250,913.782500,-43.975750,742.195000,0.672600,0.079209,0.037266,-0.036813,0.887826,2.369736,52,3.100769,2.560000,3.600000,0.354538
89803,2014,AHT,ASHFORD HOSPITALITY TRUST INC,2.0,5.0,9.0,12,0.032158,10.827500,940.939352,2906.446500,899.859000,-36.843250,553.724250,0.672414,0.093437,0.048157,-0.065931,0.602301,1.954951,53,3.286038,3.080000,3.560000,0.110058
89803,2015,AHT,ASHFORD HOSPITALITY TRUST INC,2.0,5.0,9.0,12,-0.026558,8.309167,811.059921,3848.636250,866.171000,126.982750,675.450500,0.707592,0.108743,0.034648,-0.062315,0.918467,1.696314,52,3.087500,2.920000,3.250000,0.101109
89803,2016,AHT,ASHFORD HOSPITALITY TRUST INC,2.0,5.0,9.0,12,0.031467,6.073333,582.193373,4934.444500,1358.064250,117.972750,712.153000,0.768867,0.076687,0.041493,0.170280,1.222728,1.654011,52,2.930769,2.720000,3.550000,0.213200
89803,2017,AHT,ASHFORD HOSPITALITY TRUST INC,2.0,5.0,9.0,12,-0.003967,6.539167,635.148203,4833.680250,1479.136000,-52.911250,621.209500,0.769155,0.099570,0.041494,0.105096,0.970387,1.632144,52,3.272500,3.080000,3.500000,0.105865
89803,2018,AHT,ASHFORD HOSPITALITY TRUST INC,2.0,5.0,9.0,12,-0.028542,6.303333,621.323627,4721.406750,1430.563750,-78.792750,465.338500,0.797126,0.103950,0.039152,-0.086190,0.807149,1.674182,52,4.000192,3.380000,4.360000,0.207860
89803,2019,AHT,ASHFORD HOSPITALITY TRUST INC,2.0,5.0,9.0,12,-0.007800,3.757500,382.427857,4798.610250,1448.251750,-126.125750,422.385750,0.844331,0.088710,0.037208,-0.207920,1.157871,1.677702,52,3.391731,3.000000,3.990000,0.299344
89803,2020,AHT,ASHFORD HOSPITALITY TRUST INC,2.0,5.0,9.0,8,-0.070362,2.475000,107.974306,4533.759125,1304.337625,-225.558500,241.793200,0.916943,0.073886,0.025246,-0.387557,4.535254,1.885701,53,2.604906,2.170000,3.160000,0.277853
89803,2021,AHT,ASHFORD HOSPITALITY TRUST INC,2.0,5.0,9.0,12,-0.035683,8.450000,423.310754,3863.377250,528.954000,-493.808750,,1.001631,0.080459,-0.043534,0.941691,,2.564638,52,2.271923,2.100000,2.450000,0.093934
89803,2022,AHT,ASHFORD HOSPITALITY TRUST INC,2.0,5.0,9.0,12,-0.034458,7.423333,254.780338,4088.918000,869.880250,-246.119250,57.917000,0.960844,0.168900,-0.022346,58.081740,0.196002,2.616846,52,4.583846,2.430000,6.380000,1.112739
89803,2023,AHT,ASHFORD HOSPITALITY TRUST INC,2.0,5.0,9.0,12,-0.040583,3.494167,120.523347,3879.828750,1276.421750,-147.143000,,0.995167,0.135278,0.009421,41.458667,,2.794379,52,6.111731,5.140000,7.030000,0.497037
89953,2003,HIH,HIGHLAND HOSPITALITY CORP,2.0,5.0,9.0,1,,10.900000,385.674680,13.717000,10.590000,0.003000,0.650000,0.877743,0.125319,0.064081,,0.001685,,53,5.170943,4.600000,5.770000,0.273188
89953,2004,HIH,HIGHLAND HOSPITALITY CORP,2.0,5.0,9.0,12,0.006425,11.127500,435.880238,294.956250,25.286750,-1.101500,266.590000,0.246867,0.361562,0.021837,-0.007825,0.611185,,52,5.206154,4.690000,5.720000,0.269023
89953,2005,HIH,HIGHLAND HOSPITALITY CORP,2.0,5.0,9.0,12,0.005000,10.785000,470.311803,713.641000,145.261250,3.472250,346.658500,0.466673,0.105270,0.030858,0.003901,0.748164,0.402953,52,5.417885,5.100000,5.900000,0.239970
89953,2006,HIH,HIGHLAND HOSPITALITY CORP,2.0,5.0,9.0,12,0.027842,13.322500,786.566970,1154.947250,269.986750,12.345750,492.321000,0.465759,0.099997,0.034483,0.017733,0.629051,0.492889,52,6.066346,5.670000,6.440000,0.195629
89953,2007,HIH,HIGHLAND HOSPITALITY CORP,2.0,5.0,9.0,6,0.054117,17.931667,1101.217850,1310.501500,399.722000,21.161000,529.845500,0.489597,0.041550,0.057300,0.028392,0.484532,0.468139,52,6.025192,5.650000,6.430000,0.193528
89987,2004,GPP,GOVERNMENT PROPERTIES TRUST INC,2.0,4.0,13.0,12,-0.019109,10.951667,223.486652,126.289250,3.602250,-1.843000,93.570750,0.448262,0.314834,-0.000190,,0.455479,,52,5.206154,4.690000,5.720000,0.269023
89987,2005,GPT,GOVERNMENT PROPERTIES TRUST INC,2.0,4.0,13.0,12,0.001692,9.520833,197.081251,289.098250,13.312500,-1.925750,170.320000,0.367853,0.313537,-0.007208,-0.015916,0.864843,0.688714,52,5.417885,5.100000,5.900000,0.239970
89987,2006,GPT,GOVERNMENT PROPERTIES TRUST INC,2.0,4.0,13.0,12,0.018092,9.356667,194.347007,420.518750,32.479250,-2.534500,158.524750,0.593301,0.045584,0.020197,-0.015517,0.822250,0.497813,52,6.066346,5.670000,6.440000,0.195629
89987,2007,GPT,GOVERNMENT PROPERTIES TRUST INC,2.0,4.0,13.0,3,0.006767,10.626667,220.938370,445.596000,44.066000,-2.873000,150.422000,0.643415,0.024621,0.020496,-0.015231,0.680855,0.585652,52,6.025192,5.650000,6.430000,0.193528
90037,2004,ARC,AFFORDABLE RESIDENTIAL CMNTYS IN,2.0,8.0,10.0,11,-0.018010,15.697273,639.965721,1494.288818,166.478636,-53.857545,464.416636,0.605019,0.038819,0.010048,,0.761527,,52,5.206154,4.690000,5.720000,0.269023
90037,2005,HTH,HILLTOP HOLDINGS INC,2.0,8.0,10.0,12,-0.027442,11.622500,475.782572,1811.309500,219.530250,-68.336750,529.475750,0.570797,0.019631,0.012537,-0.158709,1.125244,0.441480,52,5.417885,5.100000,5.900000,0.239970
90037,2006,HTH,HILLTOP HOLDINGS INC,2.0,8.0,10.0,6,0.024283,9.996667,411.853043,1748.976500,254.330500,-174.055500,338.314500,0.636304,0.024096,0.002825,-0.226863,0.825921,0.350727,52,6.066346,5.670000,6.440000,0.195629
90092,2010,SBRA,SABRA HEALTHCARE REIT INC,2.0,3.0,6.0,2,0.079200,17.725000,443.106480,,,,,,,,0.086115,,0.646352,52,4.095577,3.570000,4.520000,0.275385
90092,2011,SBRA,SABRA HEALTHCARE REIT INC,2.0,3.0,6.0,12,-0.023458,14.514583,405.991784,600.143333,,,177.766000,0.642676,0.096149,,0.086115,0.464337,0.668258,52,3.684231,3.210000,4.290000,0.348027
90092,2012,SUNH,SUN HEALTHCARE GROUP INC,2.0,3.0,6.0,12,0.060217,18.047500,668.292137,758.189500,90.412667,16.225333,323.380000,0.519281,0.043199,0.063406,0.039324,0.497612,0.764026,52,2.934423,2.630000,3.300000,0.206059
90092,2013,SUNH,SUN HEALTHCARE GROUP INC,2.0,3.0,6.0,12,0.023867,26.220833,983.535957,936.639500,108.622250,21.244000,370.599500,0.563055,0.055839,0.061968,0.053645,0.381795,0.782035,52,3.100769,2.560000,3.600000,0.354538
90092,2014,SUNH,SUN HEALTHCARE GROUP INC,2.0,3.0,6.0,12,0.020033,28.416667,1328.886658,1233.238000,139.551250,26.890750,494.425250,0.560563,0.033045,0.047156,0.069359,0.371720,0.939198,53,3.286038,3.080000,3.560000,0.110058
90092,2015,SUNH,SUN HEALTHCARE GROUP INC,2.0,3.0,6.0,12,-0.026467,26.562500,1653.524233,2106.139250,189.743750,58.524250,902.115750,0.554832,0.015091,0.045850,0.059613,0.565665,1.174432,52,3.087500,2.920000,3.250000,0.101109
90092,2016,SUNH,SUN HEALTHCARE GROUP INC,2.0,3.0,6.0,12,0.024842,22.120833,1443.652017,2399.782250,244.008000,66.288250,1034.285750,0.555216,0.020187,0.052453,0.064735,0.725148,1.157073,52,2.930769,2.720000,3.550000,0.213200
90092,2017,SUNH,SUN HEALTHCARE GROUP INC,2.0,3.0,6.0,12,-0.014167,23.347500,2273.332208,2249.856500,259.438500,83.777250,1007.558750,0.535645,0.012006,0.074696,0.071770,0.509024,0.982081,52,3.272500,3.080000,3.500000,0.105865
90092,2018,SUNH,SUN HEALTHCARE GROUP INC,2.0,3.0,6.0,12,-0.000067,19.927500,3552.700225,6908.324250,456.225000,205.081250,3406.857500,0.476814,0.032638,0.025911,0.055749,0.971932,0.879920,52,4.000192,3.380000,4.360000,0.207860
90092,2019,SUNH,SUN HEALTHCARE GROUP INC,2.0,3.0,6.0,12,0.032683,20.842500,3915.706825,6538.491500,622.612500,210.551750,3228.970500,0.478647,0.010896,0.052590,0.069310,0.837614,1.040142,52,3.391731,3.000000,3.990000,0.299344
90092,2020,SUNH,SUN HEALTHCARE GROUP INC,2.0,3.0,6.0,12,0.006417,15.253750,3146.654192,6063.289750,638.125500,97.159250,3381.835250,0.410644,0.007748,0.060499,0.047313,1.112363,1.259580,53,2.604906,2.170000,3.160000,0.277853
90092,2021,SUNH,SUN HEALTHCARE GROUP INC,2.0,3.0,6.0,12,-0.012800,16.261667,3569.061575,5940.800000,585.182500,97.639000,3415.008750,0.393142,0.008894,0.059029,0.031925,0.966170,1.346844,52,2.271923,2.100000,2.450000,0.093934
90092,2022,SUNH,SUN HEALTHCARE GROUP INC,2.0,3.0,6.0,12,0.005925,13.675000,3157.802383,6005.654250,585.491500,-56.966500,3346.969750,0.413276,0.031299,0.058265,-0.002632,1.066035,1.277416,52,4.583846,2.430000,6.380000,1.112739
90092,2023,SUNH,SUN HEALTHCARE GROUP INC,2.0,3.0,6.0,12,0.021575,12.775833,2953.710717,5668.307000,583.856500,-86.405000,3046.274750,0.431046,0.006884,0.057215,-0.028775,1.041417,1.200246,52,6.111731,5.140000,7.030000,0.497037
90206,2004,GSL,GLOBAL SIGNAL INC,2.0,1.0,1.0,7,0.046117,23.970000,1207.087864,590.178143,168.863143,4.559714,136.869429,0.694726,0.049999,0.112788,,0.111262,,52,5.206154,4.690000,5.720000,0.269023
90206,2005,GSL,GLOBAL SIGNAL INC,2.0,1.0,1.0,12,0.044950,37.038333,2350.350167,1202.895250,193.578750,8.351750,249.559250,0.726099,0.022503,0.082241,0.044857,0.106526,,52,5.417885,5.100000,5.900000,0.239970
90206,2006,GSL,GLOBAL SIGNAL INC,2.0,1.0,1.0,12,0.021892,49.371667,3446.124267,2333.889750,394.949000,-53.441500,422.947000,0.753463,0.045959,0.055640,-0.032457,0.124104,1.474451,52,6.066346,5.670000,6.440000,0.195629
90208,2004,IRC,INLAND REAL ESTATE CORP,2.0,9.0,17.0,7,0.041067,14.574286,972.578310,1279.449571,175.806429,39.847714,416.051571,0.579224,0.040204,0.062074,,0.430307,,52,5.206154,4.690000,5.720000,0.269023
90208,2005,IRC,INLAND REAL ESTATE CORP,2.0,9.0,17.0,12,-0.000067,15.433333,1037.872856,1257.091000,189.874250,44.351000,451.703500,0.580395,0.042677,0.072845,0.109114,0.435873,,52,5.417885,5.100000,5.900000,0.239970
90208,2006,IRC,INLAND REAL ESTATE CORP,2.0,9.0,17.0,12,0.026408,16.439167,1112.073058,1225.398750,185.572000,43.596500,439.288750,0.578111,0.022093,0.070590,0.107855,0.399467,0.490857,52,6.066346,5.670000,6.440000,0.195629
90208,2007,IRC,INLAND REAL ESTATE CORP,2.0,9.0,17.0,12,-0.017158,16.717500,1095.922158,1311.383750,184.042250,39.793000,389.062250,0.652892,0.022167,0.060343,0.114481,0.357856,0.549105,52,6.025192,5.650000,6.430000,0.193528
90208,2008,IRC,INLAND REAL ESTATE CORP,2.0,9.0,17.0,12,0.004425,14.173333,935.411108,1292.677000,192.257250,39.351000,362.780250,0.665335,0.017038,0.066822,0.120282,0.392784,0.568741,53,5.617170,4.830000,6.190000,0.346135
90208,2009,IRC,INLAND REAL ESTATE CORP,2.0,9.0,17.0,12,-0.020975,8.051667,629.323113,1241.206250,190.283250,28.632500,371.803500,0.651475,0.008375,0.059944,0.106464,0.597206,0.717824,52,4.573846,4.270000,5.060000,0.176459
90208,2010,IRC,INLAND REAL ESTATE CORP,2.0,9.0,17.0,12,0.013850,8.497500,728.019832,1163.762000,150.158000,-2.075500,416.344500,0.596733,0.006724,0.066180,0.051469,0.573741,0.731475,52,4.095577,3.570000,4.520000,0.275385
90208,2011,IRC,INLAND REAL ESTATE CORP,2.0,9.0,17.0,12,-0.005383,8.560833,756.851417,1251.304000,161.825250,-0.394250,389.042000,0.633573,0.007965,0.046081,0.007694,0.517867,0.755171,52,3.684231,3.210000,4.290000,0.348027
90208,2012,IRC,INLAND REAL ESTATE CORP,2.0,9.0,17.0,12,0.014783,8.353333,744.538314,1232.139500,157.143250,-3.776750,334.703750,0.610024,0.007851,0.051864,-0.012547,0.449518,0.764780,52,2.934423,2.630000,3.300000,0.206059
90208,2013,IRC,INLAND REAL ESTATE CORP,2.0,9.0,17.0,12,0.025475,10.251667,988.179722,1321.144500,157.208000,39.970750,346.763000,0.586887,0.009657,0.048506,0.025815,0.349828,0.811693,52,3.100769,2.560000,3.600000,0.354538
90208,2014,IRC,INLAND REAL ESTATE CORP,2.0,9.0,17.0,12,0.008233,10.542500,1053.120492,1563.895500,198.729750,87.560500,448.966250,0.563094,0.011185,0.047276,0.170948,0.426566,0.804618,53,3.286038,3.080000,3.560000,0.110058
90208,2015,IRC,INLAND REAL ESTATE CORP,2.0,9.0,17.0,12,0.004958,9.835833,987.965690,1566.687750,214.849750,27.723250,408.828250,0.540060,0.009333,0.054085,0.159836,0.416974,0.769278,52,3.087500,2.920000,3.250000,0.101109
90208,2016,IRC,INLAND REAL ESTATE CORP,2.0,9.0,17.0,2,0.003550,10.655000,1071.521900,1550.101000,214.852000,30.248000,385.668000,0.533957,0.007958,0.067850,0.094924,0.359936,0.664308,52,2.930769,2.720000,3.550000,0.213200
90217,2004,BEE,STRATEGIC HOTELS & RESORTS INC,2.0,5.0,9.0,7,0.025717,14.672857,405.883003,1587.815857,571.225286,-74.346714,194.505429,0.663727,0.111054,0.017618,,0.486801,,52,5.206154,4.690000,5.720000,0.269023
90217,2005,SLH,STRATEGIC HOTEL CAPITAL INC,2.0,5.0,9.0,12,0.026108,17.217500,612.249906,1079.315750,450.413250,-40.277750,201.198250,0.533016,0.074440,0.003853,0.067834,0.351784,,52,5.417885,5.100000,5.900000,0.239970
90217,2006,SLH,STRATEGIC HOTEL CAPITAL INC,2.0,5.0,9.0,12,0.009467,21.271667,1469.353817,1733.988250,468.423500,12.763750,581.052250,0.395714,0.066561,0.047183,0.072224,0.388145,1.305159,52,6.066346,5.670000,6.440000,0.195629
90217,2007,SLH,STRATEGIC HOTEL CAPITAL INC,2.0,5.0,9.0,12,-0.015525,21.014167,1568.155275,3251.662250,767.140500,27.431500,962.667750,0.488740,0.048792,0.042577,0.103641,0.617334,1.320296,52,6.025192,5.650000,6.430000,0.193528
90217,2008,SLH,STRATEGIC HOTEL CAPITAL INC,2.0,5.0,9.0,12,-0.088892,9.290000,691.142056,3397.572500,996.619000,106.493750,915.608750,0.495608,0.044896,0.050791,0.097500,2.723324,1.721972,53,5.617170,4.830000,6.190000,0.346135
90217,2009,SLH,STRATEGIC HOTEL CAPITAL INC,2.0,5.0,9.0,9,0.111367,1.566667,117.573956,2917.615556,871.746667,-363.349111,458.022889,0.592187,0.041599,0.027275,-0.574701,4.230801,2.264622,52,4.573846,4.270000,5.060000,0.176459
90217,2010,SLH,STRATEGIC HOTEL CAPITAL INC,2.0,5.0,9.0,12,0.116575,4.325000,543.655513,2598.312250,678.801250,-263.437250,284.933250,0.607782,0.045893,0.018109,-0.991468,0.667058,2.585981,52,4.095577,3.570000,4.520000,0.275385
90217,2011,SLH,STRATEGIC HOTEL CAPITAL INC,2.0,5.0,9.0,12,0.012283,5.918333,1008.102863,2277.770750,708.841250,-245.326250,399.812500,0.486115,0.048930,0.032787,-0.995347,0.408849,2.657345,52,3.684231,3.210000,4.290000,0.348027
90217,2012,SLH,STRATEGIC HOTEL CAPITAL INC,2.0,5.0,9.0,12,0.017333,6.234167,1242.768208,2093.379250,758.100500,-124.801750,461.852000,0.496513,0.055631,0.034273,-0.375076,0.374003,2.612287,52,2.934423,2.630000,3.300000,0.206059
90217,2013,SLH,STRATEGIC HOTEL CAPITAL INC,2.0,5.0,9.0,12,0.035200,8.386667,1718.545683,2403.591500,776.219750,-48.981000,473.782500,0.548327,0.058354,0.033970,-0.081207,0.278082,2.573743,52,3.100769,2.560000,3.600000,0.354538
90217,2014,SLH,STRATEGIC HOTEL CAPITAL INC,2.0,5.0,9.0,12,0.029208,11.432500,2699.595250,2632.488250,888.788500,60.593750,716.488500,0.515836,0.082568,0.045608,-0.039014,0.257544,2.521546,53,3.286038,3.080000,3.560000,0.110058
90217,2015,SLH,STRATEGIC HOTEL CAPITAL INC,2.0,5.0,9.0,11,0.007291,13.098182,3621.328391,3602.824909,1144.254364,146.520091,1480.986364,0.487156,0.099401,0.052428,0.141389,0.409627,1.804939,52,3.087500,2.920000,3.250000,0.101109
90300,2004,ACC,AMERICAN CAMPUS COMMUNITIES INC,2.0,9.0,2.0,5,0.064400,19.710000,242.960166,348.507200,57.467400,-1.010400,27.476200,0.835992,0.044000,0.018931,,0.114417,,52,5.206154,4.690000,5.720000,0.269023
90300,2005,ACC,AMERICAN CAMPUS COMMUNITIES INC,2.0,9.0,2.0,12,0.014767,22.820833,350.514033,430.880250,63.189750,-2.559750,137.793500,0.598193,0.033961,0.035983,-0.009687,0.414049,,52,5.417885,5.100000,5.900000,0.239970
90300,2006,ACC,AMERICAN CAMPUS COMMUNITIES INC,2.0,9.0,2.0,12,0.017000,25.865833,494.066922,682.446000,89.165750,2.560750,230.879500,0.571852,0.050588,0.033937,0.021212,0.481275,0.796202,52,6.066346,5.670000,6.440000,0.195629
90300,2007,ACC,AMERICAN CAMPUS COMMUNITIES INC,2.0,9.0,2.0,12,0.001183,28.755833,692.610135,928.539750,123.707750,-1.703250,360.069500,0.517743,0.053804,0.033587,0.053711,0.522082,0.870168,52,6.025192,5.650000,6.430000,0.193528
90300,2008,ACC,AMERICAN CAMPUS COMMUNITIES INC,2.0,9.0,2.0,12,-0.012483,27.785833,1017.099238,1369.113750,152.014000,2.212750,516.944500,0.547428,0.029075,0.024349,0.023270,0.524479,0.777318,53,5.617170,4.830000,6.190000,0.346135
90300,2009,ACC,AMERICAN CAMPUS COMMUNITIES INC,2.0,9.0,2.0,12,0.036825,23.380000,1149.437262,2203.700750,248.480750,-13.357750,828.977500,0.571160,0.030597,0.018616,-0.011245,0.758929,0.823286,52,4.573846,4.270000,5.060000,0.176459
90300,2010,ACC,AMERICAN CAMPUS COMMUNITIES INC,2.0,9.0,2.0,12,0.015133,28.935000,1685.949408,2210.284750,307.055000,-1.609750,891.648750,0.544596,0.035239,0.036820,-0.015234,0.547240,0.759387,52,4.095577,3.570000,4.520000,0.275385
90300,2011,ACC,AMERICAN CAMPUS COMMUNITIES INC,2.0,9.0,2.0,12,0.027150,36.536667,2507.682108,2651.119500,343.843250,27.067750,1234.336250,0.484626,0.047484,0.044518,0.001838,0.496003,0.713598,52,3.684231,3.210000,4.290000,0.348027
90300,2012,ACC,AMERICAN CAMPUS COMMUNITIES INC,2.0,9.0,2.0,12,0.011325,44.616667,3839.639958,3017.636750,391.883250,41.435750,1389.737250,0.479470,0.017378,0.047950,0.029584,0.370139,0.631133,52,2.934423,2.630000,3.300000,0.206059
90300,2013,ACC,AMERICAN CAMPUS COMMUNITIES INC,2.0,9.0,2.0,12,-0.025500,39.025833,4087.967267,4946.330000,504.947000,46.502000,2506.525000,0.443774,0.012617,0.041017,0.029632,0.629485,0.598030,52,3.100769,2.560000,3.600000,0.354538
90300,2014,ACC,AMERICAN CAMPUS COMMUNITIES INC,2.0,9.0,2.0,12,0.025208,38.320000,4020.981933,5564.958500,667.031000,48.816750,2610.700750,0.488295,0.013605,0.044842,0.032166,0.650758,0.274903,53,3.286038,3.080000,3.560000,0.110058
90300,2015,ACC,AMERICAN CAMPUS COMMUNITIES INC,2.0,9.0,2.0,12,0.004900,39.588333,4419.535358,5804.586000,740.682250,82.877250,2707.157000,0.489089,0.009004,0.046422,0.030658,0.615928,0.109914,52,3.087500,2.920000,3.250000,0.101109
90300,2016,ACC,AMERICAN CAMPUS COMMUNITIES INC,2.0,9.0,2.0,12,0.020300,48.478333,6273.087550,6183.660750,762.396500,104.023250,3109.646750,0.449881,0.031829,0.041704,0.034458,0.497723,0.111919,52,2.930769,2.720000,3.550000,0.213200
90300,2017,ACC,AMERICAN CAMPUS COMMUNITIES INC,2.0,9.0,2.0,12,-0.012183,46.177500,6221.645700,6089.556750,785.959500,88.734250,3484.217250,0.376464,0.009075,0.050627,0.034220,0.562220,0.028700,52,3.272500,3.080000,3.500000,0.105865
90300,2018,ACC,AMERICAN CAMPUS COMMUNITIES INC,2.0,9.0,2.0,12,0.005967,40.393333,5525.380783,6874.057500,814.799000,73.751750,3513.932000,0.427235,0.010078,0.049147,0.023537,0.637495,0.063091,52,4.000192,3.380000,4.360000,0.207860
90300,2019,ACC,AMERICAN CAMPUS COMMUNITIES INC,2.0,9.0,2.0,12,0.014867,47.058333,6455.524775,7198.309750,895.820500,107.935250,3449.293750,0.448219,0.012725,0.049456,0.027876,0.534820,0.277116,52,3.391731,3.000000,3.990000,0.299344
90300,2020,ACC,AMERICAN CAMPUS COMMUNITIES INC,2.0,9.0,2.0,12,0.007508,37.008333,5091.537417,7590.750500,946.220000,110.340000,3291.781750,0.517506,0.014369,0.049381,0.029060,0.658503,0.771243,53,2.604906,2.170000,3.160000,0.277853
90300,2021,ACC,AMERICAN CAMPUS COMMUNITIES INC,2.0,9.0,2.0,12,0.029300,48.061667,6643.965850,7542.458250,907.331250,41.148250,3092.539000,0.548265,0.008781,0.043472,0.024383,0.471214,0.831900,52,2.271923,2.100000,2.450000,0.093934
90300,2022,ACC,AMERICAN CAMPUS COMMUNITIES INC,2.0,9.0,2.0,7,0.022357,60.214286,8414.248814,7552.309000,937.308429,32.039000,3056.443857,0.542194,0.013148,0.044359,0.019951,0.365479,0.798396,52,4.583846,2.430000,6.380000,1.112739
90301,2004,BMR,BIOMED REALTY TRUST INC,2.0,4.0,1.0,5,0.064425,19.084000,584.535682,49.847800,6.963000,2.416600,12.654400,0.739161,0.001392,0.048266,,0.021954,,52,5.206154,4.690000,5.720000,0.269023
90301,2005,BMR,BIOMED REALTY TRUST INC,2.0,4.0,1.0,12,0.013658,23.245833,942.329185,757.562250,46.387500,8.152750,501.040500,0.214631,0.060873,0.034509,0.013710,0.550920,,52,5.417885,5.100000,5.900000,0.239970
90301,2006,BMR,BIOMED REALTY TRUST INC,2.0,4.0,1.0,12,0.018042,29.396667,1678.458367,1455.410000,145.744000,16.953750,799.385250,0.384921,0.030565,0.041485,0.019325,0.485491,1.103266,52,6.066346,5.670000,6.440000,0.195629
90301,2007,BMR,BIOMED REALTY TRUST INC,2.0,4.0,1.0,12,-0.010775,25.494167,1668.904925,2629.169250,232.746000,42.475750,1217.330500,0.442081,0.014073,0.038152,0.026547,0.736463,1.133162,52,6.025192,5.650000,6.430000,0.193528
90301,2008,BMR,BIOMED REALTY TRUST INC,2.0,4.0,1.0,12,-0.027150,21.643333,1542.127383,3093.478250,265.816500,68.134000,1193.341250,0.484636,0.008713,0.036948,0.048350,0.860076,1.088545,53,5.617170,4.830000,6.190000,0.346135
90301,2009,BMR,BIOMED REALTY TRUST INC,2.0,4.0,1.0,12,0.052417,11.650833,1089.960325,3267.822750,313.579500,68.385750,1416.086000,0.434893,0.011302,0.038286,0.053101,1.388134,1.611306,52,4.573846,4.270000,5.060000,0.176459
90301,2010,BMR,BIOMED REALTY TRUST INC,2.0,4.0,1.0,12,0.019617,17.154167,1996.549017,3341.375250,358.898250,49.146500,1647.543750,0.405965,0.012471,0.041815,0.040909,0.843917,1.593839,52,4.095577,3.570000,4.520000,0.275385
90301,2011,BMR,BIOMED REALTY TRUST INC,2.0,4.0,1.0,12,0.002433,18.589167,2507.595108,3871.059250,390.162750,37.187250,2066.324750,0.368991,0.007111,0.041923,0.026252,0.828146,1.546240,52,3.684231,3.210000,4.290000,0.348027
90301,2012,BMR,BIOMED REALTY TRUST INC,2.0,4.0,1.0,12,0.010108,18.857500,2907.864575,4450.628750,446.489500,36.426750,2286.746250,0.407326,0.003973,0.043312,0.017982,0.786607,1.462858,52,2.934423,2.630000,3.300000,0.206059
90301,2013,BMR,BIOMED REALTY TRUST INC,2.0,4.0,1.0,12,0.000167,20.085000,3698.660983,5132.250250,538.957750,28.271000,2532.771000,0.443621,0.004209,0.046907,0.010310,0.689433,1.470196,52,3.100769,2.560000,3.600000,0.354538
90301,2014,BMR,BIOMED REALTY TRUST INC,2.0,4.0,1.0,12,0.020708,21.164167,4116.021242,6025.481000,636.009000,47.834250,2931.755250,0.450163,0.006708,0.046854,0.011411,0.713769,0.997418,53,3.286038,3.080000,3.560000,0.110058
90301,2015,BMR,BIOMED REALTY TRUST INC,2.0,4.0,1.0,12,0.015458,21.701667,4416.429350,6263.956250,673.399250,161.752000,3012.976000,0.448601,0.007610,0.046838,0.044252,0.687659,0.662404,52,3.087500,2.920000,3.250000,0.101109
90305,2004,EXR,EXTRA SPACE STORAGE INC,2.0,10.0,16.0,5,-0.000650,13.528000,413.304954,541.329800,42.985800,-23.156800,,0.733284,0.005855,-0.022218,,,,52,5.206154,4.690000,5.720000,0.269023
90305,2005,EXR,EXTRA SPACE STORAGE INC,2.0,10.0,16.0,12,0.019100,14.481667,507.216664,796.286750,72.646750,-16.268500,259.855500,0.632768,0.049172,-0.006429,-0.075786,0.524259,,52,5.417885,5.100000,5.900000,0.239970
90305,2006,EXR,EXTRA SPACE STORAGE INC,2.0,10.0,16.0,12,0.020800,16.712500,930.927938,1438.996000,151.702500,-3.216500,427.914250,0.653882,0.008939,0.014494,-0.037611,0.467188,0.717246,52,6.066346,5.670000,6.440000,0.195629
90305,2007,EXR,EXTRA SPACE STORAGE INC,2.0,10.0,16.0,12,-0.013225,16.655833,1076.312739,1818.477500,210.033750,17.396250,640.620500,0.599768,0.108672,0.046634,0.009174,0.602322,0.824731,52,6.025192,5.650000,6.430000,0.193528
90305,2008,EXR,EXTRA SPACE STORAGE INC,2.0,10.0,16.0,12,-0.012517,14.266667,1088.929896,2093.052750,259.612500,32.254000,673.891250,0.623870,0.056288,0.046873,0.042174,0.648337,0.783223,53,5.617170,4.830000,6.190000,0.346135
90305,2009,EXR,EXTRA SPACE STORAGE INC,2.0,10.0,16.0,12,0.024950,8.683333,748.981292,2305.218500,289.404750,45.329750,868.079500,0.571501,0.055749,0.041433,0.054594,1.211244,1.076718,52,4.573846,4.270000,5.060000,0.176459
90305,2010,EXR,EXTRA SPACE STORAGE INC,2.0,10.0,16.0,12,0.039558,14.644167,1277.475344,2298.320750,292.530250,25.657000,881.337250,0.562734,0.055823,0.035491,0.043489,0.703519,1.142756,52,4.095577,3.570000,4.520000,0.275385
90305,2011,EXR,EXTRA SPACE STORAGE INC,2.0,10.0,16.0,12,0.033025,21.388750,1971.849642,2246.898000,299.439500,29.058750,913.264500,0.540299,0.031438,0.048566,0.032496,0.465490,1.129678,52,3.684231,3.210000,4.290000,0.348027
90305,2012,EXR,EXTRA SPACE STORAGE INC,2.0,10.0,16.0,12,0.037783,31.410000,3232.711258,2530.489250,353.719750,57.516000,1076.598250,0.523378,0.038645,0.059282,0.041329,0.337330,1.117524,52,2.934423,2.630000,3.300000,0.206059
90305,2013,EXR,EXTRA SPACE STORAGE INC,2.0,10.0,16.0,12,0.017142,41.918333,4679.684083,3224.527750,469.703750,120.978250,1449.069750,0.505394,0.030142,0.068752,0.066500,0.309623,1.132440,52,3.100769,2.560000,3.600000,0.354538
90305,2014,EXR,EXTRA SPACE STORAGE INC,2.0,10.0,16.0,12,0.031875,52.772500,6121.380392,3956.940000,593.771500,166.617250,1690.770500,0.503652,0.025235,0.071455,0.089847,0.276917,0.947041,53,3.286038,3.080000,3.560000,0.110058
90305,2015,EXR,EXTRA SPACE STORAGE INC,2.0,10.0,16.0,12,0.038608,72.990833,8869.445500,4481.474250,690.795500,197.929000,1839.792250,0.518038,0.023531,0.077097,0.100655,0.208861,0.748914,52,3.087500,2.920000,3.250000,0.101109
90305,2016,EXR,EXTRA SPACE STORAGE INC,2.0,10.0,16.0,12,-0.005033,83.607500,10464.748083,6206.164750,845.880750,219.937000,2116.716500,0.583292,0.065795,0.061738,0.095680,0.203908,0.484613,52,2.930769,2.720000,3.550000,0.213200
90305,2017,EXR,EXTRA SPACE STORAGE INC,2.0,10.0,16.0,12,0.014575,79.006667,9951.498167,6976.330500,1086.231250,348.530500,2227.865750,0.604703,0.006535,0.077039,0.132928,0.224477,0.113295,52,3.272500,3.080000,3.500000,0.105865
90305,2018,EXR,EXTRA SPACE STORAGE INC,2.0,10.0,16.0,12,0.007000,90.906667,11477.659125,7433.666250,1138.967750,450.641750,2312.930250,0.610286,0.009790,0.084224,0.186822,0.201875,0.002865,52,4.000192,3.380000,4.360000,0.207860
90305,2019,EXR,EXTRA SPACE STORAGE INC,2.0,10.0,16.0,12,0.016942,107.373333,13768.040125,8042.475250,1229.335000,449.595000,2408.950250,0.619820,0.007547,0.084953,0.185269,0.175857,0.065957,52,3.391731,3.000000,3.990000,0.299344
90305,2020,EXR,EXTRA SPACE STORAGE INC,2.0,10.0,16.0,12,0.012817,103.798333,13418.462417,8482.546750,1333.444500,423.487250,2459.121000,0.623588,0.008751,0.084427,0.168139,0.184995,0.076616,53,2.604906,2.170000,3.160000,0.277853
90305,2021,EXR,EXTRA SPACE STORAGE INC,2.0,10.0,16.0,12,0.062392,165.625000,22110.435083,9239.164250,1424.089250,534.504250,2706.780250,0.616282,0.008965,0.085131,0.179200,0.125359,0.091369,52,2.271923,2.100000,2.450000,0.093934
90305,2022,EXR,EXTRA SPACE STORAGE INC,2.0,10.0,16.0,12,-0.029442,181.377500,24314.697333,10453.338250,1715.944500,815.892250,3130.148250,0.598270,0.007216,0.096378,0.233707,0.130032,0.246184,52,4.583846,2.430000,6.380000,1.112739
90305,2023,EXR,EXTRA SPACE STORAGE INC,2.0,10.0,16.0,12,0.017400,142.874167,24242.002417,12126.556250,2055.482750,865.662250,3254.819750,0.622934,0.006109,0.100373,0.264682,0.138101,0.368117,52,6.111731,5.140000,7.030000,0.497037
90307,2004,KRG,KITE REALTY GROUP TRUST,2.0,9.0,17.0,5,0.042300,13.752000,258.023288,261.460800,31.393400,1.703200,4.909200,0.819829,0.021268,0.025972,,0.018954,,52,5.206154,4.690000,5.720000,0.269023
90307,2005,KRG,KITE REALTY GROUP TRUST,2.0,9.0,17.0,12,0.004708,15.000000,332.649567,597.625000,55.835000,0.464000,158.739500,0.515726,0.017761,0.018078,-0.003319,0.495685,,52,5.417885,5.100000,5.900000,0.239970
90307,2006,KRG,KITE REALTY GROUP TRUST,2.0,9.0,17.0,12,0.020292,16.434167,471.453653,799.511500,103.564500,8.188000,246.245500,0.514732,0.019046,0.026160,0.026721,0.523257,0.739137,52,6.066346,5.670000,6.440000,0.195629
90307,2007,KRG,KITE REALTY GROUP TRUST,2.0,9.0,17.0,12,-0.009508,18.397500,531.615420,1001.100750,132.945000,10.031750,268.036250,0.584933,0.018878,0.039245,0.042075,0.509304,0.898236,52,6.025192,5.650000,6.430000,0.193528
90307,2008,KRG,KITE REALTY GROUP TRUST,2.0,9.0,17.0,12,-0.051517,10.905833,321.218780,1062.295750,140.431500,12.088000,257.206750,0.622512,0.014734,0.031931,0.046099,0.912327,1.214431,53,5.617170,4.830000,6.190000,0.346135
90307,2009,KRG,KITE REALTY GROUP TRUST,2.0,9.0,17.0,12,0.007033,3.511667,184.510475,1132.532000,140.906750,7.087500,300.636250,0.614226,0.019285,0.032148,0.034176,1.760791,1.568190,52,4.573846,4.270000,5.060000,0.176459
90307,2010,KRG,KITE REALTY GROUP TRUST,2.0,9.0,17.0,12,0.033567,4.632500,292.802980,1140.145000,115.315000,1.250250,371.339250,0.579473,0.016947,0.019768,0.006138,1.284070,1.651011,52,4.095577,3.570000,4.520000,0.275385
90307,2011,KRG,KITE REALTY GROUP TRUST,2.0,9.0,17.0,12,-0.008175,4.730833,300.535014,1142.784750,100.920750,-6.772500,350.868750,0.560384,0.009618,0.026960,-0.015645,1.183159,1.673439,52,3.684231,3.210000,4.290000,0.348027
90307,2012,KRG,KITE REALTY GROUP TRUST,2.0,9.0,17.0,12,0.023333,5.140833,346.456620,1184.177750,97.333250,2.273000,335.419250,0.562343,0.009115,0.025124,-0.001199,0.984140,1.611407,52,2.934423,2.630000,3.300000,0.206059
90307,2013,KRG,KITE REALTY GROUP TRUST,2.0,9.0,17.0,12,0.018058,6.255833,591.116921,1312.850750,102.556750,-5.295000,376.674500,0.547870,0.009529,0.023351,-0.000707,0.644758,1.566988,52,3.100769,2.560000,3.600000,0.354538
90307,2014,KRG,KITE REALTY GROUP TRUST,2.0,9.0,17.0,12,0.011750,14.595833,1488.092078,1668.895750,135.415750,-2.858250,593.785000,0.502819,0.019097,0.028084,-0.007426,0.487215,1.301977,53,3.286038,3.080000,3.560000,0.110058
90307,2015,KRG,KITE REALTY GROUP TRUST,2.0,9.0,17.0,12,-0.002758,26.478333,2209.043317,3859.125000,279.467750,-5.175250,1791.102250,0.408380,0.022690,0.016629,-0.003675,0.814506,0.927055,52,3.087500,2.920000,3.250000,0.101109
90307,2016,KRG,KITE REALTY GROUP TRUST,2.0,9.0,17.0,12,-0.003658,26.894167,2243.373525,3762.654750,348.364000,21.208500,1704.152500,0.457613,0.012745,0.043834,0.007842,0.762924,0.645166,52,2.930769,2.720000,3.550000,0.213200
90307,2017,KRG,KITE REALTY GROUP TRUST,2.0,9.0,17.0,12,-0.008492,20.320833,1698.324908,3630.257250,356.276750,5.335250,1629.285250,0.472797,0.009361,0.042735,0.006966,0.965036,0.389520,52,3.272500,3.080000,3.500000,0.105865
90307,2018,KRG,KITE REALTY GROUP TRUST,2.0,9.0,17.0,12,-0.018058,16.013333,1339.753450,3444.236000,358.405000,0.288500,1543.688500,0.478800,0.011306,0.044955,0.004725,1.157056,0.417955,52,4.000192,3.380000,4.360000,0.207860
90307,2019,KRG,KITE REALTY GROUP TRUST,2.0,9.0,17.0,12,0.039083,16.460833,1381.521658,3149.348000,348.516250,-26.475750,1407.591000,0.486135,0.015831,0.047457,-0.016068,1.028891,0.786226,52,3.391731,3.000000,3.990000,0.299344
90307,2020,KRG,KITE REALTY GROUP TRUST,2.0,9.0,17.0,12,0.000267,12.225000,1028.293224,2777.989500,305.992250,-15.805000,1273.062750,0.471149,0.063097,0.047415,-0.013976,1.289457,1.129891,53,2.604906,2.170000,3.160000,0.277853
90307,2021,KRG,KITE REALTY GROUP TRUST,2.0,9.0,17.0,12,0.036875,20.116667,2395.146983,2685.295750,268.184000,2.760250,1229.516750,0.472438,0.047127,0.040129,-0.007862,0.622308,1.421653,52,2.271923,2.100000,2.450000,0.093934
90307,2022,KRG,KITE REALTY GROUP TRUST,2.0,9.0,17.0,12,0.005975,20.507500,4492.469542,6326.760000,444.936000,-75.306000,3227.653500,0.437947,0.018933,0.024022,-0.017511,0.734899,1.369405,52,4.583846,2.430000,6.380000,1.112739
90307,2023,KRG,KITE REALTY GROUP TRUST,2.0,9.0,17.0,12,0.012133,21.584167,4733.137583,7275.991500,799.578750,-21.070500,3759.534500,0.419366,0.013953,0.049470,-0.010542,0.796085,1.323759,52,6.111731,5.140000,7.030000,0.497037
90373,2004,DLR,DIGITAL REALTY TRUST INC,2.0,4.0,8.0,3,0.065600,12.743333,261.246957,731.237000,73.821000,14.098000,218.303000,0.648074,0.005837,0.060426,,0.840530,,52,5.206154,4.690000,5.720000,0.269023
90373,2005,DLR,DIGITAL REALTY TRUST INC,2.0,4.0,8.0,12,0.050933,17.450000,423.472114,1075.864750,118.645250,6.862000,183.909500,0.552955,0.003305,0.049106,0.026311,0.479478,,52,5.417885,5.100000,5.900000,0.239970
90373,2006,DLR,DIGITAL REALTY TRUST INC,2.0,4.0,8.0,12,0.040642,29.356667,1057.212925,1567.822500,211.128000,15.225750,257.552250,0.489468,0.018745,0.054071,0.052393,0.254570,0.986196,52,6.066346,5.670000,6.440000,0.195629
90373,2007,DLR,DIGITAL REALTY TRUST INC,2.0,4.0,8.0,12,0.015900,38.855833,2268.937217,2221.312000,295.480750,21.571750,523.202500,0.523351,0.028810,0.046018,0.062890,0.229459,1.031157,52,6.025192,5.650000,6.430000,0.193528
90373,2008,DLR,DIGITAL REALTY TRUST INC,2.0,4.0,8.0,12,-0.001317,38.236667,2635.739467,2837.867250,411.704000,28.258500,676.263750,0.464910,0.025814,0.041440,0.056898,0.261457,1.199206,53,5.617170,4.830000,6.190000,0.346135
90373,2009,DLR,DIGITAL REALTY TRUST INC,2.0,4.0,8.0,12,0.040850,39.709167,3020.884125,3308.718750,546.658250,67.988750,874.095750,0.425650,0.031446,0.065899,0.071185,0.296452,1.039597,52,4.573846,4.270000,5.060000,0.176459
90373,2010,DLR,DIGITAL REALTY TRUST INC,2.0,4.0,8.0,12,0.007175,56.254167,4735.531208,3981.523750,667.425500,89.468500,997.259000,0.481009,0.039371,0.074899,0.090981,0.212652,0.944171,52,4.095577,3.570000,4.520000,0.275385
90373,2011,DLR,DIGITAL REALTY TRUST INC,2.0,4.0,8.0,12,0.026700,60.372500,5911.184108,5424.033000,900.414750,110.291750,1501.343000,0.536732,0.018010,0.066070,0.081602,0.254613,0.861756,52,3.684231,3.210000,4.290000,0.348027
90373,2012,DLR,DIGITAL REALTY TRUST INC,2.0,4.0,8.0,12,0.006658,71.212500,8265.711608,6265.038000,1089.174500,162.819000,1973.956750,0.494542,0.013780,0.065869,0.075861,0.240045,0.835687,52,2.934423,2.630000,3.300000,0.206059
90373,2013,DLR,DIGITAL REALTY TRUST INC,2.0,4.0,8.0,12,-0.020383,58.520000,7438.952167,8872.040750,1321.435500,210.991500,2880.542250,0.499462,0.010468,0.061041,0.075709,0.393349,0.737252,52,3.100769,2.560000,3.600000,0.354538
90373,2014,DLR,DIGITAL REALTY TRUST INC,2.0,4.0,8.0,12,0.031108,60.419167,8061.778258,9706.852750,1510.832000,312.520000,2932.295500,0.505109,0.011024,0.068924,0.093185,0.369479,0.514593,53,3.286038,3.080000,3.560000,0.110058
90373,2015,DLR,DIGITAL REALTY TRUST INC,2.0,4.0,8.0,12,0.017008,68.000833,9418.662333,9560.806500,1635.932750,278.246500,2843.573250,0.502119,0.005783,0.070738,0.086203,0.303783,0.310054,52,3.087500,2.920000,3.250000,0.101109
90373,2016,DLR,DIGITAL REALTY TRUST INC,2.0,4.0,8.0,12,0.027242,93.729167,14291.688500,10916.657500,1826.970250,241.624500,2996.789250,0.525091,0.004824,0.073429,0.083387,0.211299,0.174513,52,2.930769,2.720000,3.550000,0.213200
90373,2017,DLR,DIGITAL REALTY TRUST INC,2.0,4.0,8.0,12,0.015817,114.087500,20053.681167,12350.184750,2174.625000,416.486000,4093.205500,0.499190,0.002766,0.076717,0.099399,0.208044,-0.132430,52,3.272500,3.080000,3.500000,0.105865
90373,2018,DLR,DIGITAL REALTY TRUST INC,2.0,4.0,8.0,12,-0.000133,110.479167,22832.571250,21407.546500,2593.414250,266.866500,9045.065250,0.415194,0.003290,0.049088,0.059406,0.397847,0.031670,52,4.000192,3.380000,4.360000,0.207860
90373,2019,DLR,DIGITAL REALTY TRUST INC,2.0,4.0,8.0,12,0.013492,119.100833,24887.038083,23000.240750,3131.672750,335.533750,8653.439000,0.470800,0.003935,0.063078,0.033812,0.348718,0.270997,52,3.391731,3.000000,3.990000,0.299344
90373,2020,DLR,DIGITAL REALTY TRUST INC,2.0,4.0,8.0,12,0.017800,141.556667,36850.211667,28304.208250,3271.632250,565.846500,11870.026500,0.451715,0.007005,0.053014,0.056079,0.321344,0.048274,53,2.604906,2.170000,3.160000,0.277853
90373,2021,DLR,DIGITAL REALTY TRUST INC,2.0,4.0,8.0,12,0.024400,153.399167,43389.964333,35801.333500,3992.481000,518.605000,17242.523500,0.416392,0.010329,0.048460,0.041005,0.399388,-0.062390,52,2.271923,2.100000,2.450000,0.093934
90373,2022,DLR,DIGITAL REALTY TRUST INC,2.0,4.0,8.0,12,-0.038900,125.810833,35913.175083,36213.452000,4540.034250,1285.953000,17454.638750,0.430698,0.003834,0.046721,0.066581,0.495144,0.065656,52,4.583846,2.430000,6.380000,1.112739
90373,2023,DLR,DIGITAL REALTY TRUST INC,2.0,4.0,8.0,12,0.031175,117.310000,34727.874167,41260.504000,4809.328250,655.073000,17790.553250,0.448064,0.003732,0.040835,0.054306,0.521174,0.249879,52,6.111731,5.140000,7.030000,0.497037
90375,2004,EHP,EAGLE HOSPITALITY PPTYS TR INC,2.0,5.0,9.0,3,0.041900,9.783333,159.924987,177.607000,74.655000,-0.717000,,1.095801,0.037099,0.049355,,,,52,5.206154,4.690000,5.720000,0.269023
90375,2005,EHP,EAGLE HOSPITALITY PPTYS TR INC,2.0,5.0,9.0,12,-0.014217,9.207500,159.145754,286.764250,90.323500,3.250000,125.913667,0.674447,0.059985,0.039681,0.027142,0.821594,,52,5.417885,5.100000,5.900000,0.239970
90375,2006,EHP,EAGLE HOSPITALITY PPTYS TR INC,2.0,5.0,9.0,12,0.024475,9.248333,162.439357,423.055250,123.152000,8.321750,182.595250,0.494582,0.027582,0.062896,0.035170,1.127198,0.559341,52,6.066346,5.670000,6.440000,0.195629
90375,2007,EHP,EAGLE HOSPITALITY PPTYS TR INC,2.0,5.0,9.0,7,0.058929,12.190000,220.498240,462.552857,149.136571,11.216143,175.788714,0.551016,0.011605,0.071435,0.047715,0.810046,0.549676,52,6.025192,5.650000,6.430000,0.193528
90394,2004,SHO,SUNSTONE HOTEL INVESTORS INC NEW,2.0,5.0,9.0,3,0.118650,18.633333,622.782343,1355.519000,474.874000,-17.736000,372.399000,0.657635,0.043351,0.043983,,0.599983,,52,5.206154,4.690000,5.720000,0.269023
90394,2005,SHO,SUNSTONE HOTEL INVESTORS INC NEW,2.0,5.0,9.0,12,0.026267,23.637500,925.079394,1423.883000,483.677250,-17.034000,435.967000,0.568347,0.050751,0.030523,-0.086502,0.479435,,52,5.417885,5.100000,5.900000,0.239970
90394,2006,SHO,SUNSTONE HOTEL INVESTORS INC NEW,2.0,5.0,9.0,12,0.005033,28.781667,1664.845792,2427.340500,651.201250,20.526750,800.908250,0.519641,0.045525,0.040778,-0.012190,0.481874,1.098078,52,6.066346,5.670000,6.440000,0.195629
90394,2007,SHO,SUNSTONE HOTEL INVESTORS INC NEW,2.0,5.0,9.0,12,-0.022267,26.419167,1580.735783,2919.698750,876.041500,38.828750,877.291750,0.560756,0.042186,0.055717,0.053084,0.566456,1.124799,52,6.025192,5.650000,6.430000,0.193528
90394,2008,SHO,SUNSTONE HOTEL INVESTORS INC NEW,2.0,5.0,9.0,12,-0.042192,13.414167,750.143958,3040.148250,981.399000,50.425500,909.860000,0.566868,0.059204,0.067885,0.105626,1.600817,1.478592,53,5.617170,4.830000,6.190000,0.346135
90394,2009,SHO,SUNSTONE HOTEL INVESTORS INC NEW,2.0,5.0,9.0,12,0.080642,5.752500,446.871376,2743.434500,882.593750,39.231500,728.170250,0.599100,0.079112,0.055235,0.117439,2.382170,2.402710,52,4.573846,4.270000,5.060000,0.176459
90394,2010,SHO,SUNSTONE HOTEL INVESTORS INC NEW,2.0,5.0,9.0,12,0.020892,10.087500,1025.552575,2476.775250,622.884750,-69.785000,690.076750,0.559432,0.130894,0.024466,-0.178217,0.684291,2.489803,52,4.095577,3.570000,4.520000,0.275385
90394,2011,SHO,SUNSTONE HOTEL INVESTORS INC NEW,2.0,5.0,9.0,12,-0.011000,8.700000,1027.975118,2712.829250,641.044250,-3.454750,897.874250,0.512519,0.084400,0.022498,-0.133748,0.928740,2.460730,52,3.684231,3.210000,4.290000,0.348027
90394,2012,SHO,SUNSTONE HOTEL INVESTORS INC NEW,2.0,5.0,9.0,12,0.025467,10.130000,1311.872958,3152.982750,758.227250,7.905500,1009.918750,0.498910,0.072666,0.050048,0.065883,0.778326,2.387146,52,2.934423,2.630000,3.300000,0.206059
90394,2013,SHO,SUNSTONE HOTEL INVESTORS INC NEW,2.0,5.0,9.0,12,0.020608,12.432500,2083.036667,3150.605250,839.272500,-1.789750,1337.733250,0.430040,0.092343,0.053161,0.058393,0.642739,2.436395,52,3.100769,2.560000,3.600000,0.354538
90394,2014,SHO,SUNSTONE HOTEL INVESTORS INC NEW,2.0,5.0,9.0,12,0.021283,14.535000,2852.417850,3511.121500,964.699500,30.218250,1783.364250,0.404780,0.070299,0.053283,0.038545,0.626031,1.763691,53,3.286038,3.080000,3.560000,0.110058
90394,2015,SHO,SUNSTONE HOTEL INVESTORS INC NEW,2.0,5.0,9.0,12,-0.013275,14.981667,3120.041642,3874.112500,1164.347750,80.114000,2133.463000,0.362606,0.062122,0.069856,0.037955,0.690171,1.429178,52,3.087500,2.920000,3.250000,0.101109
90394,2016,SHO,SUNSTONE HOTEL INVESTORS INC NEW,2.0,5.0,9.0,12,0.023608,13.169167,2843.376333,3808.491000,1239.870750,279.345250,2236.585500,0.298580,0.113298,0.081027,0.108804,0.790933,1.186606,52,2.930769,2.720000,3.550000,0.213200
90394,2017,SHO,SUNSTONE HOTEL INVESTORS INC NEW,2.0,5.0,9.0,12,0.010800,15.760833,3509.316708,3763.281250,1196.566750,212.338750,2351.403000,0.264091,0.135385,0.081799,0.100357,0.671396,1.017054,52,3.272500,3.080000,3.500000,0.105865
90394,2018,SHO,SUNSTONE HOTEL INVESTORS INC NEW,2.0,5.0,9.0,12,-0.012717,15.688333,3558.988392,3827.676750,1193.212500,128.825500,2402.242000,0.263781,0.147841,0.079609,0.060570,0.679877,1.055481,52,4.000192,3.380000,4.360000,0.207860
90394,2019,SHO,SUNSTONE HOTEL INVESTORS INC NEW,2.0,5.0,9.0,12,0.011050,13.900000,3155.482808,3926.960750,1162.292500,225.130500,2492.007000,0.262875,0.197543,0.076763,0.084908,0.790941,1.062850,52,3.391731,3.000000,3.990000,0.299344
90394,2020,SHO,SUNSTONE HOTEL INVESTORS INC NEW,2.0,5.0,9.0,12,-0.006108,9.294167,2033.315667,3760.263000,1025.009500,14.697500,2237.520750,0.300727,0.207049,0.063219,0.075389,1.129544,0.999135,53,2.604906,2.170000,3.160000,0.277853
90394,2021,SHO,SUNSTONE HOTEL INVESTORS INC NEW,2.0,5.0,9.0,12,0.006567,12.043333,2616.970733,3041.133750,285.377000,-307.706750,1841.346500,0.277165,0.122374,-0.031305,-0.103297,0.706094,1.162509,52,2.271923,2.100000,2.450000,0.093934
90394,2022,SHO,SUNSTONE HOTEL INVESTORS INC NEW,2.0,5.0,9.0,12,-0.009617,10.937500,2354.090625,3028.783750,568.758750,39.619250,1851.367750,0.235820,0.065559,0.018118,-0.080289,0.792899,1.133056,52,4.583846,2.430000,6.380000,1.112739
90394,2023,SHO,SUNSTONE HOTEL INVESTORS INC NEW,2.0,5.0,9.0,12,0.013600,9.949167,2065.729700,3088.145750,929.355750,122.901750,1809.285750,0.269990,0.051321,0.068709,0.035682,0.878941,1.135545,52,6.111731,5.140000,7.030000,0.497037
90498,2013,TSRE,TRADE STREET RESIDENTIAL INC,2.0,8.0,2.0,8,-0.044971,7.539925,86.040481,320.998375,18.584250,-10.347125,80.469000,0.556652,0.047593,-0.003364,,0.990740,0.841836,52,3.100769,2.560000,3.600000,0.354538
90498,2014,TSRE,TRADE STREET RESIDENTIAL INC,2.0,8.0,2.0,12,0.024500,7.432500,272.172855,506.116500,32.895750,-23.143000,178.169000,0.583923,0.029667,-0.000282,-0.127268,0.661547,0.710753,53,3.286038,3.080000,3.560000,0.110058
90498,2015,TSRE,TRADE STREET RESIDENTIAL INC,2.0,8.0,2.0,8,-0.014525,7.181250,263.898605,581.896125,55.689375,-29.818000,204.777250,0.599293,0.028354,0.021300,-0.134177,0.776273,0.573149,52,3.087500,2.920000,3.250000,0.101109
90506,2004,MDH,M H I HOSPITALITY CORP,2.0,5.0,9.0,1,,9.940000,59.679756,30.757000,25.321000,0.334000,,0.978314,0.025848,0.088143,,,,52,5.206154,4.690000,5.720000,0.269023
90506,2005,MDH,M H I HOSPITALITY CORP,2.0,5.0,9.0,12,0.004417,9.531667,62.244794,80.485000,30.718000,-0.767500,42.748667,0.445789,0.088897,0.022975,-0.038770,0.668188,,52,5.417885,5.100000,5.900000,0.239970
90506,2006,SOHO,SOTHERLY HOTELS INC,2.0,5.0,9.0,12,0.008167,9.328333,62.582683,119.292500,56.834000,1.820000,42.903750,0.397087,0.042774,0.045748,0.017334,0.686545,0.220320,52,6.066346,5.670000,6.440000,0.195629
90506,2007,SOHO,SOTHERLY HOTELS INC,2.0,5.0,9.0,12,-0.017767,9.793067,66.891317,130.883500,68.151000,3.399750,41.953250,0.455925,0.054115,0.092340,0.068078,0.634638,0.342236,52,6.025192,5.650000,6.430000,0.193528
90506,2008,SOHO,SOTHERLY HOTELS INC,2.0,5.0,9.0,11,-0.078500,5.625682,38.979803,163.731909,68.790727,2.249545,39.857545,0.567030,0.038794,0.073257,0.067812,1.160448,0.732669,53,5.617170,4.830000,6.190000,0.346135
90506,2009,SOHO,SOTHERLY HOTELS INC,2.0,5.0,9.0,5,0.225820,2.150520,15.842219,220.643400,70.559600,-1.458800,35.732600,0.710932,0.031871,0.023878,-0.016467,2.377296,1.489614,52,4.573846,4.270000,5.060000,0.176459
90506,2010,SOHO,SOTHERLY HOTELS INC,2.0,5.0,9.0,12,0.032725,2.435117,23.069863,214.597500,72.643500,-2.058750,38.610000,0.715059,0.022547,0.023172,-0.037021,1.739498,1.698734,52,4.095577,3.570000,4.520000,0.275385
90506,2011,SOHO,SOTHERLY HOTELS INC,2.0,5.0,9.0,12,0.020283,2.564992,24.791612,211.869000,77.971250,-2.583750,38.754750,0.689844,0.030648,0.032087,-0.057240,1.581984,1.755422,52,3.684231,3.210000,4.290000,0.348027
90506,2012,SOHO,SOTHERLY HOTELS INC,2.0,5.0,9.0,12,0.035367,3.380333,33.783822,210.453500,82.187250,-5.438750,33.789500,0.627929,0.039780,0.034419,-0.106379,1.031239,1.655109,52,2.934423,2.630000,3.300000,0.206059
90506,2013,SOHO,SOTHERLY HOTELS INC,2.0,5.0,9.0,12,0.056350,4.549833,46.177045,204.752000,87.543750,-4.517500,28.578250,0.683758,0.052075,0.045610,-0.137746,0.632292,1.626677,52,3.100769,2.560000,3.600000,0.354538
90506,2014,SOHO,SOTHERLY HOTELS INC,2.0,5.0,9.0,12,0.023192,7.254167,75.151006,261.668750,94.492250,-1.056500,26.415750,0.821764,0.083078,0.042222,-0.136370,0.355508,1.511720,53,3.286038,3.080000,3.560000,0.110058
90506,2015,SOHO,SOTHERLY HOTELS INC,2.0,5.0,9.0,12,-0.010117,7.075833,85.616443,301.356250,124.585000,-0.173000,24.754000,0.851731,0.076107,0.049547,-0.071202,0.291224,0.913231,52,3.087500,2.920000,3.250000,0.101109
90506,2016,SOHO,SOTHERLY HOTELS INC,2.0,5.0,9.0,12,0.018792,5.528233,81.966029,394.721500,141.761250,4.694000,49.663000,0.821162,0.055792,0.030987,0.053343,0.610018,0.704188,52,2.930769,2.720000,3.550000,0.213200
90506,2017,SOHO,SOTHERLY HOTELS INC,2.0,5.0,9.0,12,0.002592,6.470967,90.276449,405.480000,153.319750,1.708500,67.835000,0.754945,0.082574,0.040195,0.052395,0.753796,0.765279,52,3.272500,3.080000,3.500000,0.105865
90506,2018,SOHO,SOTHERLY HOTELS INC,2.0,5.0,9.0,12,-0.002725,6.705000,94.832828,453.613250,158.191500,0.794250,68.370500,0.759229,0.078732,0.038032,0.007669,0.724526,0.790499,52,4.000192,3.380000,4.360000,0.207860
90506,2019,SOHO,SOTHERLY HOTELS INC,2.0,5.0,9.0,12,0.023775,6.778783,96.448901,496.085250,180.048750,-1.042000,69.803750,0.772748,0.075901,0.050228,0.002769,0.733634,0.890837,52,3.391731,3.000000,3.990000,0.299344
90506,2020,SOHO,SOTHERLY HOTELS INC,2.0,5.0,9.0,12,-0.018400,2.733333,40.095545,483.193000,169.337000,-8.377500,91.933500,0.754475,0.056855,0.035974,0.011418,2.629788,1.678854,53,2.604906,2.170000,3.160000,0.277853
90506,2021,SOHO,SOTHERLY HOTELS INC,2.0,5.0,9.0,12,-0.002942,2.800000,44.711397,468.273000,79.058000,-40.468750,48.926000,0.817805,0.066702,-0.018340,-0.571902,1.103233,2.159612,52,2.271923,2.100000,2.450000,0.093934
90506,2022,SOHO,SOTHERLY HOTELS INC,2.0,5.0,9.0,12,-0.002425,2.025492,36.489868,433.760250,133.485750,-15.325250,32.335250,0.840809,0.069251,0.007828,-1.134817,0.888217,2.011608,52,4.583846,2.430000,6.380000,1.112739
90506,2023,SOHO,SOTHERLY HOTELS INC,2.0,5.0,9.0,12,-0.007667,1.872083,36.186718,407.706500,167.729250,23.125500,52.589750,0.794200,0.074521,0.022914,-0.151344,1.495425,2.024864,52,6.111731,5.140000,7.030000,0.497037
90514,2004,SFC,SPIRIT FINANCE CORP,2.0,9.0,5.0,1,,12.650000,803.363500,277.875000,,,276.902000,0.000000,0.716470,,,0.344678,,52,5.206154,4.690000,5.720000,0.269023
90514,2005,SFC,SPIRIT FINANCE CORP,2.0,9.0,5.0,12,-0.003467,11.223333,751.329309,768.111500,37.859000,13.947333,536.081250,0.273099,0.086272,0.022298,0.015266,0.712276,,52,5.417885,5.100000,5.900000,0.239970
90514,2006,SFC,SPIRIT FINANCE CORP,2.0,9.0,5.0,12,0.014292,11.787500,1083.453211,1787.760750,93.806500,24.675750,711.988000,0.576654,0.044928,0.034313,0.033736,0.653349,0.734656,52,6.066346,5.670000,6.440000,0.195629
90514,2007,SFC,SPIRIT FINANCE CORP,2.0,9.0,5.0,7,0.030314,14.025714,1563.159257,2771.850429,178.807286,39.135714,964.613286,0.631178,0.028988,0.034937,0.048570,0.619012,0.688182,52,6.025192,5.650000,6.430000,0.193528
90545,2001,NRTI,NOONEY REALTY TRUST INC,2.0,4.0,13.0,8,0.064125,10.526250,11.229806,17.433750,3.345875,0.646750,10.311125,0.377082,0.107727,0.041295,0.013164,0.927700,0.095665,52,6.502308,5.940000,6.780000,0.221436
90545,2002,NRTI,NOONEY REALTY TRUST INC,2.0,4.0,13.0,12,-0.003408,11.703333,14.323118,36.462250,4.681250,1.084750,11.868250,0.646218,0.023883,0.029930,0.073432,0.838103,0.068928,52,5.982692,5.320000,6.690000,0.437498
90545,2003,NRTI,NOONEY REALTY TRUST INC,2.0,4.0,13.0,12,0.015383,10.835833,13.389578,37.051000,6.279750,0.000750,11.359250,0.661605,0.034967,0.046911,0.056534,0.856192,0.121271,53,5.170943,4.600000,5.770000,0.273188
90545,2004,NRTI,NOONEY REALTY TRUST INC,2.0,4.0,13.0,12,0.032692,13.054583,16.622844,33.788750,5.340250,-0.341500,10.160250,0.665923,0.057467,0.111365,-0.004554,0.622734,0.083701,52,5.206154,4.690000,5.720000,0.269023
90545,2005,NRTI,NOONEY REALTY TRUST INC,2.0,4.0,13.0,12,0.005942,13.945417,18.435275,45.194500,6.171250,-0.741750,10.913500,0.705914,0.082346,0.039989,0.070497,0.593378,0.094223,52,5.417885,5.100000,5.900000,0.239970
90545,2006,NRTI,NOONEY REALTY TRUST INC,2.0,4.0,13.0,12,-0.002217,13.140508,18.413127,52.384000,7.953250,-1.114500,10.095750,0.718656,0.048136,0.026660,-0.005440,0.548423,0.145013,52,6.066346,5.670000,6.440000,0.195629
90545,2007,NRTI,NOONEY REALTY TRUST INC,2.0,4.0,13.0,12,-0.012008,11.729167,16.464359,60.753750,9.394500,-0.849000,11.591750,0.757073,0.111527,0.029309,0.056172,0.709583,0.154874,52,6.025192,5.650000,6.430000,0.193528
90545,2008,NRTI,NOONEY REALTY TRUST INC,2.0,4.0,13.0,6,0.019550,10.425000,14.542875,70.142500,11.522500,-1.532000,9.653500,0.812531,0.087560,0.037429,0.116273,0.666973,-0.107425,53,5.617170,4.830000,6.190000,0.346135
90680,2005,DRH,DIAMONDROCK HOSPITALITY CO,2.0,5.0,9.0,8,0.014771,11.663750,581.601825,506.517500,,,299.183000,0.396414,0.288481,,,0.511386,,52,5.417885,5.100000,5.900000,0.239970
90680,2006,DRH,DIAMONDROCK HOSPITALITY CO,2.0,5.0,9.0,12,0.039267,15.499167,1060.608522,1190.541750,299.577000,5.656333,522.873750,0.459648,0.048967,0.026790,-0.015831,0.513347,,52,6.066346,5.670000,6.440000,0.195629
90680,2007,DRH,DIAMONDROCK HOSPITALITY CO,2.0,5.0,9.0,12,-0.007075,18.159167,1712.198642,1909.384750,517.817000,35.535250,912.161500,0.426823,0.037332,0.048662,0.019571,0.540382,0.783686,52,6.025192,5.650000,6.430000,0.193528
90680,2008,DRH,DIAMONDROCK HOSPITALITY CO,2.0,5.0,9.0,12,-0.061083,9.763333,914.749068,2136.831250,698.253000,60.114500,1069.359000,0.395601,0.026665,0.066135,0.055577,1.412148,1.314625,53,5.617170,4.830000,6.190000,0.346135
90680,2009,DRH,DIAMONDROCK HOSPITALITY CO,2.0,5.0,9.0,12,0.067450,6.356667,694.600212,2103.089000,682.228000,44.639750,1033.139500,0.412339,0.026972,0.060209,0.056687,1.736895,1.916891,52,4.573846,4.270000,5.060000,0.176459
90680,2010,DRH,DIAMONDROCK HOSPITALITY CO,2.0,5.0,9.0,12,0.034525,9.681667,1408.388303,2251.133500,585.792500,-7.320250,1242.243750,0.353583,0.086241,0.034150,0.016168,0.894557,1.922861,52,4.095577,3.570000,4.520000,0.275385
90680,2011,DRH,DIAMONDROCK HOSPITALITY CO,2.0,5.0,9.0,12,-0.007908,10.145833,1696.637300,2546.977750,610.405750,-13.557250,1471.105250,0.330484,0.060025,0.033396,-0.007716,0.898228,1.948949,52,3.684231,3.210000,4.290000,0.348027
90680,2012,DRH,DIAMONDROCK HOSPITALITY CO,2.0,5.0,9.0,12,-0.001217,9.707500,1754.572442,2720.717000,641.192500,-5.876750,1496.779500,0.359869,0.048879,0.036225,-0.005685,0.854719,1.930962,52,2.934423,2.630000,3.300000,0.206059
90680,2013,DRH,DIAMONDROCK HOSPITALITY CO,2.0,5.0,9.0,12,0.024750,10.050833,1964.999550,2984.575250,776.863000,-14.931000,1686.248500,0.347450,0.039892,0.036468,-0.007839,0.865436,1.935331,52,3.100769,2.560000,3.600000,0.354538
90680,2014,DRH,DIAMONDROCK HOSPITALITY CO,2.0,5.0,9.0,12,0.025492,12.989167,2542.473542,3038.390750,831.924750,40.060250,1679.820500,0.359212,0.075635,0.048143,0.012951,0.664885,1.631054,53,3.286038,3.080000,3.560000,0.110058
90680,2015,DRH,DIAMONDROCK HOSPITALITY CO,2.0,5.0,9.0,12,-0.031100,12.546667,2513.136175,3164.489750,884.105750,145.709000,1811.387750,0.339402,0.057752,0.059705,0.064271,0.732365,1.426940,52,3.087500,2.920000,3.250000,0.101109
90680,2016,DRH,DIAMONDROCK HOSPITALITY CO,2.0,5.0,9.0,12,0.024317,9.581667,1924.495208,3185.832250,932.571250,103.014750,1845.650250,0.327862,0.055397,0.070239,0.064596,0.966969,1.318608,52,2.930769,2.720000,3.550000,0.213200
90680,2017,DRH,DIAMONDROCK HOSPITALITY CO,2.0,5.0,9.0,12,0.002517,11.108333,2225.937817,3078.417500,892.505500,109.404500,1854.964250,0.300896,0.075144,0.069357,0.056012,0.833677,1.174532,52,3.272500,3.080000,3.500000,0.105865
90680,2018,DRH,DIAMONDROCK HOSPITALITY CO,2.0,5.0,9.0,12,-0.012150,11.180000,2275.922500,3116.244250,863.005750,87.239500,1858.458250,0.300928,0.057477,0.065701,0.055270,0.823675,1.327448,52,4.000192,3.380000,4.360000,0.207860
90680,2019,DRH,DIAMONDROCK HOSPITALITY CO,2.0,5.0,9.0,12,0.023717,10.328333,2081.478575,3228.061750,876.810250,90.519750,1866.706000,0.326875,0.037078,0.066892,0.048074,0.898172,1.311318,52,3.391731,3.000000,3.990000,0.299344
90680,2020,DRH,DIAMONDROCK HOSPITALITY CO,2.0,5.0,9.0,12,0.001408,6.443333,1286.545120,3437.567250,859.768250,108.784750,1868.661250,0.374564,0.057792,0.048851,0.075392,1.547267,1.528496,53,2.604906,2.170000,3.160000,0.277853
90680,2021,DRH,DIAMONDROCK HOSPITALITY CO,2.0,5.0,9.0,12,0.016242,9.406667,1974.157892,3091.005000,322.449250,-363.708000,1629.099250,0.376445,0.050786,-0.025908,-0.094474,0.830586,1.729685,52,2.271923,2.100000,2.450000,0.093934
90680,2022,DRH,DIAMONDROCK HOSPITALITY CO,2.0,5.0,9.0,12,-0.005600,9.215000,1943.534792,3017.747750,636.000500,-137.384750,1503.398750,0.399628,0.030462,0.007757,-0.170950,0.782299,1.626575,52,4.583846,2.430000,6.380000,1.112739
90680,2023,DRH,DIAMONDROCK HOSPITALITY CO,2.0,5.0,9.0,12,0.015600,8.373333,1755.120108,3250.500500,1010.487000,100.187500,1570.026750,0.412001,0.055095,0.067951,-0.013396,0.897557,1.603199,52,6.111731,5.140000,7.030000,0.497037
90749,2005,COE,COLUMBIA EQUITY TRUST INC,2.0,4.0,13.0,7,0.011050,15.125714,201.734350,9.700286,3.805429,1.594143,6.612000,0.009641,0.162237,0.213573,,0.032730,,52,5.417885,5.100000,5.900000,0.239970
90749,2006,COE,COLUMBIA EQUITY TRUST INC,2.0,4.0,13.0,12,0.018425,16.689167,231.361913,255.168750,15.796500,-1.667250,170.625250,0.232520,0.035662,0.078853,-0.003204,0.742316,,52,6.066346,5.670000,6.440000,0.195629
90749,2007,COE,COLUMBIA EQUITY TRUST INC,2.0,4.0,13.0,2,0.014600,19.440000,269.496735,315.864000,27.951000,-3.958000,162.876000,0.405991,0.032577,0.046808,-0.003204,0.604381,0.526257,52,6.025192,5.650000,6.430000,0.193528
90755,2005,FSP,FRANKLIN STREET PROPERTIES CORP,2.0,2.0,11.0,7,0.015767,18.804286,1106.633433,638.937857,82.998714,36.931286,564.712286,0.101205,0.080535,0.088249,,0.511417,,52,5.417885,5.100000,5.900000,0.239970
90755,2006,FSP,FRANKLIN STREET PROPERTIES CORP,2.0,2.0,11.0,12,0.006125,20.360000,1311.193408,761.548250,91.139250,36.788000,723.051750,0.029923,0.076729,0.094105,0.113540,0.550273,,52,6.066346,5.670000,6.440000,0.195629
90755,2007,FSP,FRANKLIN STREET PROPERTIES CORP,2.0,2.0,11.0,12,-0.020817,17.510833,1238.041142,1002.118750,115.894750,40.696500,914.107500,0.058728,0.079430,0.072493,0.117494,0.745510,0.507151,52,6.025192,5.650000,6.430000,0.193528
90755,2008,FSP,FRANKLIN STREET PROPERTIES CORP,2.0,2.0,11.0,12,0.009775,13.387500,943.564392,1006.119500,127.702000,35.886750,883.672250,0.095343,0.041712,0.067358,0.090142,0.941790,0.409740,53,5.617170,4.830000,6.190000,0.346135
90755,2009,FSP,FRANKLIN STREET PROPERTIES CORP,2.0,2.0,11.0,12,0.013308,12.647500,927.185118,1026.624250,124.663250,31.399000,846.722750,0.143988,0.028659,0.065304,0.050537,0.925901,0.429715,52,4.573846,4.270000,5.060000,0.176459
90755,2010,FSP,FRANKLIN STREET PROPERTIES CORP,2.0,2.0,11.0,12,0.006517,12.971667,1033.947409,1160.189000,126.351750,25.336750,931.970500,0.168447,0.021328,0.054908,0.033031,0.906310,0.586560,52,4.095577,3.570000,4.520000,0.275385
90755,2011,FSP,FRANKLIN STREET PROPERTIES CORP,2.0,2.0,11.0,12,-0.021875,12.945833,1054.878641,1274.649500,124.328500,17.916500,922.334000,0.248604,0.032942,0.044406,0.026375,0.886561,0.650453,52,3.684231,3.210000,4.290000,0.348027
90755,2012,FSP,FRANKLIN STREET PROPERTIES CORP,2.0,2.0,11.0,12,0.024675,10.778333,893.922631,1405.834000,144.358000,19.242500,916.434250,0.321541,0.021809,0.043851,0.037545,1.030005,0.684055,52,2.934423,2.630000,3.300000,0.206059
90755,2013,FSP,FRANKLIN STREET PROPERTIES CORP,2.0,2.0,11.0,12,0.004108,13.308333,1246.873250,1536.466500,167.352750,21.890500,918.555500,0.375051,0.014655,0.045501,0.024832,0.738985,0.758738,52,3.100769,2.560000,3.600000,0.354538
90755,2014,FSP,FRANKLIN STREET PROPERTIES CORP,2.0,2.0,11.0,12,0.008125,12.181667,1220.444658,2033.733750,220.616250,17.086750,1038.615250,0.458664,0.010597,0.045864,0.014691,0.851621,1.051624,53,3.286038,3.080000,3.560000,0.110058
90755,2015,FSP,FRANKLIN STREET PROPERTIES CORP,2.0,2.0,11.0,12,-0.007575,11.435833,1145.721850,1933.305000,246.196750,17.689750,975.473000,0.461993,0.007213,0.054101,0.015696,0.855936,0.851729,52,3.087500,2.920000,3.250000,0.101109
90755,2016,FSP,FRANKLIN STREET PROPERTIES CORP,2.0,2.0,11.0,12,0.026175,11.604167,1197.200569,1901.137500,242.663500,26.685000,919.504250,0.478794,0.007766,0.051010,0.027422,0.781691,0.730566,52,2.930769,2.720000,3.550000,0.213200
90755,2017,FSP,FRANKLIN STREET PROPERTIES CORP,2.0,2.0,11.0,12,-0.009042,11.210833,1202.148875,2037.357750,254.014750,7.997500,945.214750,0.497688,0.005617,0.047945,0.020672,0.790305,0.696647,52,3.272500,3.080000,3.500000,0.105865
90755,2018,FSP,FRANKLIN STREET PROPERTIES CORP,2.0,2.0,11.0,12,-0.035133,8.081667,866.605204,1996.979750,268.202750,-11.291250,867.995750,0.529857,0.005924,0.047934,-0.007046,1.014130,0.845777,52,4.000192,3.380000,4.360000,0.207860
90755,2019,FSP,FRANKLIN STREET PROPERTIES CORP,2.0,2.0,11.0,12,0.033692,7.857500,842.567597,1885.312000,274.070250,10.420250,827.885500,0.522430,0.005783,0.041804,0.001477,0.989171,1.166855,52,3.391731,3.000000,3.990000,0.299344
90755,2020,FSP,FRANKLIN STREET PROPERTIES CORP,2.0,2.0,11.0,12,-0.043508,5.240000,562.170216,1842.216500,266.092500,5.045750,769.842500,0.532957,0.006795,0.043666,0.011304,1.421318,0.950910,53,2.604906,2.170000,3.160000,0.277853
90755,2021,FSP,FRANKLIN STREET PROPERTIES CORP,2.0,2.0,11.0,12,0.041850,5.089167,544.633871,1755.813250,247.332000,26.028500,756.956250,0.515456,0.005587,0.036553,0.028200,1.401928,0.824224,52,2.271923,2.100000,2.450000,0.093934
90755,2022,FSP,FRANKLIN STREET PROPERTIES CORP,2.0,2.0,11.0,12,-0.055433,4.070000,421.956366,1384.885250,202.565750,77.270250,765.548500,0.394628,0.012017,0.021628,0.086749,1.993037,0.711660,52,4.583846,2.430000,6.380000,1.112739
90755,2023,FSP,FRANKLIN STREET PROPERTIES CORP,2.0,2.0,11.0,12,0.019350,1.944167,200.878224,1229.181750,162.647250,24.912500,767.421500,0.333943,0.007159,0.017115,0.050156,4.117713,0.794279,52,6.111731,5.140000,7.030000,0.497037
90790,2005,MPW,MEDICAL PROPERTIES TRUST INC,2.0,3.0,6.0,6,-0.004540,9.861667,390.074322,330.024000,22.248500,11.355000,232.577000,0.223278,0.177204,0.032362,,0.598886,,52,5.417885,5.100000,5.900000,0.239970
90790,2006,MPW,MEDICAL PROPERTIES TRUST INC,2.0,3.0,6.0,12,0.046408,12.247500,489.605801,481.483500,35.599500,21.301000,356.445500,0.162305,0.091600,0.058657,0.055126,0.745568,,52,6.066346,5.670000,6.440000,0.195629
90790,2007,MPW,MEDICAL PROPERTIES TRUST INC,2.0,3.0,6.0,12,-0.022800,13.325833,647.844958,750.358250,54.034500,28.409000,413.047500,0.379099,0.014343,0.050012,0.074154,0.652951,0.247123,52,6.025192,5.650000,6.430000,0.193528
90790,2008,MPW,MEDICAL PROPERTIES TRUST INC,2.0,3.0,6.0,12,-0.019350,10.318333,651.999853,1086.435750,90.396750,33.251000,566.383250,0.423576,0.058175,0.042638,0.083444,0.929132,0.603529,53,5.617170,4.830000,6.190000,0.346135
90790,2009,MPW,MEDICAL PROPERTIES TRUST INC,2.0,3.0,6.0,12,0.067500,6.621667,529.546847,1305.214500,118.657000,26.193250,655.025000,0.453827,0.007752,0.051987,0.066022,1.368244,1.336476,52,4.573846,4.270000,5.060000,0.176459
90790,2010,MPW,MEDICAL PROPERTIES TRUST INC,2.0,3.0,6.0,12,0.014325,10.186667,1049.472549,1322.073250,122.106250,25.327500,734.079250,0.397120,0.029519,0.045209,0.054801,0.706115,1.311462,52,4.095577,3.570000,4.520000,0.275385
90790,2011,MPW,MEDICAL PROPERTIES TRUST INC,2.0,3.0,6.0,12,0.001350,10.950833,1220.164700,1459.657750,125.205250,20.240000,891.185250,0.325644,0.072934,0.045022,0.037405,0.737211,1.308787,52,3.684231,3.210000,4.290000,0.348027
90790,2012,MPW,MEDICAL PROPERTIES TRUST INC,2.0,3.0,6.0,12,0.024217,10.286667,1371.003225,1826.139250,144.637750,20.230500,932.177250,0.428282,0.064844,0.045267,0.029291,0.680837,1.286966,52,2.934423,2.630000,3.300000,0.206059
90790,2013,MPW,MEDICAL PROPERTIES TRUST INC,2.0,3.0,6.0,12,0.011158,13.837500,2109.022217,2204.739250,206.461000,79.084000,1131.845750,0.440432,0.019855,0.047367,0.063294,0.541914,1.346702,52,3.100769,2.560000,3.600000,0.354538
90790,2014,MPW,MEDICAL PROPERTIES TRUST INC,2.0,3.0,6.0,12,0.016900,13.370833,2277.590692,2921.089250,255.372250,75.934500,1386.678000,0.478530,0.024736,0.046481,0.077771,0.609904,0.958299,53,3.286038,3.080000,3.560000,0.110058
90790,2015,MPW,MEDICAL PROPERTIES TRUST INC,2.0,3.0,6.0,12,-0.007158,13.093333,2848.265133,3741.412500,329.100000,70.080500,1595.182750,0.531547,0.025029,0.043175,0.051389,0.564643,0.891897,52,3.087500,2.920000,3.250000,0.101109
90790,2016,MPW,MEDICAL PROPERTIES TRUST INC,2.0,3.0,6.0,12,0.013808,13.555833,3593.162283,5517.750500,455.816250,147.620250,2125.810750,0.580832,0.041365,0.040323,0.053967,0.608272,0.894800,52,2.930769,2.720000,3.550000,0.213200
90790,2017,MPW,MEDICAL PROPERTIES TRUST INC,2.0,3.0,6.0,12,0.015800,13.160000,4649.397442,6655.610000,558.914000,238.792250,3368.380500,0.455977,0.072693,0.039482,0.068082,0.725135,0.736708,52,3.272500,3.080000,3.500000,0.105865
90790,2018,MPW,MEDICAL PROPERTIES TRUST INC,2.0,3.0,6.0,12,0.020650,14.275833,5214.420258,8983.998000,735.919000,303.420250,3829.280250,0.542450,0.018013,0.041114,0.073112,0.741440,0.611352,52,4.000192,3.380000,4.360000,0.207860
90790,2019,MPW,MEDICAL PROPERTIES TRUST INC,2.0,3.0,6.0,12,0.028458,18.822500,8112.480200,9243.205750,786.537500,999.628500,4701.647250,0.463092,0.081924,0.048376,0.162031,0.593590,0.565330,52,3.391731,3.000000,3.990000,0.299344
90790,2020,MPW,MEDICAL PROPERTIES TRUST INC,2.0,3.0,6.0,12,0.010742,19.161667,10103.145625,14401.410250,933.139000,371.987750,6762.790250,0.498908,0.049201,0.036025,0.124261,0.675245,0.538907,53,2.604906,2.170000,3.160000,0.277853
90790,2021,MPW,MEDICAL PROPERTIES TRUST INC,2.0,3.0,6.0,12,0.012242,21.260833,12461.153417,17659.814750,1308.955500,479.058250,7718.223000,0.526177,0.030764,0.037119,0.056509,0.620227,0.458322,52,2.271923,2.100000,2.450000,0.093934
90790,2022,MPW,MEDICAL PROPERTIES TRUST INC,2.0,3.0,6.0,12,-0.048442,16.325000,9775.474967,19948.176000,1583.956000,884.565000,8641.702250,0.528740,0.016611,0.039567,0.069837,0.940931,0.576883,52,4.583846,2.430000,6.380000,1.112739
90790,2023,MPW,MEDICAL PROPERTIES TRUST INC,2.0,3.0,6.0,12,-0.044575,7.920833,4739.168117,19388.986750,1570.392500,631.997500,8545.028000,0.522378,0.015250,0.036546,0.093659,1.986284,0.845053,52,6.111731,5.140000,7.030000,0.497037
90921,2005,CSA,COGDELL SPENCER INC,2.0,3.0,6.0,3,-0.004450,16.976667,130.720337,177.874000,45.179000,5.286000,,1.205342,0.092566,0.090475,,,,52,5.417885,5.100000,5.900000,0.239970
90921,2006,CSA,COGDELL SPENCER INC,2.0,3.0,6.0,12,0.028208,20.065833,159.493414,308.673500,47.252250,-2.473750,73.460000,0.740961,0.034212,0.051533,-0.022633,0.457638,,52,6.066346,5.670000,6.440000,0.195629
90921,2007,CSA,COGDELL SPENCER INC,2.0,3.0,6.0,12,-0.016558,19.212500,214.110563,408.691000,56.925000,-9.891750,95.689000,0.585692,0.010074,0.040613,-0.098355,0.460022,1.418482,52,6.025192,5.650000,6.430000,0.193528
90921,2008,CSA,COGDELL SPENCER INC,2.0,3.0,6.0,12,-0.025492,15.208333,233.128902,696.322000,101.648750,-6.805750,166.214500,0.556634,0.021494,0.030580,-0.095672,0.760431,1.143610,53,5.617170,4.830000,6.190000,0.346135
90921,2009,CSA,COGDELL SPENCER INC,2.0,3.0,6.0,12,-0.013308,5.276667,167.120179,821.066750,319.128250,-40.149000,209.420000,0.529553,0.038630,0.038992,-0.040790,1.396320,1.072274,52,4.573846,4.270000,5.060000,0.176459
90921,2010,CSA,COGDELL SPENCER INC,2.0,3.0,6.0,12,0.011717,6.640000,314.378875,750.410000,231.322500,-34.953250,226.153250,0.539935,0.042856,0.058364,-0.211300,0.724119,0.967946,52,4.095577,3.570000,4.520000,0.275385
90921,2011,CSA,COGDELL SPENCER INC,2.0,3.0,6.0,12,-0.012700,5.206667,265.675365,682.948000,175.706500,-80.308750,148.228750,0.574912,0.033341,0.021004,-0.617735,0.557281,0.969288,52,3.684231,3.210000,4.290000,0.348027
90921,2012,CSA,COGDELL SPENCER INC,2.0,3.0,6.0,3,-0.000767,4.240000,217.101783,709.784000,177.602000,-98.571000,101.284000,0.611811,0.026748,0.034572,-0.815828,0.466528,0.960023,52,2.934423,2.630000,3.300000,0.206059
90997,2005,NKT,NEWKIRK REALTY TRUST INC,2.0,4.0,13.0,2,0.020700,15.475000,299.828125,1178.120000,208.142000,76.822000,209.116000,0.716839,0.021497,0.124837,,0.697455,,52,5.417885,5.100000,5.900000,0.239970
90997,2006,NKT,NEWKIRK REALTY TRUST INC,2.0,4.0,13.0,12,0.021825,17.080833,330.941149,1329.655500,208.157000,35.331500,183.743750,0.614849,0.084106,0.110213,0.252896,0.556457,,52,6.066346,5.670000,6.440000,0.195629
91058,2005,RPB,REPUBLIC PROPERTY TRUST,2.0,4.0,13.0,1,,12.000000,300.408000,314.094000,31.180000,-2.426000,52.614000,0.815839,0.031927,0.033748,,0.175142,,52,5.417885,5.100000,5.900000,0.239970
91058,2006,RPB,REPUBLIC PROPERTY TRUST,2.0,4.0,13.0,12,0.003517,11.230833,295.214909,472.922500,40.656750,-14.847000,165.070000,0.558967,0.051052,0.003298,-0.100476,0.572120,,52,6.066346,5.670000,6.440000,0.195629
91058,2007,RPB,REPUBLIC PROPERTY TRUST,2.0,4.0,13.0,9,0.031733,12.616667,329.109144,618.395333,65.120000,-9.553000,187.479333,0.598298,0.021464,0.025299,-0.067364,0.576835,-0.154020,52,6.025192,5.650000,6.430000,0.193528
91519,2006,DEI,DOUGLAS EMMETT INC,2.0,2.0,11.0,3,0.059150,25.580000,2929.767333,3056.568000,393.788000,-16.520000,,0.754277,0.032881,0.044002,,,,52,6.066346,5.670000,6.440000,0.195629
91519,2007,DEI,DOUGLAS EMMETT INC,2.0,2.0,11.0,12,-0.009717,25.243333,2850.505417,5409.597750,468.466000,-38.251500,2086.944667,0.532758,0.013012,0.029027,-0.017499,0.755763,,52,6.025192,5.650000,6.430000,0.193528
91519,2008,DEI,DOUGLAS EMMETT INC,2.0,2.0,11.0,12,-0.025942,20.410000,2451.364192,6471.013250,543.442000,-20.508000,1908.670250,0.521529,0.001072,0.025157,-0.011438,0.842081,1.246038,53,5.617170,4.830000,6.190000,0.346135
91519,2009,DEI,DOUGLAS EMMETT INC,2.0,2.0,11.0,12,0.022892,10.532500,1280.468219,6454.139500,609.135500,-27.020250,1824.865250,0.541075,0.003817,0.028038,-0.012161,1.494492,1.443984,52,4.573846,4.270000,5.060000,0.176459
91519,2010,DEI,DOUGLAS EMMETT INC,2.0,2.0,11.0,12,0.017117,15.867500,1942.548117,6075.190250,564.278000,-30.016250,1794.127250,0.545059,0.010881,0.029358,-0.015374,0.930135,1.360059,52,4.095577,3.570000,4.520000,0.275385
91519,2011,DEI,DOUGLAS EMMETT INC,2.0,2.0,11.0,12,0.012683,19.045000,2392.328158,6279.406000,567.783000,-22.375250,1825.134250,0.584339,0.048321,0.030940,-0.014724,0.765070,1.299019,52,3.684231,3.210000,4.290000,0.348027
91519,2012,DEI,DOUGLAS EMMETT INC,2.0,2.0,11.0,12,0.024558,22.713333,3155.688158,6097.029750,575.032250,5.037250,1918.429750,0.563865,0.044080,0.034360,-0.005572,0.609132,1.280326,52,2.934423,2.630000,3.300000,0.206059
91519,2013,DEI,DOUGLAS EMMETT INC,2.0,2.0,11.0,12,0.003500,24.345833,3467.381033,6057.436500,582.649750,27.428250,1987.709000,0.560641,0.050602,0.035808,0.007084,0.574368,1.250014,52,3.100769,2.560000,3.600000,0.354538
91519,2014,DEI,DOUGLAS EMMETT INC,2.0,2.0,11.0,12,0.020317,27.567500,3966.471808,5855.425250,604.704000,44.972750,1970.676000,0.556435,0.009225,0.041548,0.018243,0.497707,0.943496,53,3.286038,3.080000,3.560000,0.110058
91519,2015,DEI,DOUGLAS EMMETT INC,2.0,2.0,11.0,12,0.011383,29.195833,4261.212283,5941.695750,626.106750,46.991250,1947.537000,0.576362,0.005141,0.041958,0.022975,0.457938,0.812932,52,3.087500,2.920000,3.250000,0.101109
91519,2016,DEI,DOUGLAS EMMETT INC,2.0,2.0,11.0,12,0.017217,34.197500,5101.187225,6639.986000,666.746250,57.157500,1891.775250,0.595657,0.009775,0.042311,0.027247,0.376445,0.788665,52,2.930769,2.720000,3.550000,0.213200
91519,2017,DEI,DOUGLAS EMMETT INC,2.0,2.0,11.0,12,0.012050,39.018333,6190.640625,7700.267500,767.321750,86.295500,1951.220000,0.567697,0.018271,0.045421,0.038559,0.315703,0.559132,52,3.272500,3.080000,3.500000,0.105865
91519,2018,DEI,DOUGLAS EMMETT INC,2.0,2.0,11.0,12,-0.012158,37.498333,6368.319792,8261.924250,838.137500,99.422750,2448.510250,0.495417,0.021143,0.048945,0.041123,0.385225,0.616615,52,4.000192,3.380000,4.360000,0.207860
91519,2019,DEI,DOUGLAS EMMETT INC,2.0,2.0,11.0,12,0.023825,41.275833,7117.219683,8375.777000,903.693250,117.879250,2429.065250,0.498866,0.022914,0.052312,0.044332,0.342463,0.650490,52,3.391731,3.000000,3.990000,0.299344
91519,2020,DEI,DOUGLAS EMMETT INC,2.0,2.0,11.0,12,-0.024258,30.550833,5357.756750,9113.656750,956.619750,291.609250,2546.420250,0.497119,0.018894,0.052121,0.098364,0.486175,0.659510,53,2.604906,2.170000,3.160000,0.277853
91519,2021,DEI,DOUGLAS EMMETT INC,2.0,2.0,11.0,12,0.016167,32.559167,5713.021375,9290.822250,886.554250,111.517500,2439.079750,0.517745,0.023922,0.045330,0.067947,0.428259,0.763149,52,2.271923,2.100000,2.450000,0.093934
91519,2022,DEI,DOUGLAS EMMETT INC,2.0,2.0,11.0,12,-0.054167,24.010833,4219.587425,9470.948250,927.943500,73.859500,2468.372250,0.535073,0.034902,0.047282,0.024378,0.629807,0.805427,52,4.583846,2.430000,6.380000,1.112739
91519,2023,DEI,DOUGLAS EMMETT INC,2.0,2.0,11.0,12,0.005042,13.276667,2266.050333,9711.438750,1001.604250,84.422000,2507.183750,0.537650,0.028714,0.050765,0.033371,1.120493,0.885015,52,6.111731,5.140000,7.030000,0.497037
91635,2006,DCT,D C T INDUSTRIAL TRUST INC,2.0,4.0,8.0,1,,11.800000,1986.589000,2804.639000,172.055000,-13.012000,1245.035000,0.512219,0.018504,0.031264,,0.626720,,52,6.066346,5.670000,6.440000,0.195629
91635,2007,DCT,D C T INDUSTRIAL TRUST INC,2.0,4.0,8.0,12,-0.013550,10.718333,1804.904000,2813.369250,228.910250,-122.483500,1215.349250,0.456894,0.017108,0.037481,-0.128599,0.676738,,52,6.025192,5.650000,6.430000,0.193528
91635,2008,DCT,D C T INDUSTRIAL TRUST INC,2.0,4.0,8.0,12,-0.034842,7.859167,1342.682628,2751.736750,255.887000,-16.150250,1161.980250,0.420794,0.012278,0.053994,-0.033458,0.929326,0.786618,53,5.617170,4.830000,6.190000,0.346135
91635,2009,DCT,D C T INDUSTRIAL TRUST INC,2.0,4.0,8.0,12,0.019517,4.330833,840.526633,2716.565250,253.617250,-5.267000,1155.970000,0.437675,0.018102,0.045188,0.019316,1.453119,1.227629,52,4.573846,4.270000,5.060000,0.176459
91635,2010,DCT,D C T INDUSTRIAL TRUST INC,2.0,4.0,8.0,12,0.010567,4.923333,1036.759677,2650.974000,244.135000,-28.941500,1206.195250,0.430157,0.005362,0.039851,-0.005375,1.167149,1.232997,52,4.095577,3.570000,4.520000,0.275385
91635,2011,DCT,D C T INDUSTRIAL TRUST INC,2.0,4.0,8.0,12,0.004392,5.218333,1269.411150,2710.220000,230.308750,-35.864750,1227.471000,0.433881,0.004613,0.035238,-0.024809,0.976223,1.198172,52,3.684231,3.210000,4.290000,0.348027
91635,2012,DCT,D C T INDUSTRIAL TRUST INC,2.0,4.0,8.0,12,0.024275,6.113333,1557.568567,2803.302500,236.725750,-33.407000,1200.560750,0.458818,0.003784,0.036914,-0.025372,0.777068,1.176299,52,2.934423,2.630000,3.300000,0.206059
91635,2013,DCT,D C T INDUSTRIAL TRUST INC,2.0,4.0,8.0,12,0.012933,7.317500,2170.913125,3027.870750,254.421000,-21.915250,1333.428000,0.470696,0.008298,0.039773,-0.015331,0.615726,1.229109,52,3.100769,2.560000,3.600000,0.354538
91635,2014,DCT,D C T INDUSTRIAL TRUST INC,2.0,4.0,8.0,12,0.023058,12.383333,2670.717333,3277.137000,300.931000,-6.294750,1557.768000,0.443275,0.009017,0.048212,0.001267,0.586601,1.017936,53,3.286038,3.080000,3.560000,0.110058
91635,2015,DCT,D C T INDUSTRIAL TRUST INC,2.0,4.0,8.0,12,0.008325,34.906667,3081.631133,3482.525250,344.874000,54.112500,1716.512250,0.424285,0.006893,0.050971,0.020673,0.559771,0.883879,52,3.087500,2.920000,3.250000,0.101109
91635,2016,DCT,D C T INDUSTRIAL TRUST INC,2.0,4.0,8.0,12,0.024317,44.254167,3971.090608,3645.779250,366.006750,96.388500,1765.628250,0.428709,0.015405,0.054990,0.043021,0.450896,0.803002,52,2.930769,2.720000,3.550000,0.213200
91635,2017,DCT,D C T INDUSTRIAL TRUST INC,2.0,4.0,8.0,12,0.019892,53.909167,4985.718083,3806.025000,402.587250,92.112500,1871.707750,0.424865,0.006302,0.060411,0.051520,0.378759,0.636011,52,3.272500,3.080000,3.500000,0.105865
91635,2018,DCT,D C T INDUSTRIAL TRUST INC,2.0,4.0,8.0,7,0.022257,62.168571,5840.126329,3991.980857,428.485857,107.719286,1944.461286,0.429675,0.010512,0.061467,0.050850,0.334758,0.594797,52,4.000192,3.380000,4.360000,0.207860
91801,2013,CORR,CORENERGY INFRASTRUCTURE TR INC,2.0,1.0,1.0,12,0.013445,7.127500,172.112524,200.309583,10.276167,12.148667,144.396250,0.123073,0.345298,0.078016,0.094051,0.840898,0.517798,52,3.100769,2.560000,3.600000,0.354538
91801,2014,TTO,TORTOISE CAPITAL RESOURCES CORP,2.0,1.0,1.0,12,-0.000692,7.140667,240.164356,306.923500,27.783000,7.043750,203.925750,0.228656,0.064343,0.052927,0.061593,0.851522,0.629338,53,3.286038,3.080000,3.560000,0.110058
91801,2015,TTO,TORTOISE CAPITAL RESOURCES CORP,2.0,1.0,1.0,12,-0.044075,6.727500,305.645864,481.624500,44.360250,8.691000,305.155250,0.222884,0.027372,0.041789,0.023766,1.048843,0.563834,52,3.087500,2.920000,3.250000,0.101109
91801,2016,TTO,TORTOISE CAPITAL RESOURCES CORP,2.0,1.0,1.0,12,0.096767,25.514167,303.725771,674.138500,76.264250,12.263000,359.190250,0.316064,0.019378,0.066936,0.029278,1.287346,1.064838,52,2.930769,2.720000,3.550000,0.213200
91801,2017,TTO,TORTOISE CAPITAL RESOURCES CORP,2.0,1.0,1.0,12,0.016025,35.345000,420.480301,657.187000,89.987000,30.697250,348.437000,0.287422,0.025149,0.078852,0.063597,0.830105,1.734660,52,3.272500,3.080000,3.500000,0.105865
91801,2018,TTO,TORTOISE CAPITAL RESOURCES CORP,2.0,1.0,1.0,12,-0.004425,36.880833,439.967992,633.786000,89.304750,32.657500,330.580750,0.231258,0.024782,0.085051,0.092612,0.752325,1.887300,52,4.000192,3.380000,4.360000,0.207860
91801,2019,TTO,TORTOISE CAPITAL RESOURCES CORP,2.0,1.0,1.0,12,0.032642,41.248333,537.012828,613.346500,89.322250,38.859500,337.268750,0.207856,0.084600,0.085524,0.118340,0.637656,1.451498,52,3.391731,3.000000,3.990000,0.299344
91801,2020,TTO,TORTOISE CAPITAL RESOURCES CORP,2.0,1.0,1.0,12,-0.116392,14.265833,194.312558,519.772500,84.130000,-113.017750,228.890250,0.293712,0.250388,0.116080,0.062057,1.398106,1.152432,53,2.604906,2.170000,3.160000,0.277853
91801,2021,TTO,TORTOISE CAPITAL RESOURCES CORP,2.0,1.0,1.0,12,-0.050383,5.734167,80.894776,395.234250,52.168000,-193.614500,17.288250,0.423471,0.195580,0.027724,-7.394212,0.199803,1.002910,52,2.271923,2.100000,2.450000,0.093934
91801,2022,TTO,TORTOISE CAPITAL RESOURCES CORP,2.0,1.0,1.0,12,0.015083,2.601667,39.018805,508.566250,126.046000,-3.432000,11.813000,0.433114,0.028823,0.044021,-5.887707,0.309687,0.932789,52,4.583846,2.430000,6.380000,1.112739
91801,2023,TTO,TORTOISE CAPITAL RESOURCES CORP,2.0,1.0,1.0,7,-0.070457,1.337143,20.403186,491.483429,133.237571,-14.286143,11.161000,0.453327,0.036979,0.058999,-0.198226,0.462188,1.148156,52,6.111731,5.140000,7.030000,0.497037
92331,2007,DFT,DUPONT FABROS TECHNOLOGY INC,2.0,4.0,1.0,3,-0.036900,19.943333,674.815147,125.409000,23.236000,1.376000,,1.002767,0.124919,0.037430,,,,52,6.025192,5.650000,6.430000,0.193528
92331,2008,DFT,DUPONT FABROS TECHNOLOGY INC,2.0,4.0,1.0,12,-0.121458,13.916667,493.547502,1332.786500,81.212000,-71.957250,476.243000,0.306601,0.012581,-0.000141,-0.181008,1.997655,,53,5.617170,4.830000,6.190000,0.346135
92331,2009,DFT,DUPONT FABROS TECHNOLOGY INC,2.0,4.0,1.0,12,0.213708,10.793333,443.325147,1830.384000,174.626500,-9.256250,593.996750,0.357011,0.025226,0.030450,-0.055261,1.658698,1.665183,52,4.573846,4.270000,5.060000,0.176459
92331,2010,DFT,DUPONT FABROS TECHNOLOGY INC,2.0,4.0,1.0,12,0.019017,22.845000,1241.525108,2068.254000,207.014500,5.929000,653.496000,0.411012,0.054769,0.031734,0.016088,0.564138,1.487205,52,4.095577,3.570000,4.520000,0.275385
92331,2011,DFT,DUPONT FABROS TECHNOLOGY INC,2.0,4.0,1.0,12,0.015267,23.605000,1451.007592,2441.495500,248.942250,34.577250,851.580250,0.306987,0.090061,0.035196,0.021045,0.589558,1.312911,52,3.684231,3.210000,4.290000,0.348027
92331,2012,DFT,DUPONT FABROS TECHNOLOGY INC,2.0,4.0,1.0,12,0.005642,25.205833,1592.327217,2508.286750,293.714500,61.702000,914.359250,0.278771,0.014183,0.050189,0.055329,0.577244,1.235927,52,2.934423,2.630000,3.300000,0.206059
92331,2013,DFT,DUPONT FABROS TECHNOLOGY INC,2.0,4.0,1.0,12,0.006442,24.090833,1567.156792,2526.151500,336.622000,55.751500,923.149000,0.281908,0.006959,0.055217,0.063200,0.589857,0.972319,52,3.100769,2.560000,3.600000,0.354538
92331,2014,DFT,DUPONT FABROS TECHNOLOGY INC,2.0,4.0,1.0,12,0.030967,27.732500,1823.683392,2740.787500,381.657500,55.575750,891.288250,0.343367,0.033188,0.071271,0.055473,0.494349,0.512207,53,3.286038,3.080000,3.560000,0.110058
92331,2015,DFT,DUPONT FABROS TECHNOLOGY INC,2.0,4.0,1.0,12,0.006117,31.147500,2043.504258,2858.172250,421.138750,101.653750,780.057750,0.377139,0.014696,0.084979,0.103231,0.383465,0.411779,52,3.087500,2.920000,3.250000,0.101109
92331,2016,DFT,DUPONT FABROS TECHNOLOGY INC,2.0,4.0,1.0,12,0.033600,41.325000,3057.953908,2972.106750,462.554500,37.464000,719.972000,0.404982,0.050963,0.086610,0.059590,0.242306,0.536793,52,2.930769,2.720000,3.550000,0.213200
92331,2017,DFT,DUPONT FABROS TECHNOLOGY INC,2.0,4.0,1.0,8,0.052213,55.323750,4297.666775,3045.727000,522.876250,117.737375,777.201375,0.415194,0.016125,0.091929,0.078952,0.183457,0.451124,52,3.272500,3.080000,3.500000,0.105865
92343,2009,NAQ,N R D C ACQUISITION CORP,2.0,9.0,17.0,3,-0.012500,10.276667,489.855550,411.766000,0.000000,0.126000,278.116000,0.000000,0.996265,-0.004337,0.009453,0.574285,0.069186,52,4.573846,4.270000,5.060000,0.176459
92343,2010,ROIC,RETAIL OPPORTUNITY INVST CORP,2.0,9.0,17.0,12,0.000233,9.814167,408.597804,404.516500,1.726250,-8.584250,368.392500,0.000000,0.860956,-0.016462,-0.009782,0.904129,0.059276,52,4.095577,3.570000,4.520000,0.275385
92343,2011,ROIC,RETAIL OPPORTUNITY INVST CORP,2.0,9.0,17.0,12,0.018558,11.096667,471.290302,471.546500,22.206000,1.830500,390.766500,0.095506,0.168575,0.010049,-0.010399,0.834401,0.083672,52,3.684231,3.210000,4.290000,0.348027
92343,2012,ROIC,RETAIL OPPORTUNITY INVST CORP,2.0,9.0,17.0,12,0.010617,12.297658,627.239303,707.523500,55.797000,8.611250,433.236500,0.281914,0.024825,0.025182,0.012076,0.690873,0.082807,52,2.934423,2.630000,3.300000,0.206059
92343,2013,ROIC,RETAIL OPPORTUNITY INVST CORP,2.0,9.0,17.0,12,0.016083,13.942917,947.958681,972.648500,81.233000,8.292000,550.484500,0.343543,0.013507,0.026936,0.018800,0.583386,0.086393,52,3.100769,2.560000,3.600000,0.354538
92343,2014,ROIC,RETAIL OPPORTUNITY INVST CORP,2.0,9.0,17.0,12,0.015267,15.580000,1317.254167,1505.455500,119.197500,34.593500,735.832500,0.414474,0.007760,0.029208,0.036222,0.563351,0.155458,53,3.286038,3.080000,3.560000,0.110058
92343,2015,ROIC,RETAIL OPPORTUNITY INVST CORP,2.0,9.0,17.0,12,0.010733,17.115833,1638.380650,1881.917250,160.548250,20.477500,918.208000,0.410940,0.007645,0.036860,0.033658,0.563286,0.189952,52,3.087500,2.920000,3.250000,0.101109
92343,2016,ROIC,RETAIL OPPORTUNITY INVST CORP,2.0,9.0,17.0,12,0.017967,20.627500,2163.625667,2330.415250,198.913500,25.819750,1034.434750,0.437588,0.005182,0.039641,0.022586,0.482060,0.233066,52,2.930769,2.720000,3.550000,0.213200
92343,2017,ROIC,RETAIL OPPORTUNITY INVST CORP,2.0,9.0,17.0,12,-0.000775,20.034167,2201.929425,2705.928750,241.138000,33.301750,1183.606500,0.442713,0.005061,0.043046,0.025671,0.538846,0.390297,52,3.272500,3.080000,3.500000,0.105865
92343,2018,ROIC,RETAIL OPPORTUNITY INVST CORP,2.0,9.0,17.0,12,-0.013583,18.047500,2041.085050,2999.872250,276.511750,38.193500,1187.483250,0.489319,0.004521,0.042679,0.030128,0.583367,0.433456,52,4.000192,3.380000,4.360000,0.207860
92343,2019,ROIC,RETAIL OPPORTUNITY INVST CORP,2.0,9.0,17.0,12,0.013567,17.662083,2028.164992,2995.245250,296.173250,44.158500,1181.343750,0.494941,0.002702,0.043365,0.034297,0.583403,0.601667,52,3.391731,3.000000,3.990000,0.299344
92343,2020,ROIC,RETAIL OPPORTUNITY INVST CORP,2.0,9.0,17.0,12,-0.002225,11.566667,1356.952964,2960.280750,293.239750,47.573000,1168.193000,0.501361,0.019309,0.043504,0.039145,0.894809,1.105648,53,2.604906,2.170000,3.160000,0.277853
92343,2021,ROIC,RETAIL OPPORTUNITY INVST CORP,2.0,9.0,17.0,12,0.036008,17.249167,2075.776800,2871.888500,282.491250,32.992750,1205.876500,0.482334,0.010477,0.039552,0.032825,0.585143,1.382972,52,2.271923,2.100000,2.450000,0.093934
92343,2022,ROIC,RETAIL OPPORTUNITY INVST CORP,2.0,9.0,17.0,12,-0.015950,16.774167,2080.975142,2929.501000,289.646750,54.473000,1281.272000,0.460484,0.011735,0.047165,0.035565,0.623041,1.327104,52,4.583846,2.430000,6.380000,1.112739
92343,2023,ROIC,RETAIL OPPORTUNITY INVST CORP,2.0,9.0,17.0,12,0.001208,13.497500,1697.104675,2996.509750,313.445500,49.303750,1293.787000,0.464349,0.003163,0.049526,0.040804,0.766989,1.302367,52,6.111731,5.140000,7.030000,0.497037
92690,2000,UMHI,UNITED MOBILE HOMES INC,2.0,8.0,10.0,12,0.021725,8.510417,62.390323,59.087000,19.089000,4.755500,22.091250,0.583613,0.021080,0.120414,0.199670,0.356425,-0.006401,52,7.718269,6.790000,8.310000,0.313048
92690,2001,UMHI,UNITED MOBILE HOMES INC,2.0,8.0,10.0,12,0.031033,11.175000,83.068767,65.426500,21.189250,5.279750,24.557250,0.587252,0.008632,0.097679,0.221277,0.296179,-0.016139,52,6.502308,5.940000,6.780000,0.221436
92690,2002,UMHI,UNITED MOBILE HOMES INC,2.0,8.0,10.0,12,0.015033,12.993333,98.467081,81.481250,27.529500,5.841250,28.566250,0.612644,0.024916,0.059916,0.210436,0.290304,-0.031075,52,5.982692,5.320000,6.690000,0.437498
92690,2003,UMHI,UNITED MOBILE HOMES INC,2.0,8.0,10.0,12,0.025283,15.186667,118.471254,87.667500,29.840000,6.384750,30.581000,0.613551,0.017510,0.073593,0.210439,0.259553,0.003007,53,5.170943,4.600000,5.770000,0.273188
92690,2004,UMHI,UNITED MOBILE HOMES INC,2.0,8.0,10.0,12,0.000200,14.910000,126.157161,92.554250,34.111750,8.745250,40.351250,0.531738,0.023105,0.055225,0.212494,0.321752,0.051778,52,5.206154,4.690000,5.720000,0.269023
92690,2005,UMHI,UNITED MOBILE HOMES INC,2.0,8.0,10.0,12,0.006758,15.426667,140.613386,102.543250,34.263750,7.583250,49.355500,0.490208,0.055033,0.044567,0.184638,0.351455,0.137379,52,5.417885,5.100000,5.900000,0.239970
92690,2006,UMHI,UNITED MOBILE HOMES INC,2.0,8.0,10.0,12,0.002983,15.445967,154.839213,113.364750,39.693750,7.022250,55.972250,0.479962,0.032389,0.030594,0.144378,0.361489,0.206592,52,6.066346,5.670000,6.440000,0.195629
92690,2007,UMHI,UNITED MOBILE HOMES INC,2.0,8.0,10.0,12,-0.015192,13.867500,145.102997,117.504500,41.875000,5.176250,57.602750,0.481762,0.012809,0.020486,0.112212,0.400323,0.319168,52,6.025192,5.650000,6.430000,0.193528
92690,2008,UMHI,UNITED MOBILE HOMES INC,2.0,8.0,10.0,12,-0.044958,8.462417,91.754653,136.105250,39.420000,2.569500,52.980500,0.581508,0.014265,0.032593,0.070662,0.600704,0.504700,53,5.617170,4.830000,6.190000,0.346135
92690,2009,UMHI,UNITED MOBILE HOMES INC,2.0,8.0,10.0,12,0.044542,7.332667,83.070459,138.449250,35.647750,1.206250,45.378750,0.645964,0.023216,0.066933,0.040236,0.569413,0.693523,52,4.573846,4.270000,5.060000,0.176459
92690,2010,UMHI,UNITED MOBILE HOMES INC,2.0,8.0,10.0,12,0.026392,9.569167,120.323307,152.748500,36.504750,4.467250,57.911500,0.599169,0.029183,0.066437,0.052673,0.485937,0.802538,52,4.095577,3.570000,4.520000,0.275385
92690,2011,UMHI,UNITED MOBILE HOMES INC,2.0,8.0,10.0,12,0.000117,9.949167,141.569903,191.041000,42.783750,6.518500,71.738000,0.563607,0.033443,0.033211,0.081547,0.507404,0.853442,52,3.684231,3.210000,4.290000,0.348027
92690,2012,UMHI,UNITED MOBILE HOMES INC,2.0,8.0,10.0,12,0.017167,10.782500,172.249367,231.180750,48.136250,4.347250,76.412000,0.481274,0.048561,0.037889,0.068409,0.444529,0.881187,52,2.934423,2.630000,3.300000,0.206059
92690,2013,UMHI,UNITED MOBILE HOMES INC,2.0,8.0,10.0,12,-0.000600,10.171667,185.564062,331.668250,59.765750,7.384500,87.758000,0.461740,0.028350,0.025546,0.066556,0.473322,0.897291,52,3.100769,2.560000,3.600000,0.354538
92690,2014,UMHI,UNITED MOBILE HOMES INC,2.0,8.0,10.0,12,0.007967,9.765833,214.961410,421.385250,71.846500,4.518750,102.161500,0.520030,0.020204,0.029443,0.066744,0.476037,0.917211,53,3.286038,3.080000,3.560000,0.110058
92690,2015,UMHI,UNITED MOBILE HOMES INC,2.0,8.0,10.0,12,0.011417,9.746667,249.310925,485.426000,80.039000,3.420750,115.226750,0.553470,0.015748,0.050786,0.045657,0.463383,0.847742,52,3.087500,2.920000,3.250000,0.101109
92690,2016,UMHI,UNITED MOBILE HOMES INC,2.0,8.0,10.0,12,0.041225,11.345000,313.308897,607.813000,92.164000,3.797250,114.062000,0.566367,0.013137,0.042321,0.026473,0.371980,0.779619,52,2.930769,2.720000,3.550000,0.213200
92690,2017,UMHI,UNITED MOBILE HOMES INC,2.0,8.0,10.0,12,0.003592,15.635000,507.234822,705.371000,111.882500,11.058500,141.590500,0.515948,0.010419,0.045682,0.059748,0.280227,0.651722,52,3.272500,3.080000,3.500000,0.105865
92690,2018,UMHI,UNITED MOBILE HOMES INC,2.0,8.0,10.0,12,-0.011375,14.024167,512.535388,821.454000,118.043750,4.503250,173.227250,0.451625,0.028780,0.048362,0.077362,0.343147,0.641518,52,4.000192,3.380000,4.360000,0.207860
92690,2019,UMHI,UNITED MOBILE HOMES INC,2.0,8.0,10.0,12,0.030358,13.993333,554.071711,890.621500,113.209500,-16.609000,146.843750,0.465252,0.014287,0.043967,-0.126499,0.267206,0.836402,52,3.391731,3.000000,3.990000,0.299344
92690,2020,UMHI,UNITED MOBILE HOMES INC,2.0,8.0,10.0,12,0.006108,13.560000,559.536496,1014.504250,146.375250,1.436250,118.972000,0.437447,0.018893,0.044668,0.003546,0.215976,0.941746,53,2.604906,2.170000,3.160000,0.277853
92690,2021,UMHI,UNITED MOBILE HOMES INC,2.0,8.0,10.0,12,0.058033,21.644167,995.478105,1128.461250,181.040750,23.859000,117.988250,0.477839,0.052296,0.059458,0.113253,0.117366,0.910207,52,2.271923,2.100000,2.450000,0.093934
92690,2022,UMHI,UNITED MOBILE HOMES INC,2.0,8.0,10.0,12,-0.034325,19.905833,1063.689607,1328.411250,214.383000,41.672500,275.277000,0.424806,0.147121,0.043028,0.128943,0.265917,0.978311,52,4.583846,2.430000,6.380000,1.112739
92690,2023,UMHI,UNITED MOBILE HOMES INC,2.0,8.0,10.0,12,0.002733,15.415000,955.625492,1343.926500,195.307250,-2.318250,332.546250,0.555039,0.038308,0.010132,0.067322,0.348932,1.036303,52,6.111731,5.140000,7.030000,0.497037
93251,2010,PDM,PIEDMONT OFFICE REALTY TRUST INC,2.0,4.0,13.0,11,0.027330,18.956364,1500.250305,4413.770000,594.386909,72.380909,2724.989455,0.330172,0.011092,0.062720,,2.098046,,52,4.095577,3.570000,4.520000,0.275385
93251,2011,PDM,PIEDMONT OFFICE REALTY TRUST INC,2.0,4.0,13.0,12,-0.006975,18.860000,3192.566550,4471.635750,553.989000,114.371000,2755.394000,0.337514,0.014028,0.060218,0.043502,0.871888,0.645880,52,3.684231,3.210000,4.290000,0.348027
93251,2012,PDM,PIEDMONT OFFICE REALTY TRUST INC,2.0,4.0,13.0,12,0.009350,17.518333,2992.942200,4428.989500,537.496750,82.685500,2746.127000,0.325513,0.018636,0.055815,0.065486,0.918568,0.656561,52,2.934423,2.630000,3.300000,0.206059
93251,2013,PDM,PIEDMONT OFFICE REALTY TRUST INC,2.0,4.0,13.0,12,-0.002333,18.331667,3041.548642,4400.667250,530.846250,62.848000,2637.977750,0.355073,0.004941,0.052939,0.054432,0.872710,0.656449,52,3.100769,2.560000,3.600000,0.354538
93251,2014,PDM,PIEDMONT OFFICE REALTY TRUST INC,2.0,4.0,13.0,12,0.015775,18.328333,2837.576250,4629.103000,547.421500,63.840750,2427.885250,0.429895,0.002340,0.050886,0.038132,0.858396,0.633394,53,3.286038,3.080000,3.560000,0.110058
93251,2015,PDM,PIEDMONT OFFICE REALTY TRUST INC,2.0,4.0,13.0,12,0.005050,18.295000,2777.335442,4793.741750,572.735500,51.873750,2296.839750,0.477583,0.002367,0.042320,0.027670,0.828432,0.549539,52,3.087500,2.920000,3.250000,0.101109
93251,2016,PDM,PIEDMONT OFFICE REALTY TRUST INC,2.0,4.0,13.0,12,0.013092,20.420000,2964.623408,4456.981250,580.004000,150.791500,2162.862500,0.467063,0.005143,0.048250,0.053782,0.731522,0.565770,52,2.930769,2.720000,3.550000,0.213200
93251,2017,PDM,PIEDMONT OFFICE REALTY TRUST INC,2.0,4.0,13.0,12,0.000708,20.872500,3031.191375,4356.879250,563.627250,113.801500,2106.642250,0.466753,0.002202,0.055867,0.060590,0.696223,0.448299,52,3.272500,3.080000,3.500000,0.105865
93251,2018,PDM,PIEDMONT OFFICE REALTY TRUST INC,2.0,4.0,13.0,12,-0.006883,18.690000,2446.477700,3830.074250,566.176500,167.128000,1921.458750,0.447714,0.004126,0.060278,0.059085,0.786706,0.489987,52,4.000192,3.380000,4.360000,0.207860
93251,2019,PDM,PIEDMONT OFFICE REALTY TRUST INC,2.0,4.0,13.0,12,0.027033,20.832500,2633.374750,3543.782000,529.973500,106.589500,1716.389000,0.467497,0.002080,0.058525,0.072479,0.653153,0.661867,52,3.391731,3.000000,3.990000,0.299344
93251,2020,PDM,PIEDMONT OFFICE REALTY TRUST INC,2.0,4.0,13.0,12,-0.013408,16.787500,2114.354867,3739.804250,538.516000,225.313000,1806.103500,0.461294,0.005053,0.057246,0.105334,0.886980,0.665638,53,2.604906,2.170000,3.160000,0.277853
93251,2021,PDM,PIEDMONT OFFICE REALTY TRUST INC,2.0,4.0,13.0,12,0.015542,17.765000,2206.792900,3747.269250,534.551000,222.352750,1895.257250,0.438110,0.003807,0.051806,0.124145,0.861309,0.854764,52,2.271923,2.100000,2.450000,0.093934
93251,2022,PDM,PIEDMONT OFFICE REALTY TRUST INC,2.0,4.0,13.0,12,-0.049558,13.509167,1667.476083,3771.626750,540.826750,37.251500,1821.918000,0.456241,0.002630,0.061708,0.050752,1.145872,0.843775,52,4.583846,2.430000,6.380000,1.112739
93251,2023,PDM,PIEDMONT OFFICE REALTY TRUST INC,2.0,4.0,13.0,12,-0.003817,7.127500,881.053477,4150.706750,569.808000,86.846250,1814.417250,0.504342,0.012902,0.053654,0.046087,2.132977,0.971470,52,6.111731,5.140000,7.030000,0.497037
93261,2010,TRNO,TERRENO REALTY CORP,2.0,4.0,8.0,11,-0.004210,18.223636,168.737185,,,,,,,,,,,52,4.095577,3.570000,4.520000,0.275385
93261,2011,TRNO,TERRENO REALTY CORP,2.0,4.0,8.0,12,-0.009508,15.782500,146.648747,197.723000,4.095000,-5.390000,163.637000,0.122151,0.187331,-0.011380,-0.032568,1.181458,0.504316,52,3.684231,3.210000,4.290000,0.348027
93261,2012,TRNO,TERRENO REALTY CORP,2.0,4.0,8.0,12,0.005308,14.808333,198.477887,283.927500,15.545500,-3.835250,185.656750,0.309357,0.035220,0.006983,-0.027250,0.932685,0.381179,52,2.934423,2.630000,3.300000,0.206059
93261,2013,TRNO,TERRENO REALTY CORP,2.0,4.0,8.0,12,0.014442,17.984167,386.695931,464.681750,32.232500,-0.866250,252.682500,0.330276,0.021657,0.022076,0.001560,0.659878,0.424469,52,3.100769,2.560000,3.600000,0.354538
93261,2014,TRNO,TERRENO REALTY CORP,2.0,4.0,8.0,12,0.016767,19.344167,600.515069,672.586000,48.719000,3.290000,425.244500,0.272390,0.043771,0.023529,0.017955,0.724592,0.459523,53,3.286038,3.080000,3.560000,0.110058
93261,2015,TRNO,TERRENO REALTY CORP,2.0,4.0,8.0,12,0.012150,21.464167,920.967765,995.897000,73.058750,10.838000,653.594500,0.266450,0.070526,0.030656,0.015962,0.713609,0.455589,52,3.087500,2.920000,3.250000,0.101109
93261,2016,TRNO,TERRENO REALTY CORP,2.0,4.0,8.0,12,0.022858,25.381667,1139.681086,1158.118000,96.210500,17.321250,703.609000,0.320817,0.024228,0.036600,0.018767,0.624585,0.460792,52,2.930769,2.720000,3.550000,0.213200
93261,2017,TRNO,TERRENO REALTY CORP,2.0,4.0,8.0,12,0.020458,33.045000,1683.782817,1302.697750,111.679250,17.169000,810.504500,0.300815,0.011466,0.041220,0.020370,0.488904,0.563986,52,3.272500,3.080000,3.500000,0.105865
93261,2018,TRNO,TERRENO REALTY CORP,2.0,4.0,8.0,12,0.003450,36.748333,2091.159875,1598.644000,135.619500,54.125500,1049.873000,0.296147,0.031985,0.042996,0.038369,0.503077,0.542365,52,4.000192,3.380000,4.360000,0.207860
93261,2019,TRNO,TERRENO REALTY CORP,2.0,4.0,8.0,12,0.039592,48.455000,3116.619283,1838.879000,157.526750,60.553000,1296.045000,0.249983,0.029613,0.043345,0.051118,0.420919,0.627814,52,3.391731,3.000000,3.990000,0.299344
93261,2020,TRNO,TERRENO REALTY CORP,2.0,4.0,8.0,12,0.010183,55.868333,3792.056442,2093.882500,176.096000,61.297000,1538.749250,0.221410,0.046195,0.045000,0.042479,0.406735,0.461969,53,2.604906,2.170000,3.160000,0.277853
93261,2021,TRNO,TERRENO REALTY CORP,2.0,4.0,8.0,12,0.035483,66.335000,4684.458158,2175.547000,191.454500,78.491000,1627.053000,0.208925,0.039090,0.048760,0.044555,0.353492,0.319156,52,2.271923,2.100000,2.450000,0.093934
93261,2022,TRNO,TERRENO REALTY CORP,2.0,4.0,8.0,12,-0.027258,63.006667,4759.733133,2836.235250,229.392250,104.183750,1998.075250,0.245207,0.035193,0.046377,0.045667,0.427606,0.423848,52,4.583846,2.430000,6.380000,1.112739
93261,2023,TRNO,TERRENO REALTY CORP,2.0,4.0,8.0,12,0.012308,60.362500,4997.515667,3372.234000,283.107750,178.998500,2407.520000,0.231799,0.008183,0.045056,0.069467,0.483527,0.520352,52,6.111731,5.140000,7.030000,0.497037
93315,2010,EXL,EXCEL TRUST INC,2.0,9.0,17.0,9,-0.005237,11.780000,184.348451,116.692000,5.213667,-0.344000,70.019333,0.507677,0.133964,0.123526,,0.381790,,52,4.095577,3.570000,4.520000,0.275385
93315,2011,EXL,EXCEL TRUST INC,2.0,9.0,17.0,12,0.005842,11.432500,276.710323,465.529000,22.085000,-4.636500,223.983750,0.387117,0.129661,0.044956,-0.020580,0.838762,0.533186,52,3.684231,3.210000,4.290000,0.348027
93315,2012,EXL,EXCEL TRUST INC,2.0,9.0,17.0,12,0.010017,12.056667,431.884042,742.686750,59.699500,-3.560250,331.779750,0.352416,0.029645,0.029825,-0.007748,0.781810,0.501287,52,2.934423,2.630000,3.300000,0.206059
93315,2013,EXL,EXCEL TRUST INC,2.0,9.0,17.0,12,-0.002092,12.672500,599.031960,1026.833750,88.547250,2.155250,438.803750,0.369657,0.015269,0.039565,0.002965,0.736719,0.462738,52,3.100769,2.560000,3.600000,0.354538
93315,2014,EXL,EXCEL TRUST INC,2.0,9.0,17.0,12,0.019317,12.744167,709.773774,1257.034000,114.215500,7.192500,511.753750,0.423406,0.048729,0.044465,0.025472,0.728994,0.502753,53,3.286038,3.080000,3.560000,0.110058
93315,2015,EXL,EXCEL TRUST INC,2.0,9.0,17.0,7,0.028857,15.015714,945.716777,1538.795714,129.712714,10.705143,596.488000,0.458246,0.016769,0.039673,0.033291,0.635406,0.486487,52,3.087500,2.920000,3.250000,0.101109
93419,2010,HPP,HUDSON PACIFIC PROPERTIES INC,2.0,4.0,13.0,7,-0.020283,16.121429,355.322977,487.088143,43.424143,-1.184429,302.293714,0.289784,0.072525,-0.000229,,0.861680,,52,4.095577,3.570000,4.520000,0.275385
93419,2011,HPP,HUDSON PACIFIC PROPERTIES INC,2.0,4.0,13.0,12,0.001092,14.346667,438.560303,916.028500,75.578500,-4.589500,457.937250,0.272365,0.065257,0.011080,-0.007959,1.067943,,52,3.684231,3.210000,4.290000,0.348027
93419,2012,HPP,HUDSON PACIFIC PROPERTIES INC,2.0,4.0,13.0,12,0.036675,17.372500,749.077295,1179.454500,140.668250,-10.777500,582.777500,0.300003,0.040099,0.029004,-0.014383,0.812599,0.661803,52,2.934423,2.630000,3.300000,0.206059
93419,2013,HPP,HUDSON PACIFIC PROPERTIES INC,2.0,4.0,13.0,12,0.006133,21.319167,1189.700125,1605.249250,167.897000,-15.913000,785.477000,0.325731,0.050633,0.028818,-0.022081,0.663762,0.600499,52,3.100769,2.560000,3.600000,0.354538
93419,2014,HPP,HUDSON PACIFIC PROPERTIES INC,2.0,4.0,13.0,12,0.029558,25.233333,1686.922558,2171.185500,210.212750,-8.267250,951.425750,0.403921,0.022040,0.020837,-0.020001,0.564903,0.609589,53,3.286038,3.080000,3.560000,0.110058
93419,2015,HPP,HUDSON PACIFIC PROPERTIES INC,2.0,4.0,13.0,12,-0.002425,29.988333,2601.806900,3443.276750,276.670500,12.731000,1301.811250,0.351548,0.038935,0.022706,-0.001284,0.501808,0.614894,52,3.087500,2.920000,3.250000,0.101109
93419,2016,HPP,HUDSON PACIFIC PROPERTIES INC,2.0,4.0,13.0,12,0.022158,30.815833,3420.470517,6206.146500,545.477000,-12.399250,1732.290000,0.353103,0.022874,0.029302,0.000595,0.537177,0.769945,52,2.930769,2.720000,3.550000,0.213200
93419,2017,HPP,HUDSON PACIFIC PROPERTIES INC,2.0,4.0,13.0,12,0.001758,34.240833,5278.246558,6652.037000,650.665750,32.125000,3254.452000,0.378964,0.016713,0.036733,0.002741,0.617315,0.665485,52,3.272500,3.080000,3.500000,0.105865
93419,2018,HPP,HUDSON PACIFIC PROPERTIES INC,2.0,4.0,13.0,12,-0.010175,32.567500,5100.582017,6634.156250,724.297250,83.227500,3647.025250,0.356051,0.013354,0.040512,0.014756,0.717439,0.735554,52,4.000192,3.380000,4.360000,0.207860
93419,2019,HPP,HUDSON PACIFIC PROPERTIES INC,2.0,4.0,13.0,12,0.025258,34.481667,5334.612142,7169.005750,745.285500,57.335250,3511.949250,0.410340,0.009050,0.033634,0.024113,0.659799,0.745621,52,3.391731,3.000000,3.990000,0.299344
93419,2020,HPP,HUDSON PACIFIC PROPERTIES INC,2.0,4.0,13.0,12,-0.025842,25.512500,3916.550042,7586.628000,823.723750,67.400500,3373.504500,0.449383,0.019220,0.036463,0.019024,0.883062,0.772715,53,2.604906,2.170000,3.160000,0.277853
93419,2021,HPP,HUDSON PACIFIC PROPERTIES INC,2.0,4.0,13.0,12,0.006417,26.315833,3990.195917,8280.422500,823.904000,3.722000,3384.698500,0.460925,0.030833,0.038289,0.005534,0.850384,0.835598,52,2.271923,2.100000,2.450000,0.093934
93419,2022,HPP,HUDSON PACIFIC PROPERTIES INC,2.0,4.0,13.0,12,-0.062975,17.278333,2528.599783,8962.308000,923.392000,-6.059250,3186.972250,0.494221,0.029631,0.035781,0.001831,1.434032,0.883356,52,4.583846,2.430000,6.380000,1.112739
93419,2023,HPP,HUDSON PACIFIC PROPERTIES INC,2.0,4.0,13.0,12,0.036283,6.724167,947.850497,9217.369750,1035.141250,-38.055000,2854.971250,0.536972,0.021659,0.038645,-0.005878,3.282888,1.100461,52,6.111731,5.140000,7.030000,0.497037
